Name_ENG;Name_AR;CR;Category;Website;Instagram;Twitter;Email;Phone Number;Activity;Rating;Num_Ratings
SpeshBox;سبيش بوكس;;أثاث وديكور;https://speshbox.com/;https://instagram.com/speshboxstore;;Speshboxstore@gmail.com;555069413;Active;0;0
;متجر بيع عملات رقميه بيتكوين;;تسويق إلكتروني;https://t.me/xn_nw;;;Moodplm11@gmail.com;531303375;Active;0;0
;شحن شدات هاكات هكر ببجي;;تسويق إلكتروني;https://t.me/PO_jo;;;Moodplm11@gmail.com;591203743;Active;2;1
;تنسيق سهرات من المملكه العربيه;;أخرى;https://t.me/joinchat/AiTNGewGOzI2ZGEy;;;G7beh@gmail.com;590784921;Not Active;0;0
Business Hub;شركة ملتقى الأعمال الإبداعية للإستثمار;4650545298;خدمات أكاديمية;https://businesshub.com.sa/;;;info@businesshub.com.sa;508313518;Active;0;0
;بيع حسابات سناب دعم اعلانات سناب;;تسويق إلكتروني;https://t.me/NP_FP;;;Moodplm11@gmail.com;597213210;Active;0;0
Visioner Vibes;فجنر فايبز;2051236409;الحرف والصناعات اليدوية;http://visionervibes.com/;;;khalloodz1@icloud.com;508320879;Active;0;0
For sell account snap;بيع حسابات سناب دعم اعلانات;;تسويق إلكتروني;https://t.me/VR_R7;;;Moodplm11@gmail.com;590784921;Active;0;0
;بيع اعمال وادوات فنية;;الحرف والصناعات اليدوية;https://salla.sa/noufiana/;;;noufiana@gmail.com;509284374;Active;0;0
;أسعد أباحسين لخدمات القبول الدراسي في الخارج;;خدمات أكاديمية;https://twitter.com/AS3D81;;https://twitter.com/AS3D81;tuwaigsa@gmail.com;506812470;Active;0;0
;متجر رامي بيع حسابات بوبجي;;تسويق إلكتروني;https://t.me/TX_XW;;;ghaithhafz@gmail.com;508127030;Active;0;0
M H Store for decoration ;متجر ام اتش ;2055126943;أثاث وديكور;https://salla.sa/tanaka-sa;;;mmth.usa@gmail.com;505359055;Active;0;0
Scientific aouj;أوج العلمية;4030397419;خدمات أكاديمية;https://aoujco.com/;;;esraa.hamdan@gmail.com;567927551;Active;0;0
Atheer Alwabel for Translation and Content Writing;أثير الوابل للترجمة وكتابة المحتوى;;أخرى;Http://atheeralwabel.com;;;alwabel.atheer@gmail.com;569186844;Active;0;0
MyJooy Store;متجر ماي جوي;;إلكترونيات واكسسورات;https://myjooy.com;;;myjooy@hotmail.com;571831272;Active;0;0
Carfix;كارفكس;;السيارات;https://salla.sa/carfix1;;;M7md4dx@gmail.com;503088826;Active;0;0
shop selling products;متجر لبيع المنتجات ;;تسويق إلكتروني;https://ain.com;;;ain.astore2021@gmail.com;557452635;Active;0;0
DisneyRA;متجر ديزني نيفر لاند;;أخرى;https://salla.sa/disney_ra;https://instagram.com/disney_ra;;disney_ra@outlook.sa;593260304;Active;0;0
LuxCups;اكواب الفخامة;;الحرف والصناعات اليدوية;https://lux-cups.com/;https://instagram.com/luxcups_;;luxcups1@gmail.com;558743446;Active;0;0
luxulry;التجارة الالكترونية والمبيعات ;;إلكترونيات واكسسورات;https://salla.sa/www.cladii.com;;;cawd.2030@gmail.com;509905412;Active;0;0
Rodi beauty;رودي شوب;;أخرى;https://salla.sa/rodi7;;;P3mxxx@gmail.com;592491257;Active;0;0
Farir;فرير;;تسويق إلكتروني;https://maroof.sa/addbusiness/AddBusinessWizar;;;abomurad2020@hotmail.com;545022144;Active;0;0
Unique101 boutique;متجر يونيك101;;تسويق إلكتروني;https://unique-101.com;;;S4lo7@hotmail.com;502772911;Active;0;0
shooping store;شوبينق ستور;;أخرى;https://joud-es.com;;;joud-es@hotmail.com;549930575;Active;0;0
Omar Mohammed AlAttas Factory;مصنع عمر محمد العطاس;4030142125;تسويق إلكتروني;https://www.alattasouq.sa;;;aldiafahome@windowslive.com;552422808;Active;0;0
Magical Pens Agency;وكالة الأقلام الساحرة;1010336826;أثاث وديكور;https://magical-pens.com/;;;magicalpens11@gmail.com;558889030;Active;0;0
Boraq Telecom;براق للاتصالات;1131170272;أخرى;https://boraq.sa/;;;store@boraq.sa;530333218;Active;0;0
P9mh;بصمة ستور اجهزة;;إلكترونيات واكسسورات;https://salla.sa/store_b9mh/;;;P9mh13@gmail.com;549491646;Active;0;0
Pure Land Store;متجر بيور لاند;;الحرف والصناعات اليدوية;https://purelandstore.com/;https://www.instagram.com/pureland.store/;;purelandstore1@gmail.com;539127175;Active;0;0
ALFAHDI STOREE;متجر االفهدي;;تسويق إلكتروني;https://t.me/ALFHDi_STORE;;;afahdi@hotmail.com;580633476;Active;9.1;17
Lightings Store;متجر إضاءات;4030422672;أثاث وديكور;https://lightingsstore.com;https://instagram.com/lightings_store;;lightingsstore@gmail.com;544559736;Active;0;0
cake maker shop;متجر صانعة الكيك ;;مطبخ و مخبوزات;https://salla.sa/sanaahkik/;https://instagram.com/s_cake3;;soofia556@gmail.com;541059389;Active;0;0
Once upon a child ;ذات طفل ;;أخرى;https://salla.sa/once.child;;;lamaalkharashi@gmail.com;505546218;Active;0;0
Power system 0;مؤسسة نظام القوة للالات والمعدات ;2050144583;أخرى;http://www.powersystem.sa/;;;bader_alroqi0@hotmail.com;538800337;Active;0;0
Remote electronic solutions for owners of institut;حلول اكترونية عن بعد لاصحاب المؤسسات والشركات;;حلول إلكترونية;https://maroof.sa;;;aad1413@hotmail.com;552844700;Active;0;0
;متجر تيفان السعودية;;تسويق إلكتروني;https://tevanstore.com/;;;tevanstoree@gmail.com;553810460;Active;0;0
Fakhera;فاخرة;;أثاث وديكور;https://salla.sa/fakherah/;;;Info.fakherah@gmail.com;592946069;Active;0;0
viestore;متجرالحياه;2031105939;إلكترونيات واكسسورات;https://www.viestoreksa.com;;;viestore.sa@gmail.com;536325581;Active;0;0
JaydaaCS;جييداء للعبايات;4031251435;مستلزمات المرأة;http://jaydaacs.com/;;https://twitter.com/jaydaacs_;Najwa1999.kk@gmail.com;501863795;Active;0;0
AB  I Store;متجر أي بي;;أخرى;https://abstore0.com/;https://instagram.com/403_;;403done@gmail.com;560673910;Active;10;1
LW LUXURY ;ليكسري;;أخرى;https://mapp.sa/parisshopping;;;natqalmuhaya@gmail.com;533570018;Active;0;0
Almazrui Dates;تمور المزروعي;4030182032;أخرى;https://almazruidates.com/;https://instagram.com/almazruidates;https://twitter.com/almazruidates;Almazruidates@gmail.com;553606069;Active;0;0
;سيررة ;;تصميم وطباعة;https://salla.sa/seiraa;;;seiiraa.sa@gmail.com;538850959;Active;0;0
Karam antiqa ;كرم انتيكا;;الحرف والصناعات اليدوية;https://salla.sa/karamantiqaantiqa;https://instagram.com/karamela70art;;kareemaali7056@gmail.com;502244898;Active;0;0
M7JStore;متجر ام سفن جي ;;أخرى;https://m7jstore.com/;https://instagram.com/m7jstore;https://twitter.com/M7JStore;mjeedmo182ja@gmail.com;581417203;Active;0;0
;فردوسي للعسل الملكي الفاخر;;تسويق إلكتروني;https://www.frdosi.com;;;nasseralashoor@gmail.com;566683395;Active;0;0
Gzl Store;متجر جزل;;أخرى;Https://Gzlstore.com;https://instagram.com/gzl.ar;;777.gamer7@gmail.com;501520594;Active;0;0
raownq;رونق للاضائة;;الحرف والصناعات اليدوية;https://salla.sa/raownq/;;;raownq@outlook.sa;595326280;Active;0;0
coffeemakersa;صانع القهوه;;أخرى;https://salla.sa/coffemakersa;https://instagram.com/coffee.maker.sa;;coffee.maker.sa@gmail.com;560281044;Active;0;0
Cosma care;كوزما كير;1010175709;كوافيرة و تجميل;Http://cosmacare.sa;https://instagram.com/cosma_care;https://twitter.com/cosma_care;Cosma_care@alkahwaji.sa;549030505;Active;0;0
easy travel;متجر السفر المريح;;أخرى;https://salla.sa/easy-travel;;;khaled3067@hotmail.com;531886677;Active;0;0
alnafl;النفل;;أخرى;https://alnafl.com/;https://instagram.com/alnafl_shop;https://twitter.com/ALNAFL_shop;info@alnafl.com;505716971;Active;0;0
AROA STORE;أروى ستور;;تصميم وطباعة;https://salla.sa/aroastore/;https://instagram.com/aroa_store;;aroaspace@gmail.com;561895872;Active;0;0
reecoffee;ري كوفي;;أخرى;https://zid.store/reecoffee/;https://instagram.com/ree__coffee;https://twitter.com/ree__coffee;ssffddvv@hotmail.com;555555555;Active;0;0
store alshaadhilia;متجر الشاذلية;;تسويق إلكتروني;https://salla.sa/alshaadhlih;https://instagram.com/alshaadhlih;https://twitter.com/alshaadhlih;alshaadhlih@hotmail.com;599690780;Active;0;0
;متجر فيف جي للاتصالات;4030353560;إلكترونيات واكسسورات;https://salla.sa/5g__store/;;;storeal.5gg@gmail.com;560592038;Active;0;0
little bird ;الطيور الصغيرة ;;أخرى;https://salla.sa/little_bird/;;;sara15akhder@gmail.com;507091331;Active;0;0
MAMA Solutions;ماما سلوشنز;;مستلزمات المرأة;https://mime-sa.myshopify.com/;https://instagram.com/mamasolutions.sa;;MamaSolutions@hotmail.com;500966091;Active;0;0
coach bushra;كوتش بشرى;;أخرى;https://coachbushraa.com/;https://instagram.com/coach_bushraa;;bushra20149@gmail.com;565441464;Active;0;0
;شـدات1;;أخرى;https://www.snapchat.com/add/cv28r;;;raid231@gmail.com;590043002;Active;0;0
David Kasab;ديفيد كساب;4032232402;تسويق إلكتروني;https://davidkasab.com/;https://instagram.com/davidkasab.sa;https://twitter.com/DavidKasab;info@davidkasab.com;565517817;Active;0;0
Baby fun;مرح الطفل;;الحرف والصناعات اليدوية;https://salla.sa/baby.fun;;;Amjadfahad928@gmail.com;503546750;Active;0;0
YARA JEWELLERY;يارا للمجوهرات;;مستلزمات المرأة;https://yarajewellery.com/;;;miss.yaya.111@gmail.com;557953891;Active;0;0
Ryu Store;متجر ريو;2050146980;أخرى;https://ryustore-sa.com/;;;fujisan.ksa@gmail.com;596613169;Active;0;0
Ammar Shoping;متجر عمار لبيع حسابات ببجي مبايل;;تسويق إلكتروني;https://t.me/kk3bot;;;am822ar@gmail.com;501616092;Active;2;3
Agd Ejar;مؤسسة عقد ايجار العقارية;4030422599;العقارات;https://agdejar.sa;;;info@agdejar.sa;564554552;Active;0;0
5stsrsoutlet;متجر خمسة نجوم;4031196840;تسويق إلكتروني;http://www.5starsoutlet.com;;;aloo0ool-2010@hotmail.com;551016613;Active;0;0
Shopping Around you;تغطيات وتسوق لكل ماحولك ;;تسويق إلكتروني;https://salla.sa/fastshose/;;;Malakaltamimi555@gmail.com;555060625;Active;0;0
fathkroni;فاذكروني;;أخرى;https://salla.sa/fathkroni_fw;;;jodealzhrani@gmail.com;557734883;Active;0;0
Smart Base for web solutions ;مؤسسة القاعدة الذكية  لحلول الويب ونظم المعلومات;4031227903;حلول إلكترونية;https://www.smartbase.sa;;;sb@smartbase.sa;590801412;Active;0;0
G3 STORE;متجر جي ثري;;تسويق إلكتروني;https://g3storee.com;;;g3storee@gmail.com;505598664;Active;0;0
khawd;متجر خود للشنط;;مستلزمات المرأة;https://rkohsp5088.expandcart.com/;;;badr0946@gmail.com;594241398;Active;0;0
Fashon Coordinate;تنسيق الأزياء ;2051224910;أخرى;https://maroof.sa/205338;;;Fashon.c.2030@gmail.com;551208834;Active;0;0
Saudi  Store;متجر  سعودي ;;حلول إلكترونية;https://salla.sa/saudi966.com;;;samisami582@gamil.com;538869446;Active;0;0
Tiendasaudi;تيندا السعودية;;إلكترونيات واكسسورات;https://www.tiendasaudi.com/;;;contact@tiendasaudi.com;563616396;Active;0;0
Riva Store;متجر ريفا;;إلكترونيات واكسسورات;https://salla.sa/rivastore;;;exp.ccnp@gmail.com;530003184;Active;0;0
Solaf alteeb;سلاف الطيب;;أخرى;https://solafalteeb.com/;;;Solafstore@gmail.com;542571499;Active;0;0
Three Colors Store;مؤسسة ثلاثة ألوان للتجارة;1010725008;مستلزمات المرأة;https://salla.sa/3colors/;https://instagram.com/store_3colors;https://twitter.com/store_3colors;3colorsstore@gmail.com;562789000;Active;0;0
Etqan L;إتقان اللغات;;خدمات أكاديمية;Https://salla.sa/etqan-course;;;Engl.tt101@gmail.com;503506012;Active;0;0
Real Estate Serves;أفكار العالمية للخدمات العقارية;4030328711;العقارات;http://girese.org;;;g.ideas@hotmail.com;508010977;Active;0;0
Floo5;فلو فايف ;4031243391;تسويق إلكتروني;https://50o0o.com/;;;n_3ter@hotmail.com;500010296;Active;0;0
Perfume and beauty;بيرفيوم أند بيوتي;;مستلزمات المرأة;https://beautyperfumee.com/;;;talal.abbas@outlook.com;502976804;Active;0;0
Asheil;اشعل;;أخرى;https://salla.sa/asheil;https://instagram.com/zi.34h;;alhumaid9984@gmail.com;565264297;Active;0;0
;  شعار لمنتج;;تصميم وطباعة;https://salla.sa/g.mservices;;;emoo665@hotmail.com;559185665;Active;0;0
AMStore;متجر اي ام;4030363782;إلكترونيات واكسسورات;http://www.am-store.net;;;speedaccess.sa@gmail.com;536898824;Active;0;0
Big Deal;الصفقة الكبرى;;تسويق إلكتروني;https://mapp.sa/bigdeal;;;Kh920k@gmail.com;599922550;Active;0;0
L'PATTO Fragrances;عطور إلباتو ;;أخرى;https://lpatto.com;;;lpattoperfumes@gmail.com;500048452;Active;0;0
store Ryu;ريو متجر;;أخرى;https://zid.store/reu;;;fujisan.ksa@gmail.com;596613169;Not Active;0;0
NEOM STORE;متجر نيوم الالكتروني;;إلكترونيات واكسسورات;https://neom-store.com/;https://instagram.com/neomstore_;;mubarkalotaibi@gmail.com;578627813;Active;0;0
Rwaan store;متجر روان لبيع حسابات ببجي;;تسويق إلكتروني;https://t.me/pubg_rwa;;;Rwaan.30s@gmail.com;591649157;Active;7.3;3
;عالم البذور الغريبة;;أخرى;https://www.qatfx.com;;;nasseralashoor@gmail.com;566683395;Active;10;1
ALMOHARER STORE;متجر ركن المحرر;1131314011;تصميم وطباعة;https://almoharer.store/;;;saadsamhan@hotmail.com;532510666;Active;0;0
Trimasah;ثلاثية ماسة;2051222786;أخرى;https://trimasah.com;;;info@trimasah.com;570502181;Active;0;0
Dar Emtnan Est;مؤسسة دار امتنان ;2062618536;مستلزمات المرأة;https://daremtnan.com/;https://instagram.com/dar_emtnan;;Daremtnan@gmail.com;542817123;Active;0;0
Mila Gifts  Distributions;ميلا للهدايا والتوزيعات ;;تخطيط مناسبات وحفلات;https://salla.sa/mila.gifts;;;abdullahhm88@hotmail.com;548226228;Active;0;0
Crow shop;متجر كرو;;حلول إلكترونية;https://salla.sa/e.1;;;e.netlix1@gmail.com;560381813;Active;0;0
THAMEEN JEWELERY;مجوهرات ثمين;1010722191;أخرى;https://thameenjew.com;;;Thameenjw@gmail.com;593654684;Active;0;0
VAPECLOUD;غيم فيب;;أخرى;https://zid.store/jedvape;;;uwais6827@hotmail.com;563293943;Active;0;0
wow new;متجر واو نيو;4032247674;تسويق إلكتروني;https://www.wow-new.com;;;sales@wow-new.com;595989494;Active;0;0
BTAQAT UC 1;متجر شدات الببجي ;;تسويق إلكتروني;https://btaqatuc.com/;;https://twitter.com/btaqatuc;m16a700@gmail.com;501887281;Active;0;0
Altarf6789;متجر الترف الكتروني  ;;تسويق إلكتروني;http://al-tarf.com/;;;Mnbvmm888888@gmail.com;550177949;Active;0;0
;خدماتك في بيتك;;حلول إلكترونية;https://xqcevi7295.expandcart.com/;;;aly280005@gmail.com;552589511;Active;9;1
Nilufer7store ;نيلوفر7;;تسويق إلكتروني;https://salla.sa/nilufer.7/;https://instagram.com/nilufer7store;;Nilufer7.store@gmail.com;542898126;Active;0;0
ICE CREEM LONDON;ايسكريم لندن;;تخطيط مناسبات وحفلات;https://iwtsp.com/966536739151;https://instagram.com/yummy1010_;;dohaim00@gmail.com;536739151;Active;0;0
7mile;الميل السابع    ;;أخرى;https://7milefashion.com;;;Sa.7mile@hotmile.com;503933644;Active;0;0
;متجر القوز للرحلات;;أخرى;https://alqoz.com;https://instagram.com/alquooz;;alquoooz@gmail.com;565820276;Active;0;0
;مطاعم ركن الشواية المقمرة ;4031252049;مطبخ و مخبوزات;https://maroof.sa/205266;;;mhana199991@hotmail.com;567199991;Active;0;0
;متجر الذوق الفخم;;أخرى;https://www.aldoqalfkhm.com;;;aldoq_alfkhm@hotmail.com;580404561;Active;0;0
jumia store for pubg mobile game;جوميا ستور المتخصصة في لعبة ببجي موبايل;;أخرى;https://t.me/jumiastore21;;;alsultanforex@gmail.com;551392179;Active;0;0
Sokari Alothman;سكري العثمان;1010478904;أخرى;https://salla.sa/tomranalothman/;https://instagram.com/tomranalothman;https://twitter.com/TomranAlothman;tomranalothman@gmail.com;500004226;Active;0;0
Fashi0npoint;متجر فاشن بوينت ;2053112469;مستلزمات المرأة;https://fashi0npoint.com/;https://instagram.com/fashi0npoint2;;Ibrahim_h_kh@hotmail.com;542215750;Not Active;0;0
 ASBAR STORE;متجر اسبار;;كوافيرة و تجميل;https://asbar-store.com/;;;asbar.st@gmail.com;561106655;Active;0;0
Swarz;سوارز;;الحرف والصناعات اليدوية;https://salla.sa/swarz;;;swarz1store@gmail.com;543958954;Active;0;0
DAN word of beauty;دان عالم الجمال ;1010640027;تسويق إلكتروني;https://dan4.shop;;;asdaf987654@gmail.com;503447765;Active;0;0
Purpela;بوربيلا;;مستلزمات المرأة;https://salla.sa/purpelaglove;;;Purpelag@gmail.com;500000000;Active;0;0
bandar majjad mota'ad almutairi;بندر بن مجاد معتاد المطيري;;تسويق إلكتروني;https://bahr.910ths.sa/freelancers/akwas-bandar;;;rt0sh2030@gmail.com;503768665;Active;0;0
Gwaaher Store best;متجر جواهر اعلانات و بيع حسابات البيجي;;تسويق إلكتروني;https://t.me/joinchat/KZsyHcYPmU1kNGQy;;;Gwaaher.store@gmail.com;590085896;Active;6.8;5
Klkthoq ;كلك  ذوق;;تصميم وطباعة;https://salla.sa/klkthoq/;;;intidab@hotmail.com;548170119;Active;0;0
Atheer store ;متجر اثير ;;تسويق إلكتروني;https://t.me/Atheerstore91;;;ellfend19@gmail.com;549191997;Active;0;0
newstoresa;متجر  نيو السعودي;4030422319;أخرى;https://anew-store.com;https://instagram.com/new_store_sa;https://twitter.com/new_store_sa;info@new-store.com;542392329;Active;0;0
Technical uniform;تقني للزي المهني;4030412181;أخرى;https://salla.sa/technical_uniform;https://instagram.com/technical_uniform;;Hemaah1406@gmail.com;507892271;Active;0;0
Cyber Pc;سايبر بي سي;;إلكترونيات واكسسورات;https://cyberpc1.com/;https://instagram.com/cyber_pc1;;cyber.pcsg1@gmail.com;557202782;Active;0;0
Aubin;مؤسسة أوبين التجارية;1131308846;تسويق إلكتروني;https://aubinsa.com/;;;aubinsa0q@gmail.com;559531856;Active;0;0
M2rya;منصة ماريا;4031252039;كوافيرة و تجميل;https://www.m2rya.com;;https://twitter.com/mnst_m2rya;Mnst.m2rya@gmail.com;546671520;Active;0;0
ALraid ALmutamayiz lileqarat;متجر الرائد المتميز للعقارات الإلكتروني;4032242095;العقارات;https://raidaleaqarat.business.site/?whatsapp;https://instagram.com/raidalaqarat;;raidalotibe@gmail.com;547337070;Not Active;0;0
lyreness;متجر ليورنيس;;تسويق إلكتروني;https://lyreness.com/;https://instagram.com/ly_reness;;lyreness@gmail.com;570035112;Active;0;0
First Store1 ;فرست ستور;;تسويق إلكتروني;https://t.me/pubg_first1;;;heyamal25@gmail.com;593631451;Active;10;5
Bploo Store ;ببلو ستور;4030405964;حلول إلكترونية;https://salla.sa/www.bploo.com;;;Info@bploo.com;504207144;Active;0;0
mughry;مغري;;أخرى;http://mughry.com;;;mughry@yahoo.com;591971621;Active;0;0
mohanad nasser;مهند ناصر;;حلول إلكترونية;https://mohanadnasserjz.com/;;;mnjsz43@gmail.com;557349250;Active;0;0
Store Rashed;متجر رآشد بن نوآف;;تسويق إلكتروني;https://t.me/innnnn;;;Ahmdjamra77@gmail.com;501173709;Not Active;2;3
Dubai Store;متجر دبي ;;تسويق إلكتروني;https://t.me/UAE_yy;;;abood_5600@icloud.com;549191997;Active;10;1
Stock and Sale Manager;مدير المخزون والمبيعات;;حلول إلكترونية;https://ssm.qozsoft.com/;;https://twitter.com/ssm_app1;ssm@qozsoft.com;506561974;Active;0;0
afkar alyom trading est;مؤسسة افكار اليوم التجارية;4030327052;أخرى;https://souqafkar.com;;;info@souqafkar.com;560016063;Active;0;0
The North Star;نجم الشمال;1010655852;أخرى;https://www.the-northstar.co;;;hello@the-northstar.co;502927691;Active;0;0
LOTAZ STORE;لوتازستور;;الحرف والصناعات اليدوية;https://lareen3d.com/;https://instagram.com/lotaz.store;;Lotaz.store@gmail.com;533501227;Active;0;0
Charmella;تشارميلا;;مستلزمات المرأة;https://charmellasa.com/;https://instagram.com/faisalwarehouse;;charmellasa@gmail.com;509623025;Active;0;0
Rekin;ريكن;;أثاث وديكور;https://salla.sa/rekin;;;RekinStore@gmail.com;552539105;Active;0;0
fatimahealiallaami;فاطمه علي اللامي;;تسويق إلكتروني;https://maroof.sa/addbusiness/AddBusinessWizard;;;Fatmaham614@gmail.com;504190765;Active;0;0
Mulfet Store;متجر ملفت;1010690979;إلكترونيات واكسسورات;https://mulfet.com/;https://instagram.com/mulfet_sa;;info@mulfet.com;590643922;Active;9.1;9
Gogii Food;قوقي فود;;أخرى;https://salla.sa/gogii_food/;https://instagram.com/gogiifood.sa;;Gogiifood@gmail.com;591300895;Active;0;0
Paume;بوم;;أخرى;https://salla.sa/paume.sa;;;Paume.braand@gmail.com;545311959;Active;0;0
careofhair;كير أوف هير ;;تسويق إلكتروني;https://chchksa.com/;;;c.service@agostonoble.com;502711142;Active;0;0
SoftTouch;مؤسسة توب تاون;4030373611;أثاث وديكور;https://www.toptown.com.sa/;;;toptown83@gmail.com;551313146;Active;0;0
Waleed alotaibi;وليد العتيبي ;;تسويق إلكتروني;https://t.me/pubg_lords;;;ootwaleed@gmail.com;531336116;Active;10;3
crochet  knitwear;كروشيه وتريكو;;الحرف والصناعات اليدوية;https://salla.sa/um-gomr/QdNzZR;https://www.instagram.com/p/CPYShGVH1jg/?utm_medium=copy_link;;ebtsam0101@gmail.com;564551164;Active;0;0
Be Thrilling ;بي ثيرلنغ;;مستلزمات المرأة;https://bethrilling.com/;;;Bethrillingstore@gmail.com;555995834;Active;0;0
Qarmsheyat Umm Yazan;قرمشيات أم يزن;4031219043;أخرى;https://nosa200961.com;;;garmsiat@gmail.com;506839502;Active;0;0
;مؤسسة المحدث للنشر والتوزيع;1010453907;تسويق إلكتروني;https://almohadith.com/;;;almohadth5@gmail.com;561354333;Active;0;0
MooM store ;مووم ستور;;أخرى;https://t.me/m14_24;;;mawq70@gmail.com;502608526;Active;0;0
Coral shop;كورل;;أخرى;https://salla.sa/coralshop;https://instagram.com/coralshop2021_;;Coralshop.2021@gmail.com;533282234;Active;0;0
Groze Store;متجر كروزا ;;أخرى;https://t.me/i9pi9;;;jaash75@gmail.com;509375368;Active;10;3
Abeer ST;متجر عبير اعلانات وبيع حسابات ببجي موبايل;;تسويق إلكتروني;https://t.me/joinchat/7AW4l_6cLks5OTNh;;;Abeerst33@gmail.com;571641634;Active;10;2
PUBG REM STORE;ستور ريم بيع حسابات وشحن شدات ببجي;;تسويق إلكتروني;https://t.me/rem_60;;;Rempubg@gmail.com;590085896;Active;6.8;5
 Gwaaher  store; جواهر ستور لبيع حسابات الببجي;;تسويق إلكتروني;https://t.me/joinchat/KZsyHcYPmU1kNGQy;;;Gwaaher@gmail.com;590085896;Active;8;4
Faabusiness;فاء بزنس;;أخرى;https://salla.sa/faabusiness/;;https://twitter.com/Faabusiness;Faabusiness@outlook.sa;537933440;Active;0;0
Alshaheen Store;متجر الشاهين ;2063606716;تسويق إلكتروني;https://alshaheen4994.com/;;;info@alshaheen4994.com;576300408;Active;0;0
Mustaffa store;متجر مصطفى بيع حسآبآت ببجي;;تسويق إلكتروني;https://t.me/joinchat/ENp2dJegYE0yYTMy;;;smo390bn@gmail.com;501611283;Not Active;2;2
Diar application for building materials;نطبيق ديار لمواد البناء;4030397397;تسويق إلكتروني;https://www.diar.com.sa;;;sales@diar.com.sa;566814258;Active;0;0
Colazion;كوليزيون;4030422074;أخرى;https://salla.sa/colazionr/;;;colazionr@gmail.com;544632333;Active;0;0
Mawthuq Digital Marketing;موثوق للتسويق الإلكتروني;4650231452;تسويق إلكتروني;http://www.mawthug.sa;;;info@mawthuq.sa;536003374;Active;0;0
BazaratSA;بازارات;;أخرى;https://bazaratsa.com/;;;bazaaroud@gmail.com;531242858;Active;0;0
Modern Year;العام الحديث;;حلول إلكترونية;https://my.sa;;;humayyani@gmail.com;598890802;Active;0;0
Nafaa Market;نافعة ماركت;;تسويق إلكتروني;https://jvqvwl7543.expandcart.com/;;;algadeer1409@gmail.com;597379936;Active;0;0
Fine Arts;مؤسسة الفن الجميل للتجارة;1010639213;تسويق إلكتروني;https://finearts-sa.com/;;;nasserbinshahran@gmail.com;559951416;Active;0;0
Design by 1991;تصاميم ١٩٩١;;أخرى;https://salla.sa/design.by1991;;;Design.by1991@gmail.com;562718966;Active;0;0
NAZ;ناز;;تسويق إلكتروني;https://ubbqau8358.expandcart.com/;;;lailaawaji@outlook.sa;548906094;Active;0;0
Marketing Advertising and Promotion;التسويق والتراويح والدعاية والاعلان;;أخرى;https://wa.me/c/966535955415;;;anfasturki@gmail.com;535955415;Active;0;0
bakhah;بخة للعطور;;تسويق إلكتروني;https://www.bakhah.com;;;bakhahbrand@hotmail.com;500637766;Active;0;0
Lavan Perfume;متجر لافان للعطور;4030394941;أخرى;https://lavansa.net/;https://instagram.com/lavanperfumesa;https://twitter.com/Lavanperfumesa;admin@lavansa.net;501971810;Active;10;1
TagMoi;تاغ موا;5950121389;إلكترونيات واكسسورات;https://tagmoi.co/;;;admin@tagmoi.co;559157613;Active;0;0
ARB CHAMPIONS ST;عرب تشامبيونز;;أخرى;https://arb-store.com/;;;Abdulmf@icloud.com;559778666;Active;0;0
million box;مليون بوكس;4650216987;أخرى;https://million-box.com/;https://instagram.com/million_box;;info@million-box.com;541518166;Active;0;0
Zord Station;محطة زورد;;أخرى;https://salla.sa/zord/;;;zordstation@hotmail.com;500629417;Active;0;0
Heba Abed Studio ;ستوديو هبة عابد;;تسويق إلكتروني;https://www.hebaabed.com;https://instagram.com/hebaabed_studio;;Heba.abdulaziz.a@gmail.com;504256025;Active;0;0
Snafer ice;صبعبلي السنافر;;أخرى;https://www.qalbstore.com;;;Ahmadalduhaim@gmail.com;545155199;Active;0;0
honey and health;عسل وصحه;1010950391;تسويق إلكتروني;https://maroof.sa/addbusiness/AddBusinessWizard;;;bandr.201212@icloud.com;559733571;Active;0;0
Pet Spa;بيت سبا;1010588985;أخرى;http://petspa.pet/;;;Munzer@alefah.com;561337118;Active;0;0
TanjeStore;تانجي ستور;;تسويق إلكتروني;https://tanjestore.com/;;;xmo990@hotmail.com;503662367;Active;0;0
Pubg soping;بيع حسابآت ببجي شحن شدآت;;تسويق إلكتروني;https://t.me/VF_X3;;;cdf13@gmail.com;552974265;Active;9;40
Vanilla cake;فانيلا كيك;;مطبخ و مخبوزات;https://iwtsp.com/966547323761;https://instagram.com/vanillla_cake01;;Mohalaithan555@gmail.com;569693339;Active;0;0
Abrella story;ابريلا ستوري;;تسويق إلكتروني;https://t.me/AbreStor;;https://twitter.com/ii8iie;ABRE3LA@hotmail.com;553569324;Active;10;8
Spubg accounts sale store;متجر لبيع حسابات بوبجي;;أخرى;https://t.me/joinchat/CrdQ2wOYtTw2NDQx;;;iii9900iii0000@gmail.com;591169305;Active;10;8
Ksks;نينيهي;;أخرى;https://t.me/the_;;;theco@gmail.com;571106935;Active;10;8
laweda;لاويدا;;الحرف والصناعات اليدوية;https://salla.sa/lawedastore;;;laweda.store@gmail.com;539298975;Active;0;0
 7bsstore;حبس ستور;;تسويق إلكتروني;https://7bsstore.com;https://instagram.com/7bsstore;;7bsstore@gmail.com;564340212;Active;0;0
;خدمة الطالب الإلكترونية;2050141633;خدمات أكاديمية;https://maroof.sa/;;;driver.ruh@gmail.com;501286202;Active;0;0
cyberworkshop;ورشة سايبر;;إلكترونيات واكسسورات;https://cyberworkshopsa.com/;https://instagram.com/cyber.workshop;https://twitter.com/cyber__workshop;cyber.workshop@hotmail.com;570572711;Active;0;0
talweenbox;علبة تلوين;4030421486;أخرى;https://salla.sa/talweenbox;https://instagram.com/talweenbox;https://twitter.com/talweenbox;talweenbox@hotmail.com;509818981;Active;0;0
Alwasan for Gentle Sleep Coaching;مكتب الوسن للاستشارات لنوم الاطفال;1010469167;أخرى;https://al-wasan.com/;https://instagram.com/alwasansa11;;alwasan.sa@gmail.com;554550510;Active;0;0
Poca;بوكا ستور;;أخرى;https://itspoca.com;https://instagram.com/poca.sa;https://twitter.com/itspocasa;itspocainfo@gmail.com;564346871;Active;0;0
Fame Makers;صناع الشهرة ;;حلول إلكترونية;https://famemakers7.com/;https://instagram.com/famemakers7;https://twitter.com/FameMakers7;FameMakers.Store@gmail.com;504674676;Active;0;0
PTRCLINIC;بي تي ار كلينيك علاج طبيعي ;4031250861;أخرى;https://www.ptrclinic.com;;;ptrclinics@gmail.com;568077982;Active;0;0
Royall store;متجر رويال لشحن الألعاب;;تسويق إلكتروني;https://t.me/LEX_KSA11;;;Rootstea23@gmail.com;550355250;Active;0;0
gnasecond ;جنى ثانية;;مستلزمات المرأة;https://gnasecond.com/;;;Zajl1397@hotmail.com;533721894;Active;0;0
She with care;شي ويت كير;4032250818;مستلزمات المرأة;https://www.shewithcare.com;https://instagram.com/shewithcare;;admin@shewithcare.com;503804340;Active;0;0
DENINE;محمصة دي ناين;;أخرى;https://deniine.com/;;;denineroastery@gmail.com;596661678;Active;0;0
Atheer electronic services;الأثير للخدمات الألكترونية;;حلول إلكترونية;https://wa.me/message/BCSLKKKCK7K6F1;;https://twitter.com/alathir033?s=08;alathir033@gmail.com;503004719;Active;0;0
;مطعم لؤلؤة حورية لتقديم الوجبات ;1010727457;أخرى;https://www.snapchat.com/add/hwry_lbhr93;;;haio0ooni@hotmail.com;565782779;Active;0;0
pubg mobile recharge accounts store;يبي;;أخرى;https://t.me/VF_;;;cdf13@gmail.com;552974265;Active;9.3;22
naif services;نايف للخدمات;4031251857;حلول إلكترونية;https://salla.sa/naif_services;https://www.instagram.com/naif_services/;https://twitter.com/naif_services;nayywf@gmail.com;505501381;Active;0;0
Project Blue Moon;مشروع القمر الأزرق;;خدمات أكاديمية;https://projectbluemoon.com/;https://instagram.com/projectbluemoo;;contact@projectbluemoon.com;534689027;Active;0;0
Redha Alayesh;رضا العايش;;حلول إلكترونية;https://redhaalayesh.com/;https://instagram.com/redha.alayesh;;redha.alayesh@gmail.com;534689027;Active;0;0
Habebah Mansoor Alqarni;حبيبة منصور القرني;;مستلزمات المرأة;https://salla.sa/habebah2021;;;aasaeed1441m@gmail.com;566590000;Active;0;0
Taghreed mohammed Aqeeli;تغريد محمد عقيلي ;;أخرى;https://salla.sa/suju_wings/;;;Sujuwings.ar@gmail.com;533431393;Active;0;0
Huqasl;حق عسل;;أخرى;https://huqasl.com/;https://instagram.com/huqasl;https://twitter.com/huqasal;Huqasl@gmail.com;559450975;Active;0;0
Twazaft;توظفت;;أخرى;https://twazaft.com;;;twazaft@gmail.com;570814114;Active;0;0
promises;برومس للهدايا;4030232554;تخطيط مناسبات وحفلات;https://www.promises.sa;;;gift-promises@hotmail.com;566633339;Active;0;0
assance;أسانس;1131312453;تسويق إلكتروني;https://assance.com/;;;klklkkl333@gmail.com;533640228;Active;0;0
SURTALTAYIB;صرة الطيب;;أخرى;Https://sorah_alteeb.sa;;;alshhkhlf@icloud.com;538521267;Active;0;0
6ArH;طارهـ;;أخرى;https://store.6arh.net;;;store@6arh.net;545011755;Active;10;1
visual;فيجول;;تسويق إلكتروني;https://visual-sa.com;https://instagram.com/visual__sa;;visual.sa02@gmail.com;507228096;Active;0;0
Aroa Service Electronic ;اروا للخدمات الالكترونية;;حلول إلكترونية;https://mobile.twitter.com/aroasaudi;;https://mobile.twitter.com/aroasaudi;engalabdulrhman@gmail.com;559751865;Active;0;0
alphshop;متجر ألف 1000;;تسويق إلكتروني;https://salla.sa/alph_shop/;;;asmaalmrwani.nf@gmail.com;551245649;Active;0;0
Kitchen organizing  products;ادوات تنظيم المطبخ متجر مطبخي;1010601865;مطبخ و مخبوزات;https://zid.store/matba5i;;;feras.w.alsaeed@gmail.com;505274358;Active;0;0
ChwkarStor;شوقر ستور;;تسويق إلكتروني;https://t.me/ChwkaR;https://instagram.com/0n_;;prkrr74@gmail.com;556615447;Active;10;3
Flow support ;استرجاع الحسابات فلو ;;أخرى;https://t.me/lFlowsupprt;;;flow.supprt1@gmail.com;541991575;Active;0;0
Basmah zaman;بصمة زمن للديكور ;1010727550;أثاث وديكور;https://salla.sa/wasetcom;https://instagram.com/basmah_zaman;;Abn111110@gmail.com;545111110;Active;0;0
Lodan;لودان;;أخرى;https://salla.sa/lodan2021;;;Lodan2021@hotmail.com;532933462;Active;0;0
Alhabbah;الهبا;;مستلزمات المرأة;https://salla.sa/thehabah;;;Samiah-4794@hotmail.com;565080095;Active;0;0
seher aloud;سحر العود والبخور;;تسويق إلكتروني;https://salla.sa/seheraloud;https://instagram.com/seheraloud;;seher.aloud@gmail.com;554433510;Active;0;0
Coffee Pub;حانة القهوة;;تسويق إلكتروني;https://www.coffeepub.com;https://instagram.com/coffeepub.sa;;coffeepub.sa@gmail.com;545311733;Active;0;0
Zez2;متجر زيزتو;;حلول إلكترونية;https://zez2.com/;;;z@zez2.com;503079790;Active;0;0
strange things;سترينج ثنقز;;أخرى;https://salla.sa/strangethings.sa/;;;albaz.2012@me.com;555030201;Active;0;0
Candles and Nota;شموع و نوتا;2051236153;أخرى;https://candlesandnota.com/;;;info@candlesandnota.com;501515723;Active;0;0
traineesclub;نادي المدربين;1010665931;خدمات أكاديمية;https://nadiclub.com;;;dralzahrani@outlook.sa;570290008;Active;0;0
Essham Real Estate;إسهام العقارية;;العقارات;https://60e83dbcb33d1.site123.me;;;esham.1@hotmai.com;502854148;Active;0;0
start time Contracting Est ;مؤسسة بداية وقت للمقاولات;2050144804;العقارات;http://startime.info;;;start.time.jed@gmail.com;573453588;Active;0;0
products from scratch;صناعه منتجات تجميل من الصفر ;;أخرى;https://salla.sa/janan2126;;;amjanan0281@gmail.com;552744558;Active;0;0
Shoelace;شوليز;;أخرى;https://salla.sa/ShoelaceKSA;;;ShoelaceKSA@gmail.com;561250769;Active;0;0
Al Harth Real Estate Services Office;مكتب الحرث للخدمات العقارية;5911504500;العقارات;https://wa.me/message/E2FWBIIMQ64ZA1;;;alawajiawaji@gmail.com;506504222;Active;0;0
Shop Afnan;متجر افنان المكان الحلو;5850130843;تسويق إلكتروني;https://salla.sa/afnan_almkan_alhello;;;afnan0999@hotmail.com;508202527;Active;0;0
ream line;رئام لاين;;مستلزمات المرأة;https://ream-line.com/;;;ream.line@hotmail.com;541968557;Active;0;0
Jamali User;جمالي تجميل;1010672072;كوافيرة و تجميل;https://www.Almotelq.com;;;Jamali_support@almotelq.com;561180282;Active;0;0
jo candles;شموع جو;;الحرف والصناعات اليدوية;https://salla.sa/jo_candles;https://instagram.com/jo__candles;;Jo.candles0@gmail.com;536344631;Active;0;0
Hatem store;حاتم لتسوق ;;تسويق إلكتروني;https://zid.store/hatem-store;;;ksa9941@gmail.com;504511865;Active;0;0
rav0;راف فون;;إلكترونيات واكسسورات;https://rav0.com/;https://instagram.com/ks4hd;https://twitter.com/ravphon;ali1556673@gmail.com;539338429;Active;0;0
Ipa plus;ايبا بلس;;أخرى;https://ipa-plus.com/;;;alnofe-11@hotmail.com;502102759;Active;0;0
SA PLUS STORE;متجر اس اي بلس;;تسويق إلكتروني;https://www.saplus.net;;https://twitter.com/plus_ipa;njm-0511@hotmail.com;500410511;Active;0;0
Kaldi;كالدي;1010727598;أخرى;https://www.kaldi.store;https://instagram.com/kaldi.store;;contact@kaldi.group;552288989;Active;0;0
public Image;الصورة الذهنية;1010623318;تسويق إلكتروني;http://public-image.net/;;;sh.h.20099@gmail.com;596000169;Active;0;0
;متجر بيتي المخفض;3450176063;أخرى;https://salla.sa/baity-m5/;;;baitym5fth@gmail.com;555445834;Active;0;0
 Sfeer Store;متجر سفير;4030421004;تسويق إلكتروني;https://www.Sfeer.net;;;Info@sfeer.net;545004952;Active;0;0
Liorance Perfumes;ليورانس للعطور;4030387731;تسويق إلكتروني;https://liorance.com;https://instagram.com/lioranceperfumes;;lioranceperfumes@gmail.com;501129576;Active;0;0
  Coffee Om suzan;قهوة تنحيف ام سوزان ;5901719149;مستلزمات المرأة;https://api.whatsapp.com/send?phone=966558373142;https://www.instagram.com/om_sooozy123?r=nametag;;memoo123456776@gmail.com;558373142;Active;0;0
Meezhshop;ميزه شوب ;5900128917;تسويق إلكتروني;https://meezh.shop;;;ism7276@gmail.com;592441214;Active;0;0
EMANMARKTING;ايمان للتسويق ;;تسويق إلكتروني;https://eman-marketing.com/test321/;;;dxn06499@gmail.com;501873602;Active;0;0
G A Fashion;جي اند اي فاشن;;أخرى;https://ga0fashion.com/;https://instagram.com/g_a.fashion;;g.a.fashion0@gmail.com;558906684;Active;0;0
Whos the champ;تطبيق من البطل;1010724851;حلول إلكترونية;https://b6lapp.com/;https://instagram.com/b6lapp;https://twitter.com/b6lapp;b6lapp@gmail.com;592440672;Active;0;0
psamat;متجر بصمات;;تسويق إلكتروني;https://psamat.com.sa;;;pasamat.sa@gmail.com;559238857;Active;0;0
inTrust;انتراست;;إلكترونيات واكسسورات;https://iintrust.com;https://instagram.com/iintrust;;iized.vi@gmail.com;556817197;Active;0;0
Tabbilha; تبلها ;1010643708;مطبخ و مخبوزات;https://salla.sa/tabbilhaa;https://instagram.com/tabbilha;;tabbilha@gmail.com;562087804;Active;0;0
care for you;نهتم بك ;;مستلزمات المرأة;https://salla.sa/careforyou;https://instagram.com/care_for_you21;;foryou98in2019@gmail.com;581245190;Active;0;0
Sama Sweet sa;سماء سويت;;مطبخ و مخبوزات;https://salla.sa/sama.sweet.7/;https://instagram.com/samasweet.sa;;aljhmywlyd54@gmail.com;535962892;Active;0;0
LAVEN;لا فين;1011145889;أخرى;https://laven-sa.com/;https://instagram.com/laven_ksa;https://twitter.com/laven_ksa;laven.store1@gmail.com;537744771;Active;0;0
ABDULRHMAN BINZAYED SOFTWARE ENGINEERING;عبدالرحمن بن زايد لهندسة البرمجيات;;حلول إلكترونية;https://d5.stay-tec.com;;;d7@live.cl;599355259;Active;0;0
Abdullah1;عبدالله الذيابي;;تسويق إلكتروني;https://t.me/joinchat/BJn1osJNBtY3NmE0;;;Abdullah.15.51.51@gmail.com;506068277;Active;0;0
Commercial mediation solutions;حلول الوساطة التجارية;1010637918;أخرى;https://broker.sa/;;;abdullah.amazon15@gmail.com;505748728;Active;0;0
ABDULRHMAN BINZAYED information technology systems;عبدالرحمن بن زايد لنظم تقنية المعلومات;;حلول إلكترونية;https://d4.stay-tec.com;;;d7@live.cl;599355259;Active;0;0
UCFFACT;متجرر فاكت الرسمي;;تسويق إلكتروني;https://t.me/UCFACT_1;;;Almteere10@gmail.cpm;580227674;Active;10;5
T3jjb;قناة تعجب;;أخرى;https://www.t3jjb.sa;;;rnsmaher.2022@icloud.com;532632588;Active;0;0
DSD Co;النجومية الرقميه;1010617857;حلول إلكترونية;http://d-sd.co;;;info@d-sd.co;505439918;Active;0;0
;متجر بيع حسابات بيجي محمد ال فيصل;;تسويق إلكتروني;https://t.me/insta_snap;;;mnzar1745@gmail.com;550197045;Not Active;6;2
Salma Boutique;سلمى بوتيك;;مستلزمات المرأة;https://sabe0.com/;https://instagram.com/sabe.5;;sabe5_@hotmail.com;500252915;Active;0;0
KSAWHEELS;كي اس اي وييلز لقطع تعديل السيارات و الجنوط;;السيارات;https://ksawheels.wixsite.com/ksawheels;https://instagram.com/ksawheels;;ksawheels@gmail.com;548285076;Active;0;0
;مؤسسة منازل التاريخ لتنظيم الرحلات;4650203109;أخرى;https://Manazel-altareek.com;;;h_binjindan@hotmail.com;563717728;Active;0;0
koky store;متجر كوكي للصحة العامة;2051224708;أخرى;https://salla.sa/fursanaljood/;;;fursanaljood@gmail.com;506190221;Active;0;0
build web site using wp;بناؤ موقع الكتروني;;تسويق إلكتروني;https://buildwebsiteusingwp.com/;;https://twitter.com/buildwebsitewp;ipadforarab@gmail.com;551977757;Active;0;0
;لؤلؤة حورية;;أخرى;https://www.snapchat.com/add/hwry_lbhr93;;;haio0ooni@hotmail.com;565782779;Active;0;0
Layan Zone;ليان زون;;أخرى;https://www.layanzone.com;https://instagram.com/layanzone;;mg2030@outlook.sa;502353941;Active;0;0
MASTERS STOR;متجر الماسترز;;أخرى;https://t.me/MASTERS_STORE;;;MOHA2001MUNEER@gmail.com;567086450;Active;8.7;6
RAT;رأت;;أخرى;https://qkkfnp0382.expandcart.com/;;;asse05022@gmail.com;502257275;Active;0;0
hekaya;مـتجر حـكاية 1;;تصميم وطباعة;https://salla.sa/hekaya_ksa/;;;hekaya.ksa@gmail.com;504653830;Active;0;0
AYAMIENS;آيامنز;;أخرى;http://www.ayamiens.com;https://instagram.com/ayamiens;https://twitter.com/ayamiens;info@ayamiens.com;566537735;Active;0;0
RichnessCorner;ركن الأثرياء ;;أخرى;https://richnesscorner.com;;;m551222722@gmail.com;559228002;Active;0;0
AaSelling and shipping pubg accounts;بيع وشحن حسابات ببجي ء;;أخرى;https://t.me/PGMM90;;;valenka_505@yahoo.com;568176189;Active;10;3
nfaesa;نفس كوم;;تسويق إلكتروني;https://nfaesa.com/;;;ahhhha930@gmail.com;554522314;Active;0;0
Saudi POS;برنامج سعودي لنقاط البيع;2252104845;حلول إلكترونية;https://saudipos.com;https://instagram.com/spos_app;https://twitter.com/SPOS_app;nugtahtc@gmail.com;501713181;Active;10;1
tatbiq mawashina;تطبيق مواشينا ;1010701119;تسويق إلكتروني;http://mawashina1.com/index.html;https://instagram.com/mawashina1;https://twitter.com/mawashina1;mawashina1@gmail.com;533802228;Active;0;0
Mnarcom;مناركوم;;تسويق إلكتروني;https://zid.store/mnarcom;;;soso141171@hotmail.com;532796754;Active;0;0
BOOSTEKOM;بوست إيكوم;4030413768;أخرى;https://boostekom.com;;;info@boostekom.com;557003851;Active;0;0
almase; الزيت الماسي;;كوافيرة و تجميل;https://mssg.me/been-ill;https://www.instagram.com/oilalmase/;;oilalmase@gmail.com;509897651;Active;0;0
First Tamkeen Co;شركة تمكين اللأولى التجارية;1010722836;مطبخ و مخبوزات;https://saudiblends.com/;;;listing@saudiblends.com;505440995;Active;0;0
players platform;منصة اللاعب;1010706621;أخرى;https://c1buys.com/#;;;azezhusam@gmail.com;509133079;Active;0;0
SiofiOud;سيوفي للعود ;;أخرى;https://siofioud.com/;https://instagram.com/siofi_oud;;Khaled3111@hotmail.com;547423676;Active;0;0
Faisal Saleh;فيصل صالح ;;أخرى;https://faisaleh.com/;;;matagrcom@gmail.com;509166299;Active;0;0
NFHAT Perfumes ;نفحات للعطور ;;تسويق إلكتروني;https://nfhat.com/;;;NFHAT@outlook.com;566428844;Active;0;0
ideaksa;متجر سوق فكرة;;إلكترونيات واكسسورات;https://iideaksa.com;;;ideaksa11@gmail.com;500389580;Active;0;0
ROCK ACCOUNTS ;بيع حسابات ببجي;;أخرى;https://t.me/rock_acc;;;soltan-0530443780@hotmail.com;583767740;Active;2;1
Artora Studio ;استديو ارتورا;;الحرف والصناعات اليدوية;https://salla.sa/artora_studio/;;;Artora.studio@gmail.com;568160120;Active;0;0
;الفنان ميدو الرياض لاحياء الحفلات و المناسبات ;1010726907;أخرى;https://maroof.sa/181088;https://instagram.com/alfnan_mido_riyadh;;DOOODY14116@gmail.com;537047375;Active;0;0
Technology Ports for communications and informat;منافذ التقنية للاتصالات وتقنية المعلومات;5950106321;حلول إلكترونية;http://te-ports.com;;https://twitter.com/te_ports;tports64@gmail.com;507698514;Active;0;0
newstore;متجر نيو ;4030422319;أخرى;https://anew-store.com;https://instagram.com/new_store_sa;https://twitter.com/new_store_sa;info@new-store.co;542392329;Not Active;0;0
AHMED SALEH;أحمد صالح;;أخرى;https://ahmedsalehsa.com;;;ahmed.est.adm@gmail.com;576299094;Active;0;0
NawaliStory;نوااالي ستوري للحسابات;;تسويق إلكتروني;https://t.me/Pubg_naawal;;;Noalle232@gmail.com;582346119;Not Active;10;4
sort art collection;سورت للفنون;;أثاث وديكور;https://salla.sa/sortfineart;https://instagram.com/sort.collection;;sort.collection@gmail.com;506621142;Active;0;0
Thesky6;شدات سكاي;2055130730;تسويق إلكتروني;https://t.me/Thesky6;;;3bndah@gmail.com;569593303;Active;0;0
regenertiveenery;الطاقة المتجددة;;تسويق إلكتروني;https://stewer4508.expandcart.com/;;;regenertive.enery@gmail.com;581851331;Active;0;0
Jdjsjjdud;نبهبهيههي;;أخرى;https://t.me/V;;;cdf13@gmail.com;555843006;Active;9.1;18
sunrise breeze store;متجر نسمة الغروب;1010723666;تسويق إلكتروني;https://maroof.sa/185630;;;n.meqri@hotmail.com;551898840;Active;0;0
Fluffy Details ;تفاصيل رقيقة;;الحرف والصناعات اليدوية;https://salla.sa/fluffy.ds;https://instagram.com/fluffy_ds;;llq.099@gmail.com;508873902;Active;0;0
Aromusk Shop;متجر أرومسك;;تسويق إلكتروني;https://aromusk.com;https://instagram.com/aromussk;https://twitter.com/aromussk;rnrnrn.55@hotmail.com;552955508;Active;10;14
nokttain;نقطتين و قوس;3350105670;تسويق إلكتروني;https://nokttain.com/;;;nokttain@nokttain.com;502020449;Active;0;0
Pubggnawal;قناة نواالي للحسابات;;تسويق إلكتروني;https://t.me/Pubg_naawal;;;mtjrstwr09@gmail.com;582346119;Not Active;0;0
99storre2828;ديفرنت ستوري;;تسويق إلكتروني;https://t.me/MC_Diffreennt;;;mtjrstwr09@gmail.com;547557134;Not Active;10;1
99storre72;حسابااااات نوالي;;تسويق إلكتروني;https://t.me/pubg_nawaI;;;mtjrstwr09@gmail.com;594185736;Not Active;0;0
;متجر حسابات استشارة;;تسويق إلكتروني;https://t.me/Pubg2021A;;;Tariq07738@gmail.com;554894234;Active;0;0
Wateen Boutique;بوتيك وتين;;تسويق إلكتروني;https://dpsa.me/wateen;;;f.hommdi1995@gmail.com;581588866;Active;0;0
Damietta World Travel and Tourist Agency;دمياط للسفر والسياحة;4030420724;حلول إلكترونية;https://wa.me/message/AIG4GE6LCIEBN1;;;mij47746@gmail.com;538484845;Active;0;0
 Rainsy22;متجر رانسي;;أخرى;https://salla.sa/rainsy22;https://instagram.com/rainsy22;;Farh4ff@gmail.com;504596616;Active;0;0
Aromaticandles ;شمع عطري;;أثاث وديكور;https://aromaticandles.com/;;;Aromaticandles@outlook.sa;502801978;Active;0;0
Vegan 9;فيجن 9;1010632172;مطبخ و مخبوزات;https://vegan9.net/;https://instagram.com/vegaan_9;;veggan9@gmail.com;530833733;Active;0;0
Vision Care Optical;مؤسسة رؤية الرعاية للتجارة;1010564427;تسويق إلكتروني;https://visioncare-sa.com/;;https://twitter.com/visioncare_sa;visioncaresa@gmail.com;582219496;Active;0;0
ARMY STOR; متجر أرمي;;تسويق إلكتروني;https://t.me/ARMYSTORE3;;;hoenss196@gmail.com;595157947;Not Active;10;1
Jojo1;جوجو 1;;مطبخ و مخبوزات;https://maroof.sa/Redirect/UserNameRetrieved?userName=cherry_freezers#_;;;Ghadah321321@hotmail.com;553346445;Active;0;0
atyab najd;اطياب نجد;;أخرى;https://salla.sa/atyab_najd;https://instagram.com/atyabnajd;;atyabnajd.sa@gmail.com;592908627;Active;10;1
adreem54;متجر  دريم 2;1010686274;أثاث وديكور;https://www.dreemm454@gmail.com;;;azizaasiri9@gmail.com;582470767;Active;0;0
JNN8;متجر جي ان ٨ للبيع حسابات ببجي;;تسويق إلكتروني;https://t.me/jnjpubg;;;mtjrstwr09@gmail.com;592715442;Not Active;0;0
Chocolate Boulevard;بوليفارد تشوكلت ;1010635002;تسويق إلكتروني;https://salla.sa/boulevard-chocolate;;;mousa968@gmail.com;501351803;Active;0;0
Petshop;بيتشوب;1010724023;أخرى;https://thepetshopsa.com/;;;thepetshopsa@gmail.com;547142175;Active;0;0
auncan;انكان;2250375518;تسويق إلكتروني;https://auncan.com;;;care@auncan.com;548876624;Active;0;0
Prochd;برونيار;;تسويق إلكتروني;https://pruneraperfumes.com;https://instagram.com/pruneraperfumes;;Meshall9966@hotmail.com;555432832;Active;0;0
Rowod;منصة رود;4032239168;حلول إلكترونية;https://www.rowod.con;https://instagram.com/rowodapp;;info@Rowod.com;578213162;Active;0;0
Salamh farmer;الزارع سلامة;1131296780;أخرى;https://farmer-sa.com/;;;Basem258@hotmail.com;580007011;Active;0;0
ZORA Lounge;زورا لاونج;1010632832;كوافيرة و تجميل;http://zoralounge.com/;;;info@zoralounge.com;583164277;Active;0;0
HUSH TEAM;فريق الصمت ;;حلول إلكترونية;https://t.me/hush1Ah;;;whsiper22@gmail.com;549875390;Active;6.4;9
Ali bin Omar Al Rashdi  Foundation for Student and; مؤسسة علي بن عمر الراشدي  للخدمات الطلابية و الإل;1010664906;حلول إلكترونية;https://salla.sa/benomar.online/;;;BN.OMAR.MAF@gmail.com;506064733;Active;0;0
Ali Bin Omar Al Rashidi Foundation Student and ele; مؤسسة علي بن عمر الراشدي  للخدمات الطلابية و الإ;;حلول إلكترونية;https://salla.sa/benomar.online/;;;BN.OMAR.MAF@gmail.com;506064733;Active;0;0
;حسابات ببجي بأسعار رمزية;;أخرى;https://t.me/pugeksa;;;Mej.292gh@gmail.com;505770885;Not Active;0;0
sell pubg mobile UC;متجر بيع شدات ببجي واكواد شارب شوتر;;تسويق إلكتروني;https://1store8.com/;;;m7sn739@gmail.com;553607344;Active;0;0
NWLIIII7;نوالي لبيع الحساااابات;;تسويق إلكتروني;https://t.me/Pubg_naawal;;;mtjrstwr09@gmail.com;582346119;Not Active;10;2
Diamond Jewel Foundation ;موسسة جوهرة الألماس ;3350146798;تخطيط مناسبات وحفلات;https://jwhr11.com;;;gggnu.2000@gmail.com;550900696;Active;0;0
PubgC00;ببجي سي او او;;أخرى;https://salla.sa/pubg-coo/redirect;;;alsonidi0@gmail.com;509952175;Active;0;0
Nano 9 pro;نانو برو ;;السيارات;https://salla.sa/nano9pro;;;nano9pro@gmail.com;546436462;Active;0;0
lnsy;متجر لنسي للبخور والعطور ;;أخرى;https://salla.sa/lnsy;;;1salemassere1@gmail.com;509360339;Active;0;0
99storre672;نوالي ستوري لل حسابات;;تسويق إلكتروني;https://t.me/Pubg_naawal;;;mtjrstwr09@gmail.com;582346119;Not Active;0;0
xhumas;متجر اكس همس;;تسويق إلكتروني;https://xhumas.com;https://instagram.com/xhumas_sa;https://twitter.com/xhumasksa;xhumasksa@gmail.com;581547072;Active;0;0
 MG ACCOUNT ;متجر ام جي ء;;أخرى;https://t.me/MG_ACCOUNT;;;Markoiq88@gmail.com;504376643;Active;8.7;6
Ali Saeed Al Mufreh Al Qahtani Office House of Po; مكتب علي سعيد ال مفرح القحطاني بيت الشعر العقاري;5855351545;تسويق إلكتروني;https://real-estate-agency-19695.business.site/website/real-estate-agency-19695/;;;batalshair11@gmail.com;501925555;Active;0;0
Al Wac;الواحة الاكاديمة;4031251549;خدمات أكاديمية;https://al-wac.com/;;;alwaha.academic@al-wac.com;583717704;Active;0;0
b9mah;بصمه تحكم;4031209091;تسويق إلكتروني;https://www.b9mah.com/;;;yy.212@hotmail.com;567113716;Active;0;0
estoorre;كذذااابببببببب;;تسويق إلكتروني;https://t.me/Pubg_naawal;;;mtjrstwr09@gmail.com;582346119;Not Active;10;2
fruits basket;سلة الفواكه;4030377159;أخرى;https://salla.sa/fruits.basket;https://instagram.com/fruits.basket1;;oas.77@outlook.com;565066560;Active;0;0
Y N ABAYA;ي ن عباية;;مستلزمات المرأة;https://salla.sa/yaa;;;nefbahar12345@hotmail.com;501955254;Active;0;0
Sukaina makki;سكينه المبيوق;;الحرف والصناعات اليدوية;https://Maroof.sa;https://instagram.com/sukaina.1402?utm_medium=copy_link;;Sukaina.1402@gmail.com;542744816;Active;0;0
;تتار اكس 3;;أخرى;https://salla.sa/ttarx3/;;;ttarx3@gmail.com;544602223;Active;0;0
Dragoon TV;دراقون ستلايت;;إلكترونيات واكسسورات;https://dragoon.vip;;;Dragoontv3@gmail.com;546549017;Active;10;1
stops tor;توقف المتجر;;تسويق إلكتروني;https://t.me/a;;;tm3stor@gmail.com;592744628;Not Active;10;9
PUBGGgggg;حسابات نوااالي ستوري;;تسويق إلكتروني;https://t.me/Pubg_naawal;;;mtjrstwr09@gmail.com;582346119;Not Active;10;1
Media B;ميديا ب ;;تسويق إلكتروني;https://salla.sa/mediab;https://instagram.com/mediakyes;;R2kansw@hotmail.com;540441192;Active;0;0
PUBGGACCOUNTS;متجر ببجي اكونت;;تسويق إلكتروني;https://t.me/ADVARTOLO;;;mtjrstwr09@gmail.com;596331038;Not Active;0;0
Gdi Academy;اكاديمية غدير;;تسويق إلكتروني;https://salla.sa/gdi;https://instagram.com/gdi.sa;;Ghadeer.hamed.alharbi@gmail.com;502243801;Active;0;0
Bisha circle to sell mobiles;دآئرة بيشة لبيع الجوالات ;5851876089;تسويق إلكتروني;https://salla.sa/sqwer0967/NAAzdm;;;sqwer0967@gmail.com;557891811;Active;0;0
Fseeh Store;متجر فسيح;;أخرى;https://fseehstore.com/;https://instagram.com/fseehstore;https://twitter.com/FseehStore;fseehstore@gmail.com;504433487;Active;0;0
Store 52;متجر 52;;أخرى;http://onqd.link/b4px/;;;nasserqurashi22@gmail.com;558875032;Active;0;0
ban ali;بن علي;4650062036;أخرى;https://salla.sa/ban_aly;https://instagram.com/bnaly9917;;bnaly9917@gmail.com;595208010;Active;0;0
MROWDENsa;مرودن أس أي;1010678652;تسويق إلكتروني;https://www.mrowden.co/;;;info@mrowden.com;544120003;Active;0;0
Gemstone shining star;الكوكب الدري للأحجار الكريمة;4650549462;أخرى;https://www.firshla.com;;;Firshlagems@gmail.com;503030793;Active;0;0
larina;متجر لارينا;;مستلزمات المرأة;https://salla.sa/larina_so/;;;soso8542@hotmail.com;554737586;Active;0;0
Almmajrh;المجرة لبيع الحسابات;;تسويق إلكتروني;https://t.me/majrrh1;;;cc05530565011@gmail.com;592808314;Not Active;0;0
Pubgnaaawal;قناة نوالي للحسابات;;تسويق إلكتروني;https://t.me/Pubg_naawal;;;mtjrstwr09@gmail.com;582346119;Not Active;0;0
lvlup;لفل اب  لتطوير المشاريع التقنية ;4031247379;أخرى;https://lvlupksa.com/;;;lvlupksa@gmail.com;541513712;Active;0;0
;سي فور زيادة متابعين;;تسويق إلكتروني;https://salla.sa/alabda33/Zeidh;;;abr.alsharre55@gmail.com;581443064;Active;0;0
storre97;حسابات نوالي ستوري;;تسويق إلكتروني;https://t.me/Pubg_naawal;;;mtjrstwr09@gmail.com;582346119;Not Active;0;0
LLUNAROO ;متجر لوناروو;;أخرى;https://salla.sa/llunaroo;https://instagram.com/llunaroo;;Llunaaroo@gmail.com;502719922;Active;0;0
Valley B;فالي بي ;4030394545;حلول إلكترونية;https://www.valley-b.com;https://instagram.com/murjan.design;;rabukelab@valley-b.com;567848430;Active;0;0
Theta;ثيتا;1010699576;حلول إلكترونية;https://theta.k7h.net;;;herohd12@gmail.com;505650458;Active;0;0
;العسل الخام;;أخرى;https://rrawhoney.com/;;;rawhoney2021@gmail.com;506630029;Active;0;0
;نيلوفر الأحساء  ;2250375261;تسويق إلكتروني;https://souqalahsa.com;;;info@souqalahsa.com;569629644;Active;0;0
Atheer Solutions for Advertising;مؤسسة حلول أثير للدعاية و الإعلان;;تصميم وطباعة;https://atheer.store;;;info@atheer.store;530663443;Active;0;0
;متجر بيع حسابات ببجي محمد اليامي;;تسويق إلكتروني;https://t.me/BBBBED;;;qqaazzppllmm1020@gmail.com;564725776;Active;2;2
GOLD and GOLD;قولد اند قولد ;1010631602;مستلزمات المرأة;https://goldandgoldjewelry.com/;;;goldandgoldjewelry@gmail.com;503371703;Active;0;0
Cup4;فنجان 4;;أخرى;https://salla.sa/cupnf;;;fa3008363@gmail.com;551378270;Active;0;0
Special Dinning ;سبشل دايننق;;تسويق إلكتروني;https://special-dinning.com/;;;special.dinning@gmail.com;543663322;Active;0;0
Print Shirt;برنت شيرت ;;تصميم وطباعة;https://printshirt8.net/;;;printshirt8@hotmail.com;536233359;Active;0;0
3zksa;حسابات ببجي عز;4650225737;أخرى;https://t.me/acc3z;;;acc3zksa@gmail.com;552351418;Active;0;0
MATGAR ALSHARq;متجر الشرق الرسمي;;تسويق إلكتروني;https://t.me/MATGARALSHARq;;;Alreat_su@gmail.com;594537289;Not Active;9.7;30
Hello glow;هـلو قـلو ;;تسويق إلكتروني;https://helloglowsa.com;;;helloglow.ksa@gmail.com;502013405;Active;0;0
UCFFAChhd;متجرر فااتتت التايا;;تسويق إلكتروني;https://t.me/UCFACT_1;;;HkT_10@gmail.com;580227674;Not Active;10;30
PUBGMOBILE;متجر الريآض;;تسويق إلكتروني;https://t.me/RUHuc33;;;AT_10@gmail.com;580324542;Not Active;10;11
Art Frame;إطار الفن;;أثاث وديكور;http://ww38.artframe-ksa.com/;;;Mohannadrefai1@gmail.com;540569190;Active;0;0
JBR STORE;متجر جبر ;;إلكترونيات واكسسورات;https://jbr-store.com/;;;rraag1212333@gmail.com;502092278;Active;10;1
Diet powrs;دايت باورز;4650227849;أخرى;https://dietpowers.com/;;;dietpowers@gmail.com;560444898;Active;0;0
Jazeera aljoud;جزيرة الجود;1010676934;أخرى;https://jaljood.com;;;lsland.1@hotmail.com;506440362;Active;0;0
;دعاية و اعلان  و زيادة المتابعين ;;حلول إلكترونية;https://welcome2030.com/;;;Moor303020@gmail.com;567578265;Active;0;0
Mara;مارا;;مستلزمات المرأة;https://salla.sa/mara.6;https://instagram.com/mara.6;;Mara.store6@gmail.com;502809616;Active;10;6
Ohaioo;أوهايو;1010726287;تسويق إلكتروني;https://www.ohaioo.com/;;;Contact@Ohaioo.com;500404209;Active;10;1
May store77;ماي ستور77;;مستلزمات المرأة;https://salla.sa/may_store77;;;Mnwf1432@hotmail.com;537710627;Active;0;0
Abrea Stop;توقف المتجر نهائيا;;تسويق إلكتروني;https://t.me/a;;;Abrella@hotmail.com;553569324;Not Active;7.6;23
hybeautypharm;هاي بيوتي فارم;;تسويق إلكتروني;https://hybeautypharm.com/;https://instagram.com/hybeautypharm;;hy.beauty.pharm@gmail.com;544799388;Active;0;0
watches address;عنوان الساعات;;إلكترونيات واكسسورات;https://watches-address.com/;;;naifalfakhri99@gmail.com;547659688;Active;0;0
drospaz;درو سباز;5855350422;مستلزمات المرأة;https://drospaz.com;;;saedkhalid1436@gmail.com;558546585;Active;0;0
4U marketing agency ;وكالة فور يو للخدمات التسويقية ;;تسويق إلكتروني;https://tsweq4u.com/;https://instagram.com/tsweq4u;;Tsweq4u@gmail.com;505688932;Active;0;0
Artna;آرتنا;;أخرى;https://artna.mybigcommerce.com/;;;aqeelalialmarhoon@gmail.com;559513494;Active;0;0
Ustorre;حسابات نواالي;;تسويق إلكتروني;https://t.me/Pubg_naawal;;;cc05530565011@gmail.com;582346119;Not Active;10;2
TNL store;متجر تنل;;تسويق إلكتروني;https://mkgsfk1311.expandcart.com/admin/teditor/designeditor;;;hamd51367@gmail.com;533442072;Active;0;0
STRUGGLEE;سترقل;4030359989;أخرى;https://struggle.com.sa/;;;Mazen.s20.h@gmail.com;539319333;Active;0;0
Desert Line ;ديزرت لاين;;أخرى;https://desertlineroasters.com;;https://twitter.com/DesertLineCafe;info@desertlineroasters.com;542506337;Active;0;0
Drh; دره للهدايا;;أخرى;https://salla.sa/drh;https://instagram.com/drh_21;https://twitter.com/DRH_21;dorahservise@gmail.com;580670594;Active;0;0
Plitforlife;بلت فور لايف;;أخرى;https://salla.sa/plitforlife/;https://instagram.com/plitforlifesa;;plitforlife@outlook.com;502258810;Active;0;0
home emergency;طوارئ المنازل ;;أخرى;https://salla.sa/m-112/;;;Rsh@hotmail.com;509930842;Active;0;0
;مؤسسة بتيل الأولى للتجارة ;1010722987;أخرى;https://bateel-ksa.com/;;;bateel.ksa.co@gmail.com;502444530;Active;0;0
detox spa;دوتكس سبا;4030392044;كوافيرة و تجميل;https://detox-spa.net/;https://instagram.com/detox__spa;https://twitter.com/detox__spa;detox_spa@fathint.com;567788650;Active;0;0
beme stoore;متجر بيمي;4030396325;تسويق إلكتروني;https://salla.sa/beme.stoore.com;https://instagram.com/beme.stoore;;beme.astore@gmail.com;563344323;Active;0;0
Najed Store;نجد للتجارة;;أخرى;https://najedstore.com/;;;abdulkhaleg@outlook.com;505941601;Active;0;0
Eitmaam Business Services Company;شركة إتمام لخدمات الأعمال;;حلول إلكترونية;https://www.eitmaam.com.sa;;;info@eitmaam.com.sa;501925658;Active;0;0
Technical communications;متجر الإتصالات التقنية;;حلول إلكترونية;https://salla.sa/storeksassss;;;sweet-gado670@hotmail.com;532846593;Active;0;0
Adelina scrub ;مقشرات أديلينا ;;مستلزمات المرأة;https://salla.sa/adelinabodyscrub/;https://instagram.com/adelina_scrub;;Adelinabodyscrub@gmail.com;503411335;Active;0;0
AlMajd store for selling digital cards and accoun;متجر المجد لبيع البطائق الرقميه والحسابات ;;أخرى;https://salla.sa/almjdvip;;;dfz3@outlook.sa;568111798;Active;0;0
Artemis Emerald ;ارتميس اميرالد;5900126478;أخرى;https://salla.sa/artemis_emerald;;;artemisemerald@outlook.sa;508218510;Active;0;0
Pure Skin Trading Est;مؤسسة بشرة نقية للتجارة;;كوافيرة و تجميل;https://www.pureskin-sa.com;;;Pureskinsa@hotmail.com;596900334;Active;0;0
 FOR PUBG ACCOUNTS ;مغلقققق في كصختك;;تسويق إلكتروني;https://t.me/MC_ASSSS;;;apple.mbc4@gmail.com;547557134;Not Active;10;3
JN8 PUBG1;وهاد لكسخت يلي جابك  ;;تسويق إلكتروني;https://t.me/pubg_JN8;;;jn8_12@hotmail.com;580667185;Not Active;0;0
;ساكورا للتوزيعات;;أخرى;https://salla.sa/sakura-fl/;https://instagram.com/sakurafl214;;new.moon1432@gmail.com;502589877;Active;0;0
aloecare;عناية الصبار;;تسويق إلكتروني;https://zid.store/aloecare/;;;e2012emerald@gmail.com;506906602;Active;0;0
miscellaneous products;منتجات متنوعه ;;أخرى;https://kenaz-sa.com;;;padr711bb@gmail.com;552643295;Active;0;0
99storreee;وهاد خليك متل الكلب عم تنبح لان كلك علا بعضك متل;;تسويق إلكتروني;https://t.me/mloo_51;;;cc05530565011@gmail.com;505718200;Not Active;0;0
Flowers village;قرية الأزهار;1010726988;أخرى;https://salla.sa/flowersvillage/;https://instagram.com/flowersvillage;;flowersvillage.sa@gmail.com;502022204;Active;0;0
Meraki For fashion;شغف للازياء;;أخرى;https://salla.sa/meraki4fashion;https://instagram.com/merak.i.fashion;;Fashion.meraki4@gmail.com;565320907;Active;0;0
;محل لمسة اثاثنا للأثاث;1128124408;أثاث وديكور;https://salla.sa/athathna;;;lmstathathna@gmail.com;555815585;Active;0;0
Araj candles ;شموع أرج;;أثاث وديكور;https://salla.sa/arajcandle;;;Arajcandles@gmail.com;561838898;Active;0;0
Rammz Future ;مؤسسة رمز المستقبل العقارية ;;العقارات;https://www.snapchat.com/add/ramz.marketer;;https://twitter.com/Ramz_marketer;ramz.marketer@gmail.com;557309692;Active;0;0
Al Fahdi Store;ازا بدك لسه خبرني مشان تقل لعيار هل مره هههههه;;تسويق إلكتروني;https://t.me/ALFHDii_STORE;;;mtjrstwr09@gmail.com;593067288;Not Active;10;2
Angel Magic Art ;متجر ملاك الفني ;4030362862;الحرف والصناعات اليدوية;http://608a8cd650013.site123.me/;;;1angelkc@gmail.com;534415439;Active;0;0
Ajm productions;اي جي ام للتسويق الالكتروني;;تسويق إلكتروني;http://ajm-productions.com;;;info@ajm-productions.com;582868900;Active;0;0
Leaves station;ليفيز استايشن;;مطبخ و مخبوزات;https://maroof.sa/204591;https://instagram.com/leaves.station;;bride.of.the.redsea@live.com;576827836;Active;0;0
Raha bakery;رحى المخبوزات;1010455589;مطبخ و مخبوزات;https://rahabakery.com;;;Rahabakery18@gmail.com;553311995;Active;0;0
MCAccoaaauts;حسابات مكرينا;;تسويق إلكتروني;https://t.me/MC_Accoaauts;;;AT_10@gmail.com;592808314;Not Active;0;0
UCFACT;متجر  فاكت الرسمي;;تسويق إلكتروني;https://t.me/UCFACT_1;;;UCFACT8@gmail.com;580227675;Not Active;10;4
;ليد سيارات;;السيارات;https://salla.sa/mycarstore;https://instagram.com/led_carstore;;car.store90@gmail.com;509791761;Active;0;0
PERFUME ONE;بارفيوم ون;;أخرى;https://perfume-1.com/;;;continue@perfume-1.com;500775826;Active;0;0
Markabest;افضل ماركة;;مستلزمات المرأة;https://salla.sa/marka_best;;;maleksallah5@gmail.com;544937922;Active;0;0
LE MILLESMIE;لا ميليسم ;;مستلزمات المرأة;https://salla.sa/le.millesime;https://instagram.com/le.millesime.official;;Le.millesime.official@gmail.com;544422191;Active;0;0
Ibtikar Soft Information Technology Company;شركة ابتكار سوفت لتقنية المعلومات;4031247676;أخرى;https://ibtikar-soft.sa/;https://instagram.com/ibtikarsoft;https://twitter.com/IbtikarSoft;ibtikarsoft@outlook.sa;502723600;Active;0;0
3ANGLES;مثلث للخدمات الرقمية;;حلول إلكترونية;http://www.3angles.co;;;sales@3angles.co;557077622;Active;0;0
Al Reef Soap Trading Est;مؤسسة صابون الريف للتجارة;1011146339;أخرى;http://alreefsoap.com/;https://instagram.com/alreefsoap;https://twitter.com/alreefsoap;info@alreefsoap.com;555226446;Active;0;0
;بيع فلوس لعبة قراند فايف حرامي السيارات سوني 4 و5;;تسويق إلكتروني;https://salla.sa/alambrtorstore/;;;abdulrahmancom48@gmail.com;581185520;Active;0;0
TUJJAR COFFEE;تجار القهوة;4030387073;أخرى;https://www.tujjarcoffee.com;https://instagram.com/tujjar.coffee;;info@tujjarcoffee.com;548917077;Active;0;0
Polita;متجر بوليتـــــا;;أخرى;https://salla.sa/polita/;;;mualdousari1@gmail.com;503494143;Active;0;0
ALFHDII STORE;لاتقتل المتعه لقيت مين يسليني هههه يسعد ربك ;;تسويق إلكتروني;https://t.me/ALFHDii_STORE;;;mtjrstwr09@gmail.com;593067288;Not Active;3.6;5
Whispers st;متجر همس للاعلانات;;تسويق إلكتروني;https://t.me/hams_o;;;Abdulmf@icloud.com;559778666;Not Active;0;0
Auto program shop;متجر البرامج التلقاعي ;;تصوير;https://autoprogramshop.biz;;;hwhhhss35@gmail.com;578216236;Not Active;10;2
Parz;بارز;;تصميم وطباعة;Https://Parzwall.com;https://instagram.com/parzwall;;Giw@hotmail.com;594963085;Active;0;0
STORE YAZ;متجر ياز;;تسويق إلكتروني;https://t.me/pubg_qaa;;;Mshal114243@gmail.com;563253842;Active;0;0
coffeeksa220;متجر القهوة السعودية ;4650217686;تسويق إلكتروني;https://salla.sa/coffeeksa220;;;alyaalenze3@gmail.com;532131619;Active;0;0
Aotstore;عوت ستور;;إلكترونيات واكسسورات;https://salla.sa/3otstore/;https://instagram.com/3ot.store;;bandrbng@gmail.com;572135435;Active;0;0
shoofandshop;شوف اند شوب;;أخرى;https://shoofandshopsa.com/;https://instagram.com/shoofandshopsa;;shoofandshopsa@gmail.com;540970272;Active;0;0
MimaVictory;ميما فاكتوري;;تصميم وطباعة;https://mimavictory.com/;https://instagram.com/mima.victory;https://twitter.com/mimavictory;mohammed@mimavictory.com;559771271;Active;0;0
Aram Honey;عسل آرام;;تسويق إلكتروني;https://aramhoney.com/;;;waleedaliab@hotmail.com;505106163;Active;0;0
GataShop;غطاء شوب;;أثاث وديكور;https://gatashop.com;;;gm.zadip@gmail.com;570134669;Active;0;0
Selling accounts and trust guide;متجر محمد الحوفي;;أخرى;https://t.me/aa_c0;;;Bubgno1@gmail.com;573464742;Active;0;0
Simpple;سيمبل;1010725391;إلكترونيات واكسسورات;https://simppleksa.com/;https://instagram.com/simppleksa;https://twitter.com/simppleksa;simppleksa@outlook.com;533489712;Active;0;0
nebrasPC;كمبيوتر نبراس;;إلكترونيات واكسسورات;https://mapp.sa/nebraspc;;;mosa99999@gmail.com;596693287;Active;0;0
Fahad Bin Hadi Al Sharif Store ;متجر فهد بن هادي الشريف;;أخرى;https://t.me/cvcvgsf;;;Bubg_medileast@gmail.com;569313263;Active;7;8
Nassem Alshouq;محل نسيم الشوق للهدايا;;أخرى;https://alsamt-beauty.com;;;alsamtbeauty1@gmail.com;501837705;Active;0;0
VEELVET;فيلفيت;4031251443;تسويق إلكتروني;https://velvet-s.com/;;;velvetstore.v@gmail.com;500509485;Active;0;0
ssstorrree;لخير لقدام لسه ماشفت شي نام وشبع نوم ;;تسويق إلكتروني;https://t.me/MC_Accoauts;;;cc05530565011@gmail.com;580191147;Not Active;0;0
Public service;خدمات ومساعده عامه ;;أخرى;https://t.me/joinchat/Z6u0WyPAc2VlMTE8;;;Mishari298@gmail.com;548517651;Active;0;0
CROWN CODE;رمز التاج;4030170564;تسويق إلكتروني;https://salla.sa/crowncode;;;crowncode.sa@gmail.com;581898000;Active;0;0
N22 Store;ان 22 ستوري ;;إلكترونيات واكسسورات;https://salla.sa/n22store;;;naif.n1158@gmail.com;545821287;Active;0;0
3yeezy;3 ييزي;;تسويق إلكتروني;https://salla.sa/3yeezy;;;pola3q3qt@gmail.com;580947843;Active;0;0
LEESHA STORE;متجر ليشا;;تسويق إلكتروني;https://salla.sa/leesha.com/;;;shaimaq42@gmail.com;537287122;Active;0;0
Atheee care;عناية الأثير ;;مستلزمات المرأة;https://salla.sa/atheercare;;;eath.199.a@gmail.con;502642658;Active;0;0
JN8STOR;متجر جواهر ستور;;تسويق إلكتروني;https://t.me/JN8_1;;;JWAHR1357777@gmail.com;542583874;Not Active;0;0
Oceanlight;اوشن لايت;;إلكترونيات واكسسورات;https://oceanligh1.com/;;;Oceanlights013@gmail.com;540049513;Not Active;0;0
hemdyaat;حمضيات ;1010722842;أخرى;http://www.hemdyaat.com;;;hemdyaat@gmail.com;502217621;Active;0;0
STARpPubg;حسابات لارا ;;تسويق إلكتروني;https://t.me/STAR_pPubg;;;cc05530565011@gmail.com;592808314;Not Active;0;0
FIFTY TWO;متجرر فيفتي تو;;تسويق إلكتروني;https://t.me/mloo_5Z;;;cc05530565011@gmail.com;505718200;Not Active;10;2
95storre;متجر إم فوار ستوري;;تسويق إلكتروني;https://t.me/z_chat_iraq2;;;mtjrstwr09@gmail.com;593067288;Not Active;0;0
Electronic services manasah;منصه خدمات الكترونيه ;5855346542;حلول إلكترونية;https://api.whatsapp.com/send?phone=966501527137;;;basoom310any@gmail.con;501527137;Active;0;0
LAMZ;لامز;;تسويق إلكتروني;https://t.me/Lamz6;;;isnsksns@gmail.com;505399432;Active;0;0
;متجر براند;;أخرى;https://salla.sa/branding;;;branding.1486@gmail.com;540900117;Active;0;0
Octobooking;أكتوبوكينج;4650196066;تخطيط مناسبات وحفلات;https://octobooking.com/;;;r@octobooking.com;501361888;Active;0;0
BaTechx Store;متجر باتيكس;4031250990;إلكترونيات واكسسورات;https://t.me/BaTechx;;;batechx@gmail.com;501099575;Active;0;0
Kzaaaab;صرمااتي اشرف منك هههههه انضغط يلل والك شي عندي    ;;تسويق إلكتروني;https://t.me/_iraq21;;;mtjrstwr09@gmail.com;547591357;Not Active;10;1
coffee trade;تجارة البن;4030420162;أخرى;http://zid.store/e-mocha/;;;etmocha@gmail.com;500868959;Active;0;0
7Round;الجولة السابعة;1010678537;إلكترونيات واكسسورات;https://7-round.com;https://instagram.com/_7round;https://twitter.com/_7round;7roundd@gmail.com;544460000;Active;0;0
amwajcom;امواج كوم ;;أخرى;https://salla.sa/amwaj2020;;;xAyed36@gmail.com;554705747;Active;0;0
The Pinz;ذا بينز;;أخرى;https://salla.sa/the.pinz;https://instagram.com/the.pinz;;jehad.g33@gmail.com;580787446;Active;0;0
RandA perfumes ;آر اند اي;1010639653;أخرى;http://raperfumes.com/;;;Ali123.sh3@gmail.com;599501901;Active;0;0
;نكهة التميز ;;أخرى;https://salla.sa/n_t;;;dhdh_-2012@hotmail.com;537845966;Active;0;0
EasyTable;ايزي تيبل ;1010457988;تسويق إلكتروني;https://easytable.app;;;hi@achieveone.sa;549262665;Active;0;0
NetCard;نت كارد;;أخرى;https://www.netcard-sa.com;https://instagram.com/1g3i;;netcard-sa@gmail.com;545701132;Active;0;0
tuhdastore;متجر تهدى للهدايا والتوزيعات ومستلزماتها;;أخرى;https://tuhdastore.com/;https://instagram.com/gift.ms;;gift.ms23@gmail.com;566453415;Active;0;0
Carizma store;متجر كاريزما;;أخرى;https://carizma-sa.com/;;;2tono.sa@gmail.com;551525984;Active;0;0
store dem;متجر ستوري ديم;;تسويق إلكتروني;https://t.me/dem_pubg;;;fofo053612@hotmail.com;536127442;Active;0;0
ssstorrre;ماكرينا ستورري;;تسويق إلكتروني;https://t.me/MC_Accoauts;;;cc05530565011@gmail.com;580191147;Not Active;10;4
Ghusun Hamzi;غصون  حمزي;;مطبخ و مخبوزات;https://vm.tiktok.com/ZSJVB1Ypx/;;;Ghson.hamzi@gmail.com;532920507;Active;0;0
Barden;باردن;;إلكترونيات واكسسورات;https://salla.sa/barden;;;Waelshokan@outlook.com;508780303;Active;0;0
Baaddstore;معروف مافي تمام;;تسويق إلكتروني;https://t.me/MC_Bxaccounts;;;cc05530565011@gmail.com;547557134;Not Active;10;4
Dreamy couture2;أزياء حالمة;;أخرى;https://salla.sa/dreamy_couture;;;Zainab_alrashed@hotmail.com;540796793;Active;0;0
Lome KsA;بهارات لومي;;أخرى;https://zid.store/lome-ksa;https://instagram.com/lome_ksa;https://twitter.com/Lome__ksa;Lome-sa@hotmail.com;500625264;Active;0;0
Reemoon Shop;ريمون شوب;;أخرى;https://reemoonshop.com/;https://instagram.com/reemoon_shop;;CandyReemoon@hotmail.com;531110122;Active;0;0
ssttorree;فرست بببجي ;;تسويق إلكتروني;https://t.me/pubg_fiirst1;;;cc05530565011@gmail.com;598682953;Not Active;0;0
thingo;ثنقو;;تسويق إلكتروني;https://thingoksa.com/;;;main@thingoksa.com;502800726;Active;0;0
;متجر بيع حسابات شحن محمد اليامي;;تسويق إلكتروني;https://t.me/BBBBED;;;qqaazzppllmm1020@gmail.com;564725776;Not Active;2;2
ajee perfumes;عطور عاجي;;أخرى;https://ajeeperfumes.com/;;;ajeegroup1@gmail.com;500049666;Active;0;0
adrara;ادرارا;2251498375;أخرى;http://www.adrara1.com;;;adrarah98@gmail.com;545311716;Active;0;0
vision For IT;فجن لتقنيةالمعلومات;;حلول إلكترونية;https://www.vision.net.sa/;;;info@vision.net.sa;556623254;Active;0;0
sabk store;متجر سبك;4030569964;تصميم وطباعة;https://sabk.store;;;aayaatco@gmail.com;555320076;Active;0;0
care styles;كير ستايل;1010584237;كوافيرة و تجميل;https://www.carestylesa.com;https://instagram.com/carestylesa;https://twitter.com/carestylesa;carestylesa@gmail.com;559476620;Active;0;0
Go Mazaj;جو مزاج;1010645203;أخرى;https://gomazaj.com/;https://instagram.com/gomazaj;https://twitter.com/GoMazaj;gomazaj@gmail.com;541678434;Active;0;0
Student service SS PH HI;منصة الخدمات الطلابية اس اس بي اتش اتش اي ;;خدمات أكاديمية;https://www.seu-ph-hi.com;https://instagram.com/seu_ph_hi;https://twitter.com/seu_ph_hi;ss-ph-hi@seu-ph-hi.com;548365733;Active;0;0
99storre66;متجر ببجي اكونت لبيع حسابات الببجي;;تسويق إلكتروني;https://t.me/ADVARTOLO;;;cc05530565011@gmail.com;592715442;Not Active;10;3
A B A Y A;عباية شيخه;;مستلزمات المرأة;https://salla.sa/shiekhaabaya2021;;;shiekhaabaya2021@hotmail.com;503313192;Active;10;1
island secret store;متجر آيلند سيكرت;1010724422;أخرى;https://www.island-secret.com/;https://instagram.com/islandsecretsa;https://twitter.com/islandsecretsa;islandsecretsa@gmail.com;533214031;Active;0;0
bellas;بيلاس;1010665787;مستلزمات المرأة;https://bellas-sa.com;;;help@bellas-sa.com;531088680;Active;0;0
younna1;يونا;1010524735;مستلزمات المرأة;https://younna1.com;https://instagram.com/younna1saco;https://twitter.com/younna1sa;care@younna1.com;533820319;Active;0;0
e6storre;مكريناا ستورري;;تسويق إلكتروني;https://t.me/MC_Accoants;;;cc05530565011@gmail.com;592214357;Not Active;0;0
Devpoint;ديف بوينت;4030418022;كوافيرة و تجميل;https://ajmalsalon.com/;https://instagram.com/ajmal_salon;https://twitter.com/Ajmal_salon;sa.ajmalsalon@gmail.com;539424656;Active;0;0
ArwiqaStore;متجر أروقة;4031247430;إلكترونيات واكسسورات;https://store.arwiqa.sa;;;info@arwiqa.sa;502903136;Active;0;0
trd;ترد;4030360011;أخرى;https://www.trd.sa;;;care.trd.sa@gmail.com;597178549;Active;0;0
waa shop;واء;4031248446;أخرى;https://s.salla.sa/;;;waashop1@gmail.com;546865515;Active;0;0
Daggt oud Alghla;دقة عود الغلا ;;مستلزمات المرأة;https://salla.sa/d.oud.alghla;;;D.oud.alghla@gmail.com;552850061;Active;0;0
MNASK;مناسك  لعمرة البدل;;حلول إلكترونية;https://mnask.sa;;;help@mnask.sa;550787005;Active;0;0
B6ash UC Store;متجر بطاش لـ شدات ببجي;;أخرى;https://t.me/b6ash_store;;;b6ash.pubg@gmail.com;537834649;Active;0;0
Yllababa;يلا بابا;2057474061;أخرى;Https://www.yllababa.com;;;Motqatras@gmail.com;538221126;Active;0;0
Bukhary foods;أكلات بخارية;;مطبخ و مخبوزات;https://wsend.co/966532654099;;;bukhary009@gmail.com;532654099;Active;0;0
;بيع عملات رقميه بيتكوين بتكوين;;تسويق إلكتروني;https://t.me/nn_df;;;mnzar1745@gmail.com;582791070;Not Active;0;0
MA Shop;متجر ما;;إلكترونيات واكسسورات;https://salla.sa/ma_shop;;;monaalzahran07@gmail.com;550750430;Active;0;0
tawrid aleulya for information technology;مؤسسة توريد العليا لتقنية المعلومات ;5806100504;تسويق إلكتروني;https://tawrid.sa;https://instagram.com/tawridaleulya;;tawridaleulya@gmail.com;553864617;Active;0;0
alneiraabaya;عبايات النيرة على زبي واكطع;;تسويق إلكتروني;https://alneirgghsa.net/;;;alneiravbzbabaya@gmail.com;594097816;Not Active;0;0
 Shehana Sweet;حلا شيهانة;;مطبخ و مخبوزات;https://shehana-ksa.com;;;nadaabdul0036@gmail.com;503981596;Active;10;2
JN8STORE;متجر ابو دهب ١٩٩٢١;;تسويق إلكتروني;https://t.me/Jojr8_1;;;JWAHR1357777@gmail.com;542000874;Not Active;10;4
famousar;منصة الشهير للتسويق الالكتروني;1010574169;تسويق إلكتروني;https://www.famousar.com;;;eastfora.co@gmail.com;560930259;Active;0;0
MC ACCOOUNTS;مكرينا ستور;;تسويق إلكتروني;https://t.me/MC_Accoants;;;cc05530565011@gmail.com;592214357;Not Active;0;0
beyou;بييو;;مستلزمات المرأة;https://beyouksa.com/;;;beyouceo@gmail.com;502297919;Active;0;0
Panther SA;براند بانثر;4030413406;أخرى;https://panthersa.net/;;;PantherSA@outlook.sa;548093207;Active;0;0
OLDEN STORE;متجر أولدن ستور;;تسويق إلكتروني;https://t.me/OLDENSTOREE;;;Storeolden@gmail.com;553261185;Active;0;0
Deepak;ديباك للأقمشة الرجالية;3350101400;أخرى;https://deepak-hail.com/;;;Deepak_hail@hotmail.com;590700770;Active;0;0
merall store for beauty;مركز ميرال للجمال;1010720289;مستلزمات المرأة;https://wwwMeralll.com;;;Akram@meralll.com;552822229;Active;0;0
Yksb;يكسب;1010656748;حلول إلكترونية;https://yksb.sa;https://instagram.com/yksb.sa;https://twitter.com/YksbSa;yksb@yksb.sa;504639251;Active;0;0
Mobile accessories and cars ;ضيف الله محمد الحربي ;;تسويق إلكتروني;https://salla.sa/beta.market;https://instagram.com/daif99;;abo.shmo0o5@gmail.com;531000499;Active;0;0
lightingbaasket;مؤسسة سلة الإضاءة للتجارة ;;تسويق إلكتروني;https://t.me/lightingbaasket;;;info@lightingbaasket.com;566551664;Active;0;0
Kwamen Store;متجر كوامن;;أخرى;https://kwamenstore.com;;;kwamenstore@gmail.com;570084203;Active;0;0
AlOtaibi Commercial Electronics Est;مؤسسة العتيبي للاكترونيات التجارية ;;تسويق إلكتروني;https://haraj.com.sa/users/meralll/rate;;;Faisaltalaq@gmail.com;501949019;Active;2;1
Relax Store;متجر ريلاكس;;أخرى;https://relaxs.store/;;;d9.a9f1@gmail.com;500629090;Active;0;0
links;ووصلات;1122103126;إلكترونيات واكسسورات;https://salla.sa/liks.store;;;alhamdan945@gmail.com;592514204;Active;0;0
Organic Himalayan Salt;ملح الهملايا العضوي الطبيعي;1010494255;مطبخ و مخبوزات;https://osolkhairat.com/;;;osolkhairat@gmail.com;509403886;Active;0;0
RT car accessories;ريان لإكسسوارات السيارات;;السيارات;https://salla.sa/rtcar.sa;;;rayanpls1@gmail.com;580440440;Active;0;0
foam party Machine;جهاز رغوة الصابون;;أخرى;https://api.whatsapp.com/send?phone=+966556991702;;;Asmh191@gmail.com;556991702;Active;0;0
hkwmhstore;حكومه ستور;;تسويق إلكتروني;https://7-kw.com/;;;7kwmhstore@gmail.com;539999405;Active;10;2
suprecarestore;العناية الفائقة;;مستلزمات المرأة;https://salla.sa/giftatstore/;;;faisal.fraih@gmail.com;509247044;Active;10;1
Mardod;مردود;;تسويق إلكتروني;http://www.mardodapp.com;https://instagram.com/mardodapp;https://twitter.com/MardodApp;mardodapp@gmail.com;547050902;Active;0;0
azan;ازان ;;مستلزمات المرأة;https://azan.sa/#;;;beauty.azan@gmail.com;554066452;Active;0;0
99stor98;كس امككك ;;تسويق إلكتروني;https://t.me/KADOJl7;;;cc05530565011@gmail.com;598682953;Not Active;10;3
;مكتب عبدالرحمن الرحيلي للخدمات العامه;4650220329;حلول إلكترونية;https://www.madar.com/ksa_ar/cement-board.html;;;City-line-66@hotmail.com;566669878;Active;0;0
  MATGARALKHAIij;متجر الخليج الرسمي;;تسويق إلكتروني;https://t.me/mtgaralkhalij;;;rttore@gmail.com;592487710;Not Active;8.7;25
Aqna;اقنى;;حلول إلكترونية;https://www.safe-chages.com;;;Kja@alardha.com;504717896;Active;0;0
Exotic Fish SA;السمكة النادرة;;أخرى;https://exoticfishsa.com;;;sales@exoticfishsa.com;554090100;Active;0;0
TOZIX;توزيكس;1010680258;إلكترونيات واكسسورات;https://tozix-sa.com/;https://instagram.com/tozix_sa;;tozix.cs@gmail.com;501384636;Active;0;0
Graphints;جرافيروش;;تصميم وطباعة;https://salla.sa/graphirush;;;Al-hamyan@hotmail.com;538718648;Active;0;0
radaxon crystal;راداكسون كريستال;;تسويق إلكتروني;https://radaxoncrystal.com/collections/home-furnitures;;;radaxon@radaxoncrystal.com;576896833;Active;0;0
DeskJar Store;متجر ديسك جار;;تسويق إلكتروني;https://salla.sa/deskjar.com;;;ajmalbhco@gmail.com;590478396;Active;0;0
Everything For You;كل شيء من أجلك;;تسويق إلكتروني;https://evt4u.com/;https://instagram.com/evt_4u;;support@evt4u.com;597830779;Active;0;0
Odoric;ادوريك لبيع الشموع المعطرة;;مستلزمات المرأة;https://salla.sa/odoric/;;;3amermq@gmail.com;533579499;Active;0;0
champions ;متجر تشامبيونز ;;أخرى;https://salla.sa/champions1;https://instagram.com/champions.ed;;champions.ed1@gmail.com;507086119;Active;0;0
Lulu women's accessories;متجر لولو للنساء ;;مستلزمات المرأة;https://salla.sa/lolo5;https://instagram.com/mt1_lolo;;rnoo44007@gmail.com;598724388;Active;0;0
 Story STOP;ستوب;;تسويق إلكتروني;https://t.me/;;;TF01@gmail.com;553569324;Not Active;7.3;21
Candy store0;متجر حلويات مستوردة;;مطبخ و مخبوزات;https://salla.sa/laly.candy.srore;;;huda12alsayigh@gmail.com;508551788;Active;0;0
Chocolate lee;شوكولا لي ;4030177853;أخرى;https://chocolatelee.com/;;https://twitter.com/ChocolateleeKsa;Majed_babtain@hotmail.com;505685516;Active;0;0
Faa for organizing exhibitions and conferences;فاء لتنظيم المعارض والمؤتمرات ;4031243377;تخطيط مناسبات وحفلات;https://www.thefaa.net/;;;thefaa.net@gmail.com;503320239;Active;0;0
e9storre;مافي شرف هههههه;;تسويق إلكتروني;https://t.me/KADOJl7;;;cc05530565011@gmail.com;598682953;Not Active;0;0
zozosweet   ;حلويات زوزو;;مطبخ و مخبوزات;https://maroof.sa/881;;;zozosweets2014@gmail.com;558934729;Not Active;0;0
Whitestore ;المتجر الأبيض ;;أخرى;https://1whitestore.com/;;;Reves.bajaber@gmail.com;568503369;Active;0;0
Mutqen for IT;متقن لتقنية المعلومات;;حلول إلكترونية;https://mutqen.net/;;;info@mutqen.net;556320667;Active;0;0
takweenagency;وكالة تكوين;1010660248;تسويق إلكتروني;https://salla.sa/takween700;;;takeenagency@gmail.com;598893354;Active;0;0
Beauty Shot;لقطة جمال;2050145558;تصوير;https://60b2c217345c1.site123.me/;https://instagram.com/beautyshot75;https://twitter.com/Beautyshot2;beauty.shot75@gmail.com;548385896;Active;0;0
3wether Tv;بيع اشتراكات تلفزيون وفديو ;;إلكترونيات واكسسورات;https://3wether.com/;https://instagram.com/3wether;;Abdulrhman.az1109@gmail.com;533311884;Active;0;0
safty cam;كام الامان;;إلكترونيات واكسسورات;https://salla.sa/safty_cam;;;saftycam68@gmail.com;552828454;Active;0;0
SAFA SHOP;سعودي فنتاستك;;أخرى;https://zid.store/safashop4;;;yyy4390@hotmail.com;596737030;Active;0;0
Softlix;سوفتلكس لتقنيه المعلومات ;4030320582;حلول إلكترونية;https://softlix.net/;;;info@softlix.net;545472492;Active;0;0
Alfabtt;متجر الفا بت;;إلكترونيات واكسسورات;https://alfabtt.com/;;;Ox33ox1411@gmail.com;550758750;Active;0;0
majeedacademy;أكاديمية مجيد ;;خدمات أكاديمية;https://majeedacademy.msaaq.net/;;https://twitter.com/majeedacademy;majeedmotions@gmail.com;552429981;Active;0;0
Afkar Alenara;أفكار الإنارة;4030366267;أثاث وديكور;https://afkaralenara.com/;https://instagram.com/afkar_alenara;;afkar.alenara@gmail.com;503683009;Active;0;0
MHS JEWELLERY ;مجوهرات إم إتش إس;;أخرى;https://mhsjewellery.com;;;mhsjewellery@hotmail.com;505303636;Active;0;0
T AND T KSA PERFUME;تي اند تي لعطور النيش ;1010652348;أخرى;https://t-t-ksa-perfume.com/;;;thaar.perfume@gmail.com;557011594;Active;0;0
lwzy;لوزي ;;تصميم وطباعة;https://salla.sa/lwzy03/;https://instagram.com/lwzy03;https://twitter.com/lwzy03;myalmond03@gmail.com;504390939;Active;0;0
Athr perfumes ;أثر للعطور ;1010693361;أخرى;http://athrksa1.com/;;;athr4444@gmail.com;552943444;Active;0;0
FR PUPG ;بيع حسابات ببجي اا;;تسويق إلكتروني;https://t.me/FR_33;;;FRPUPG@gmail.com;546779736;Active;0;0
ETR   SATI3;عطر ساطع;1010724196;تسويق إلكتروني;https://sati3.com;;;etr.sati3@gmail.com;591356849;Active;0;0
wadhefa tik;وظيفة تك;1010681901;أخرى;https://www.wadhefatik.com;;;wadhefatik1@gmail.com;542320335;Active;0;0
al qaysar;القيصر;4603144877;إلكترونيات واكسسورات;https://al-qaysar.com/;;;muh111151@gmail.com;568722411;Active;10;5
MyCar ;سيارتي ماي كار;;السيارات;https://wsend.co/966553034683;;;Wed-n@hotmail.com;553034683;Active;0;0
;نخبة القهوة العربية;;مطبخ و مخبوزات;https://maroof.sa/204267;;https://twitter.com/cooffe131;huda20010nn@gmail.com;566152036;Active;0;0
Chaplin  Restaurant;مطعم شابلن;1010901708;مطبخ و مخبوزات;https://chaplinrestaurant.com/;;;info@chaplinrestaurant.com;540909040;Active;0;0
NAWAT ALMADINA FOR COMMUNICATIONS AND INFORMATION;نواة المدينة للاتصالات وتقنية المعلومات;4650216055;حلول إلكترونية;https://nawat-md.com/;https://instagram.com/inf.nawat;https://twitter.com/Nawat_md;info@Nawat-md.com;555316242;Active;0;0
Fresh Mart;فريش مارت;4030383139;تسويق إلكتروني;http://groceryadmin.node.indianic.com/#/login;;;mohamedalroqe@hotmail.com;556020511;Active;0;0
Harran shop;متجر الهران ;;تسويق إلكتروني;http://salla.sa/d99;https://instagram.com/d99_;;Kkahleel1998@gmail.com;542788634;Active;0;0
mnaberabar;مؤسسة منابر و آبار  للمقاولات العامة;4030387477;تسويق إلكتروني;https://mnaberabar.com/;;;mnaberabar@gmail.com;551167898;Active;0;0
Daylight ;دايلايت;;أخرى;https://salla.sa/daylight22;;;daylightstore22@gmail.com;556634661;Active;0;0
Tahthegah ;تحديقة;;مطبخ و مخبوزات;https://salla.sa/reres_bite/;;;Amaal0567@icloud.com;506637020;Active;0;0
99storre77;ميش ستـوررررر;;تسويق إلكتروني;https://t.me/STAR_pPubg;;;cc05530565011@gmail.com;590630688;Not Active;0;0
INKVERSE;إنكفرس;;أخرى;https://salla.sa/inkverse/;https://instagram.com/iinkverse;https://twitter.com/INKVERSE1;zasaha.994@gmail.com;503820621;Active;10;1
Nightingale Restaurant of Damascus;مطعم العندليب الدمشقي;4030383601;مطبخ و مخبوزات;https://fast-food-restaurant-4990.business.site/?utm_source=gmb&utm_medium=referral;;;anastama40@yahoo.com;509581930;Active;0;0
fleckup abha;فلك ابها;1010451707;إلكترونيات واكسسورات;https://www.fleckup.com;;;wadha.com@gmail.com;556566811;Active;0;0
Cleanlife;كلين  لايف;1010513163;أخرى;https://s.cleanlife.sa;;;mohammed@cleanlifeco.com;533334758;Active;0;0
Hafawa;حفاوة;4031208040;حلول إلكترونية;http://hafawa.co/;https://instagram.com/hafawa.co;https://twitter.com/Hafawa_co;sales@hafawa.co;552340000;Active;10;4
bahrmedical;بحر الطبية ;2251498022;تسويق إلكتروني;https://salla.sa/bahrmedical.com/;;;jawaheraloud@hotmail.com;541131040;Active;0;0
;متجر أثمن هديه;1131299673;الحرف والصناعات اليدوية;https://salla.sa/qaran2;;;giftathmn@gmail.com;564346414;Active;0;0
;موسسة الانامل الذكية;1010664991;تسويق إلكتروني;http://www.cosmabus.com/;;;cosmabuss@gamil.com;550500643;Active;0;0
filerole system;أنظمة فايل رول;1010645733;حلول إلكترونية;https://www.filerole.com;;;info@tmtc.sa;554053599;Not Active;0;0
Nota lab;نوتة لاب;;أخرى;https://notalabsa.com/;;;notalabsa@gmail.com;541011589;Active;0;0
Al Shadhi Oud Store;متجر الشذي للعود ;;أخرى;https://alshthe.com/;https://www.instagram.com/alshthe_3ud/;;alshthe.3ud@gmail.com;590172202;Active;0;0
pubg accounts sstore;متجر لبيع حسابات ببجي ء;;أخرى;https://t.me/SX_16;;;mohammedbusins@gmail.com;590784921;Active;8.8;20
creativity store accounts pubg;متجر الابداع لحسابات بيبجي الانتباه من النصابين;1010663953;تسويق إلكتروني;https://salla.sa/tnian/;;;tniantnian@gmail.com;531674559;Active;0;0
AVNOSS;أفنوس;2050141707;تسويق إلكتروني;https://www.avnoss.com;;;glossiansa@gmail.com;541514462;Active;0;0
FlorRojaa;فلور روجا;;مستلزمات المرأة;https://florrojaa.com;https://instagram.com/florrojaa;;florrojaasa@gmail.com;534430319;Not Active;0;0
The work is stoped ;موقف العمل;;العقارات;https://www.www.biz;;;hwhhss35@gmail.com;578216236;Not Active;10;3
laver flower;لافير فلاور;4030391591;تخطيط مناسبات وحفلات;https://salla.sa/laver_flower;https://instagram.com/laver_flower;https://twitter.com/laver_flower;LaverFlower@gmail.com;577264093;Active;0;0
KHUSHAIM FOR GHEE AND ORIGINAL HONEY ;خشيم للسمن البري والعسل الأصلي;4650223635;مطبخ و مخبوزات;https://www.Khushaim-honey.com;;https://twitter.com/Khusheim;khushaim.honey@gmail.com;544308836;Active;0;0
the strawberry;فراوله;;مطبخ و مخبوزات;https://zid.store/the-strawberry;https://instagram.com/t9u_n;;ascoooo850@gmail.com;549974461;Active;0;0
Howi Trading Est;موقع هـاوي لتجارة ;1010672096;تسويق إلكتروني;https://www.howi.sa;;;albarakit@gmail.com;582812322;Active;0;0
MTGAR AL RIYAD;مـتـجر الـرياض الرسمي;;تسويق إلكتروني;https://t.me/ryadh1story;;;Alreat_su@gmail.com;594596802;Not Active;8;8
6cornerz;متجر ستة زوايا ;5850130313;مستلزمات المرأة;https://6cornerz.com/;;https://twitter.com/sixcornerz;info@6ornerz.com;599819979;Active;0;0
Speed Horizon General Services;أفق السرعة للخدمات العامة ;;أخرى;https://salla.sa/speedhorizon;https://instagram.com/speedhorizon;;speedhorizon@outlook.sa;567600073;Active;0;0
 Electronic servicess;خدددمات الكترونية;;أخرى;https://wa.me/message/KTA3WEUCSCCXB1;;;wwadsayah1417@gmail.com;556000814;Active;0;0
flow store;متجر فلو;2526100132;تسويق إلكتروني;https://t.me/FLOW200;;;show.alk5@gmail.com;550958321;Active;4;4
One heart ;قلب واحد;;تسويق إلكتروني;https://t.me/Store1H;;;rwnu160@gmail.com;591438761;Active;0;0
Pubg Panda Store;متجر باندا  لبيع حسابات ببجي ;1012101909;أخرى;https://t.me/p3nda_3;;;P3nd3a@gmail.com;550714420;Active;10;8
OneBrand;ون براند;;إلكترونيات واكسسورات;https://www.salla.sa/onebrand;;;cs.onebrand@outlook.com;507717720;Active;0;0
Nawaheloud;نواهل للعود;;أخرى;https://nawaheloud.com/;;;oud.3312@gmail.com;537080628;Active;0;0
montagaty;تطبيق منتجاتي;2051039210;حلول إلكترونية;https://montagate.net/;;;abdr731@hotmail.com;558085582;Active;0;0
maeawinuk;معاونك;;تسويق إلكتروني;https://maeawinuk.com/;https://instagram.com/maeawinuk;https://twitter.com/maeawinuk;maeawinuk@gmail.com;503998836;Active;0;0
AtaybALbaiT;أطايب البيت;2050146392;تسويق إلكتروني;https://salla.sa/ataybalbait/;;;fitting7co@gmail.com;509460273;Active;0;0
PUBG REEM STOREx ;متجر  ريم لبيع حسابات ببجي;;تسويق إلكتروني;https://t.me/rem_60;;;Rempubg@gmail.com;590085896;Active;7.3;3
Rawan x  store;ستور روان لبيع حسابات وشحن شدات ببجي;;تسويق إلكتروني;https://t.me/pubg_rwa;;;Rwaanbg@gmail.com;591649157;Active;10;3
Hooney;عسل السدر البلدي الصافي;;أخرى;https://salla.sa/alnorihoney;;;Mutabalq@gmail.com;534419899;Active;0;0
ALNMQ;النمق;;الحرف والصناعات اليدوية;https://salla.sa/alnmq_sa/;https://instagram.com/alnmq_sa;;alnmq.sa@gmail.com;501410032;Active;0;0
COATED;كوتيد;;مطبخ و مخبوزات;https://salla.sa/coated;https://instagram.com/coated.ksa;;coated.ksa@gmail.com;550223277;Active;0;0
;شركة دلتا الاغذية للتصنيع;;تسويق إلكتروني;https://www.agthia.com;;;ayman.mobarki@agthia.com;544635664;Active;0;0
Kalemat Store;متجر كلمات;1010723647;تصميم وطباعة;http://kalematstore.com/;;;KalematStore@outlook.com;556123560;Active;0;0
EVENTI APP;تطبيق ايفنتي;1010604583;حلول إلكترونية;http://www.eventiapp.com;;;eventiappsa@gmail.com;545550557;Active;0;0
VIOLETTESA;فيوليت كوم;1128181040;تسويق إلكتروني;https://www.violettesa.com;https://instagram.com/violettesacom;https://twitter.com/violettesacom;violettesacom@gmail.com;541015681;Active;0;0
swar amera;سوار اميرا;2511121444;مستلزمات المرأة;https://swaramera.com/;;;alialassaf003@gmail.com;545425679;Active;10;1
Odell store ;متجر اوديل ;1010647769;تسويق إلكتروني;https://odell4.com/;https://instagram.com/odell4_;;odell4.sa@gmail.com;551371890;Active;0;0
MEEMUC;شدات ميم ;;تسويق إلكتروني;https://t.me/MEEMUC;;;meem.sn.94@hotmail.com;548440463;Not Active;0;0
canopus star;النجم سهيل;;أخرى;https://salla.sa/canopusstar;;;Rhoufe3li@gmail.com;552251248;Active;0;0
AHMstore;متجر ايه اتش ام ;2063606849;تسويق إلكتروني;https://ahm-store.com;;;admin@ahm-store.com;566006189;Active;0;0
The Global TV;ذا قلوبل تي في;;أخرى;https://salla.sa/theglobaltv/;https://instagram.com/theglobaltv.sa;;fowzan1020@gmail.com;538482741;Active;10;1
E T R Y;براند عـطـري;;أخرى;https://wa.me/message/Q7HYCMCMWKWTP1;;;al.doogaan@hotmail.com;590980811;Active;0;0
afnanista;افنانيستا;;أخرى;https://afnanista.com/;https://instagram.com/afnanista.store;;info@afnanista.com;560608158;Active;0;0
alanoud perfume;عطور العنود;;تسويق إلكتروني;https://alanoudperfume.com/;;;alanoud.perfumes@gmail.com;502060759;Active;0;0
;مخبز حائل كيتو ;;مطبخ و مخبوزات;https://iwtsp.com/966570071298;https://instagram.com/keetto2030;;keetto2030@gmail.com;570071298;Active;0;0
Cobra bro;كوبرا برو;;حلول إلكترونية;https://salla.sa/essa1997iptvgmail.com/;;;essa1997iptv@gmail.com;569464557;Active;0;0
Calma Pubg;كالما ببجي;;حلول إلكترونية;https://t.me/calmapubg_info;;;rylchi.95@gmail.com;505335776;Active;9.9;11
Asn center;أسن سنتر;;مستلزمات المرأة;https://asn-center.com/;https://instagram.com/asn.center;;Asn-center@hotmail.com;553829126;Active;0;0
Sport Touch;اللمسة الرياضية;;أخرى;https://sport-touch.com;https://instagram.com/sport_touch;https://twitter.com/SPORT_TOUCH0;sporttouch.ksa@gmail.com;582849007;Active;0;0
gold smith;صايغ الذهب للمجوهرات;;أخرى;https://salla.sa/goldsm;;;d4expos.net@gmail.com;590003153;Active;0;0
T shirt;تيشيرت;1132112459;تصميم وطباعة;https://salla.sa/mountain.sa;https://instagram.com/mountaincompany.ksa;https://twitter.com/MountainKSA;mountain.info.sa@gmail.com;553904054;Active;0;0
Mlamhna;ملامحنا;;أخرى;https://mlamhna.online/;;;ssl0@hotmail.com;504407983;Active;0;0
os store1;متجر اوس ;5901720786;إلكترونيات واكسسورات;https://osamah.sa/;;;osaammhh.bus@gmail.com;501797864;Active;0;0
Kubrii;كبري;4030409555;تسويق إلكتروني;https://kubrii.com;;;Ib.ib.ib1993@gmail.com;582700065;Active;0;0
SABBA Telecom;سباع للاتصالات;;إلكترونيات واكسسورات;https://7sabba.com;https://instagram.com/7sabba_sa;;7sabbaa@gmail.com;566841011;Active;10;1
ARTONACCI;آرتوناتشي;;الحرف والصناعات اليدوية;https://artonacci.com/;;;Care@artonacci.com;544777237;Active;0;0
selvertool;العدد الفضية;4030383542;السيارات;https://selvertool.com/;;;Selvertools.est@gmail.com;536663676;Active;0;0
Hoodinecx;هودينكس;;أخرى;https://salla.sa/hoodinecx;;;Hoodinecx@gmail.com;590721732;Active;0;0
DJ SHOP;متجر دي جي;;تصميم وطباعة;https://djshopsa.com;;;ddshop@outlook.sa;502025023;Active;0;0
AHLAN WASHLAN;اهلا وسهلا للتجارة والتسويق;4030380682;تسويق إلكتروني;https://ahlanwashlan.com.sa/;;;info@ahlanwashlan.com.sa;533125754;Active;0;0
The stock;ذا ستوك;1010637246;أخرى;https://thestock.sa/;;;info@thestock.sa;508948188;Active;0;0
Alnasela ;النسيلة;4031248273;أخرى;https://alnasela.com/;https://instagram.com/alnasela;;Alnaseela@gmail.com;544002665;Active;0;0
TeRaG Telecom;تي راق لأتصالات ;;إلكترونيات واكسسورات;https://terag2.com;;;Eymm503@gmail.com;563121503;Active;0;0
tsmym2020;متجر تصاميم مبتكره;;الحرف والصناعات اليدوية;https://www.picuki.com/profile/tsamym2020;;;7saba.9ef@hotmail.com;500643702;Active;0;0
;أوقات للساعات ;;كوافيرة و تجميل;https://salla.sa/yux.sall.sa;;;yy332278@gmail.com;580056383;Active;0;0
Tlydah;تليده;1010698734;مستلزمات المرأة;https://tlydah.com/;;;Tlydahbeauty@gmail.com;503558718;Active;0;0
;مؤسسة حبات الهيل التجارية;;أخرى;https://habatalhill.com/;;;habatalhill@gmail.com;597276602;Active;0;0
Alnajm E Marketing;النجم للتسويق الالكتروني;4032235664;تسويق إلكتروني;https://salla.sa/alnajm/;;;A9000go@gmail.com;566767688;Active;0;0
abdalhadi alqhtani;متجر فك ايكلاود ;;حلول إلكترونية;https://whatsapp.com/biz/;;;kasser_1@outlook.com;501237756;Active;10;1
Beach Plz Shop;بيتش بليز شوب;4030418831;أخرى;https://beachplz.shop;;;yara@vanguardcreative.xyz;551238767;Active;0;0
dars platform;منصة درس التعليمية;4030310117;خدمات أكاديمية;https://dars365.com;;;Dars365Online@gmail.com;555047157;Active;0;0
SASM;ساسم;;إلكترونيات واكسسورات;https://salla.sa/sasm/;;;ahmed.aa.1418.aa52@gmail.com;553149560;Active;0;0
Free pubg widgets;شحن شدات ببجي وعرض حسابات;;تسويق إلكتروني;https://t.me/alaz112;;;ba1239133@gmail.com;502278787;Not Active;0;0
hihomey ;متجر هاي هومي;1010328862;أخرى;https://www.hihomey.net;;;care@hihomey.net;537477789;Active;0;0
pubg accounts sale store;متجر البيع حسابات بوبجي;;أخرى;https://t.me/joinchat/RgJxdn4J2r0ERJZi;;;iii9900iii0000@gmail.com;591169305;Active;8.8;20
Zahra store for accessories design;متجر زهره لبيع الإكسسورات;;الحرف والصناعات اليدوية;https://zahorstore.com/;;;Z11550z@hotmsil.com;543475564;Active;0;0
tharb;متجر ذرب;5850131832;إلكترونيات واكسسورات;https://salla.sa/store_tharb;;;s.thar.sa@gmail.com;533449453;Active;0;0
kids skills ksa;مهارات الاطفال ;1010524258;أخرى;https://kidsskillsksa.com/;;;kisd.skills.ksa@gmail.com;501772433;Active;0;0
smart line Atayeb for catering services Est;مؤسسة أطايب خط الذكاء لخدمات الاعاشة;1010669534;مطبخ و مخبوزات;https://www.atayebkitchen-sa.com;;;info@smartline-sa.com;569280644;Active;0;0
script;سكربت;;أخرى;https://salla.sa/script/;;;aakhald02@gmail.com;558868040;Active;0;0
Storee Ksa;متجر ك إس اي;;تسويق إلكتروني;https://almasa1.com/;;;m14noo@hotmail.com;500140316;Active;0;0
FAHADZ STORE;متجر فهدز;;أخرى;https://salla.sa/fahadz;;;almhajjer1@gmail.com;597409999;Active;0;0
XO;اك او;;مستلزمات المرأة;https://salla.sa/xxoostore;;;Alanoodaldwish11@gmail.com;537452987;Not Active;0;0
Gift abdullah;عبدالله للهدايا;;تسويق إلكتروني;https://salla.sa/gift_riyadh1;https://instagram.com/gift_riyd88;;Aboodhamadd44@gmail.com;537394475;Active;0;0
Mesh store;ميش ستورر;;تسويق إلكتروني;https://t.me/httpsmjeed010;;;Meshstore090@gmail.com;559953790;Not Active;2;1
 Sumaah Aeilania;سمعه اعلانية;4030418484;تصميم وطباعة;https://salla.sa/www.sumaah.est.com;https://instagram.com/sumaah.sa;;sumaah.sa@gmail.com;544110186;Active;0;0
walimah stor;متجر وليمه;;مطبخ و مخبوزات;https://salla.sa/walima;;;sul30malki@gmail.com;532325208;Active;0;0
KAVE Store;كيف ستور;;تسويق إلكتروني;https://kavestore.com;https://instagram.com/kavestoree;;kkavestore@gmail.com;536868536;Active;0;0
Shopping with basher;التسوق مع بشاير ;;أخرى;http://shoppingwithbashayr.business.site;;;bdk.alkhammash@hotmail.com;596564082;Active;0;0
Sera store;سيرا متحر;;تسويق إلكتروني;https://t.me/joinchat/ChtOs0Euu7lmNzdk;;;Poffbbg@gnail.com;509707710;Not Active;0;0
winv;وينف;;تسويق إلكتروني;https://winvsa.com;https://instagram.com/winv_sa;https://twitter.com/Winv_sa;c@winvsa.com;501053608;Active;0;0
Abad;كسختك;;تسويق إلكتروني;https://t.me/Abaccs;;;Abdlij@gmail.com;547557134;Not Active;7.7;7
Othuk Aldiriyah;عذوق الدرعية للتمور;;أخرى;https://salla.sa/kingdom_ars/;https://instagram.com/othuk_aldiriyah;;abdulilahsa23@gmail.com;508000331;Active;0;0
Mega Shirt;ميقا شيرت;;أخرى;https://salla.sa/mega_shirt;https://instagram.com/mega_shirt;;yosr.rambo@gmail.com;539411817;Active;0;0
Dev Store;ديف ستور;4032042266;حلول إلكترونية;https://dambi.co;;;sales@dambi.co;531022311;Active;0;0
NUN STORE;ستور نون;;إلكترونيات واكسسورات;https://nunpubg.com/;;;Nou_f_3@outlook.com;501061637;Active;10;1
Salena store;متجر سلينا;4031249263;تسويق إلكتروني;https://salla.sa/calena.com/;https://instagram.com/stor_salena;;hla251@hotmail.com;508303546;Active;0;0
FIGWE;فيجوي;;حلول إلكترونية;https://www.figwe.com;;https://twitter.com/figweco;info@figwe.com;569699979;Active;0;0
Closed case;قضية مغلقة;;أخرى;https://closedcase-sa.com/;https://instagram.com/closedcase.sa;;Closedcase.sa@hotmail.com;533384876;Active;0;0
code to followers;متجر رمـــز لزيادة المتابعين;;حلول إلكترونية;https://salla.sa/rmz-sa/;https://instagram.com/rmz_media;;arabf97777@gmail.com;565046261;Active;0;0
Bahara App;تطبيق بحارة;4700113598;أخرى;http://www.baharaa.com/;;https://twitter.com/Baharaboot;info@baharaa.com;557097812;Active;0;0
Elevate;شركة الإرتقاء الحديث للديكور;4030419370;أثاث وديكور;https://elevate-arch.com/;https://instagram.com/elevate_arch;https://twitter.com/Elevate_Arch;info@elevate-arch.com;582226446;Active;0;0
Deer abayaah ;عباية الغزال;;مستلزمات المرأة;https://www.deerabayaah.com;;;Deer.abayaah@gmail.com;500350328;Active;0;0
;مؤسسة غرب الاحتراف لتقنية المعلومات;4702101561;تسويق إلكتروني;https://sites.google.com/view/westprofi;;;wepro5000@hotmail.com;532092891;Active;0;0
Arabic women ;متجر المرأة العربية اوت لت ;1134101053;مستلزمات المرأة;https://www.arabicwoman.com.sa/;;;arabicwoman.com.sa@gmail.com;508145311;Active;0;0
Panda storee;حسابات الباندا;;تسويق إلكتروني;https://pandapubg2.com/;;;kaka911_2010@hotmail.com;535305609;Active;0;0
abayatalmutahajbat;عبايات المتحجبات ;4030269159;مستلزمات المرأة;https://abayatalmutahajbat.com/;https://instagram.com/almutahajbat;https://twitter.com/almutahajbat;almutahajbat@gmail.com;567677463;Active;0;0
Qawarat platform for information systems technolog;مؤسسة منصة قوارب لتقنية نظم المعلومات;4650214816;أخرى;https://qauareb.com/;;;waseetplatform@gmail.com;500511721;Active;0;0
Fasila  farming Platform Corporation;مؤسسة منصة فسيلة الزراعية;4650231135;أخرى;https://faseelah-app.com/;;;waseetplatform@gmail.com;500511721;Active;0;0
OOODY;او دي;2050121989;تسويق إلكتروني;https://ooody1.com/;;;mozn1.hsk@gmail.com;557730962;Active;0;0
The Soup Bouquet Establishment ;مؤسسة باقة صابون التجارية;;الحرف والصناعات اليدوية;https://www.baqat-saboun.com;;;Baqatsaboun@gmail.com;536468634;Active;0;0
Loud creative ;لاود الابداعية;;تسويق إلكتروني;https://loudcreative.net/;;https://twitter.com/loud_creativesa;Info@loudcreative.net;552978405;Active;10;4
Azura;ازورا;4650220414;مستلزمات المرأة;https://azurasa.myshopify.com/;;;azurasacall@gmail.com;580164210;Active;0;0
Jsjdid;وينبن;;أخرى;https://t.me/VF_;;;cdf13@gmail.com;552974265;Active;8.3;33
online website;كراتين;;أخرى;https://www.krteen.com;;;krteens@gmail.com;566304582;Active;0;0
la tazza;لا تازا ;;أخرى;https://salla.sa/latazza.com/;;;latazza.store@gmail.com;505133861;Active;0;0
7ekayh;حكاية 1;;الحرف والصناعات اليدوية;https://7ekayh.com;;;7ekayh.store@gmail.com;505381594;Active;0;0
LAM MACRAME;لام مكرمية;;الحرف والصناعات اليدوية;https://salla.sa/lam.macrame/;https://www.instagram.com/lam.macrame/;;LAM.Macrame2021@gmail.com;543357708;Active;0;0
month at almohrah;منتجات المهره ;;مستلزمات المرأة;https://www.maroof.sa;;;zeezo2510@gmail.com;530406298;Active;0;0
eveningqueen oil;متجر  ايفنج كوين;5850122754;أخرى;https://salla.sa/evening-queen/OXrDEm;;;info@evening-queen.com;591055818;Active;0;0
Pro Diet;الدايت الاحترافي;;أخرى;https://is.gd/DaA34P;https://instagram.com/pro1diet;;Pro1diet@gmail.com;551009950;Active;0;0
Help Hubs;مؤسسة محاور المساعدة;2050240634;أخرى;https://www.abrajalwahaj.com/;;;info@abrajalwahaj.com;506585571;Active;10;1
thameenaloud;ثمين العود;4030370050;أخرى;https://thameenaloud.com/;;;thamenaloud@gmail.com;555593851;Active;0;0
Mwhah store;موهاا ستور;;تسويق إلكتروني;https://t.me/n7fer;;;wsytwsyt12@gmail.com;559953790;Not Active;10;1
MC ACCOUNTS;متجر ماكرينا ;;تسويق إلكتروني;https://t.me/MC_gfhAconnts;;;ana1ghadir@hotmail.com;566029615;Not Active;10;18
almadina optical;نظارات المدينة ;1010081322;أخرى;https://almadinaopt.com/;;;ahmed.hashem@almadina.com.sa;530056386;Active;0;0
Ishraq Platform ;منصة اشراق;4030418672;تسويق إلكتروني;https://ishraq.org;;;Ishraq_customercare@hotmail.com;578494961;Active;0;0
CLICS STORE;متجر كلكس;;إلكترونيات واكسسورات;https://clicsstore.com/;;;clics.uno@gmail.com;500161237;Active;0;0
waheb store;متجر واهب;2050143828;أخرى;https://wahebstore.com;;;manager@lionek.com;509709992;Active;0;0
ALMAHA FOR OUD AND BAKHOOR;متجر المها للعود والمعمول;;أخرى;https://salla.sa/maha.oud;https://instagram.com/almaha_oud1;https://twitter.com/almaha_oud40;gmela0987@gmail.com;583774719;Active;0;0
HN For Laser ;إتش إن لأجهزة الليزر المنزلي;;مستلزمات المرأة;https://twitter.com/hnn611;;https://twitter.com/hnn611;hanoufsaad99@gmail.com;558795467;Active;0;0
Agricultural Cooperative Society in AlQunfudhah ;الجمعية التعاونية الزراعية بمحافظة القنفذة;;تسويق إلكتروني;https://www.aca2030.com;https://instagram.com/qunfudah1493;https://twitter.com/qunfudah1439;qunfudah1439@gmail.com;504966449;Active;0;0
accounts sales;الجـوكر لحسابات لعبة ببجي موبايل;;أخرى;https://t.me/Joker2021PUBG;;;alsultan-forex@hotmail.com;556627134;Active;0;0
;شوماركت ;;إلكترونيات واكسسورات;https://salla.sa/shomarkt.com;;;alharbiadil40@gmail.com;556964478;Active;0;0
yaqootaa;ياقوته;;أخرى;https://yaqootaa.com;;;meemo8345@gmail.com;554198816;Active;0;0
Flirid;مبنبنبه;;أخرى;https://t.me/V;;;mohammel@gmail.com;561198736;Active;7;8
Lavendura;لافندورا;2062618311;أخرى;Https://www.lavendura.com;;;Sultan_ee@hotmail.com;532226121;Active;0;0
Rshft alasal 1;رشفة العسل 1;;أخرى;https://salla.sa/rshft_alasal/;https://instagram.com/rshft_alasal;;abdu-260026a@hotmail.com;504706680;Active;0;0
Your way 2 STEP;طريقك للستيب;;خدمات أكاديمية;http://yourway2step.teachable.com/;;;Toka.Akrad@gmail.com;550073727;Active;10;1
hoot alwatan trading est;حوت الوطن التجارية;2062617946;تسويق إلكتروني;http://www.hootksa.com;;;hootwksa@gmail.com;568167000;Active;0;0
DmartSA;متجر دي مارت;;تسويق إلكتروني;https://d-mart.net/;https://instagram.com/dmartsa;;D.mart4care@gmail.com;503050336;Active;0;0
Beautys Look;نظرة الجمال;5900126491;مستلزمات المرأة;https://beautylo-ok.com/index.php?route=common/home;;;Myolah-2013@hotmail.com;533464679;Active;0;0
LEARY;لـــيـــــــــــري;1010575985;أخرى;https://learysa.com;;;learyksa@gmail.com;544613717;Active;0;0
Zooz oil;زيت زوز ;1010722717;مستلزمات المرأة;https://www.maroon.sa;;;Zoo.al.alswelm@gmail.com;500359678;Active;10;1
Queen Cool;كوين كول;1010636181;مستلزمات المرأة;https://queencoool.com/;https://instagram.com/queencoool;;queeencool21@gmail.com;567108770;Active;0;0
Store selling widgets recharge acc;مممم;;أخرى;https://t.me/PU;;;pubgameer55@gmail.com;576480330;Active;10;10
Mykitchen0;مستلزمات مطبخي;;أثاث وديكور;https://salla.sa/my.kitchen1_;;;My.kitchen110@gmail.com;554554380;Active;0;0
LOLO2030;لولو٢٠٣٠;;تسويق إلكتروني;https://salla.sa/lolo_2030/;;;Moo1000000@hotmail.com;501211698;Active;0;0
DOLAN;دولان;1010722352;مستلزمات المرأة;https://dolansa.com/;;;dolanlehather@gmail.com;500243453;Active;0;0
Balbid Store;بالبيد;1010679841;أخرى;http://www.balbid.com/;;;msbalbid.store@gmail.com;500561180;Active;0;0
;مسوقة اون لاين ;;تسويق إلكتروني;https://www.blogger.com/blog/posts/4989459811543499575?hl=ar&tab=jj;;;meem_47@outlook.sa;500226945;Active;0;0
Pandoo;باندوو;;أخرى;https://salla.sa/pando;;;pandolam15@gmail.com;581448905;Active;0;0
karakibint;كراكيب العالمية ;1010681335;إلكترونيات واكسسورات;https://zid.store/karakibint;;;zain@karakibint.com;501507404;Active;0;0
aksswar Selling mobile phone accessories and acces;اكسسوار لبيع الاكسسوارات وملحقات الجوال;1010721965;تسويق إلكتروني;https://aksswar.com/;https://instagram.com/aksswarshop;https://twitter.com/aksswarshop;hreak11@gmail.com;544841123;Active;0;0
sook point website;موقع نقطة السوق;;أخرى;https://sookpoint.com;https://instagram.com/sookpoint;https://twitter.com/SookPoint;samitrade3@gmail.com;508511557;Active;0;0
alfakraood;الفاخر للعود;;تسويق إلكتروني;https://salla.sa/alfakraood;;;Waq4waq@hotmail.com;504837128;Active;0;0
ksacraftts;حرف للاعمال  والمشغولات اليدوية ;1010698613;الحرف والصناعات اليدوية;https://ksacrafts.com/;https://instagram.com/ksa.crafts;;ksaacrafts@gmail.com;504691072;Active;0;0
HARD PUBG;هارد ببجي ;;أخرى;https://t.me/HardAccs;;;omaarahmad1417@gmail.com;502800723;Active;6;2
99storrre;جمااالنه ستوري;;تسويق إلكتروني;https://t.me/STAR_pPubg;;;cc05530565011@gmail.com;590630688;Not Active;10;2
LAVENDER SA;لافندر اس ايه;;مستلزمات المرأة;https://salla.sa/lavstore/;https://instagram.com/lvnstoree;https://twitter.com/Lvnstore;lavenderstore05@gmail.com;580160691;Active;0;0
Rawad Alnukhbah; رواد النخبة;;أخرى;https://wa.me/966114880171;;;info@alnukhbah.com.sa;501925658;Active;0;0
Mura;موراا;;إلكترونيات واكسسورات;https://salla.sa/mura;;;Muraa2021@gmail.com;581716615;Active;0;0
ODOUR;رائحة;;تسويق إلكتروني;https://salla.sa/odour;;;ODOUR_SA@hotmail.com;556373229;Active;0;0
Jeddah RC Drift Team;فريق حلبة جدة للدرفت;;الحرف والصناعات اليدوية;https://www.facebook.com/JRCDTS/;;;eng.mudeer@gmail.com;545907030;Active;0;0
Alshahad ;الشهد للمباخر الإلكترونية ;5906332477;إلكترونيات واكسسورات;https://salla.sa/ebg;;;alsha7d.l@gmail.com;556891677;Active;0;0
STORE KHAlED PUBG 1;متجر خالد ببجي 1;;تسويق إلكتروني;https://t.me/A2QSK;;;molawaaaazx@gmail.com;558634938;Active;0;0
Cave of Wonders for Information Technology;مؤسسة كهف العجائب لتقنية المعلومات;2251053072;إلكترونيات واكسسورات;https://wondercave.sa/;https://instagram.com/cahf_alajaeb;;cave.of.wonders.ta@gmail.com;546668111;Active;0;0
Raacare;راء للعناية ;;مستلزمات المرأة;https://salla.sa/raa.care;;;Rahaaf-1997@windowslive.com;566671534;Active;0;0
Dallilk;داليلك;4030321205;تسويق إلكتروني;https://dallilk.com;;https://twitter.com/DallilkCom;info@dallilk.com;565036790;Active;0;0
99storre;حسابات نور ستوري ;;تسويق إلكتروني;https://t.me/Mepall1;;;cc05530565011@gmail.com;590623865;Not Active;2;1
Asliyah;أصلية;;تسويق إلكتروني;https://asliyah.com/;;;asliyah359@gmail.com;537929013;Active;10;1
BawSkateboards;بلاك اند وايت سكيتبوردز;;أخرى;https://salla.sa/bawskateboards;https://instagram.com/bawskateboards;;bawskateboards@gmail.com;552244582;Active;0;0
Selling food truck;بيع عربيات فود نرك;4030418569;أخرى;https://s.salla.sa/home/;;;Alamrizahra@yahoo.com;542048488;Active;0;0
Entrepreneurs Foundation for Umbrellas;موسسة رواد الاعمال للمظلات;4030366967;أخرى;https://rwad-alaamal.com/wp-admin/;;;elham.0499@gmail.com;559433926;Active;0;0
;مؤسسة درة فضيات الزهراء;2053011422;أخرى;https://fzsilver.com;;;Fzsilver@hotmail.com;580074787;Active;0;0
Medlz;ميدلز;;أخرى;https://salla.sa/medlz;https://instagram.com/medlz.sa;;yousefswg@gmail.com;537147776;Active;0;0
Beast price bp;بيست برايس لشحن شدات ;;تسويق إلكتروني;https://salla.sa/bestprice07;;;rty050@hotmail.com;508702792;Active;9.5;15
No Signal ;نو سقنل;;تسويق إلكتروني;https://t.me/NoSiignal;;;A.aldogaim700@gmail.com;548541589;Active;10;2
Noufti;نوفتي;;مستلزمات المرأة;https://noufti.com/;;https://twitter.com/NouftiStore;Noufti.store@gmail.com;570678969;Active;0;0
Jufrah;جفره;1010573527;تسويق إلكتروني;https://www.jufrah.com;;;info@jufrah.com;591445169;Active;0;0
TOLY Nat;بوتيك تولاي;;مستلزمات المرأة;http://www.toley.net/;https://instagram.com/toly_nat;;florz07@hotmail.com;566538790;Active;10;2
sport time;وقت الرياضه;;أخرى;https://salla.sa/sporttime;https://instagram.com/salla.sporttime;;salla.sporttime@gmail.com;592176537;Active;0;0
m7 digital card store;متجر امسفن للبطائق الرقمية;;تسويق إلكتروني;https://salla.sa/store.m.7;;;aziad355@gmail.com;507080683;Active;0;0
DANR ;دانر ;;إلكترونيات واكسسورات;https://salla.sa/store_binmarzoq;;;taad717@gmail.om;599131359;Active;0;0
BEST4TV;شاهد فور كي;1010693482;أخرى;https://best4-tv.com;;;tv4arab0@gmail.com;508362032;Active;0;0
WsltKhayr;وصلت خير;;أخرى;https://wsltkhayr.com/?utm_source=M1&utm_medium=M1&utm_campaign=M1;;;WsltKhayr@gmail.com;532288822;Active;0;0
Family Fun ;مرح العائلة ;1010631602;أخرى;https://zid.store/familyfun/;;;Familyfun408@gmail.com;554049093;Active;0;0
the big market;السوق الكبير;;تسويق إلكتروني;https://salla.sa/bazarcom;;;thebigmarket.sa@gmail.com;544988900;Active;0;0
Streamer's designs;تصاميم للستريمز;;تصميم وطباعة;https://salla.sa/id4s/;;https://twitter.com/iD4S_;id4salla@gmail.com;502112502;Active;0;0
;رششة عطر ;;أخرى;https://salla.sa/perfume.spray/;;;eyadshivas@gmail.com;541547374;Active;0;0
playcarrd;بلاي كارد ون;;حلول إلكترونية;https://salla.sa/beest-ksa;;;playcarrd@gmail.com;540200057;Active;0;0
Baroon Store;متجر البارون ببجي;;حلول إلكترونية;https://salla.sa/albaroonstore;https://instagram.com/pubg.accss;;pubgfh0@gmail.com;552001763;Active;0;0
Aiktarna Lak Shop;متجر اخترنا لك;;أخرى;https://aiktarna.com;;;allamalmuslim@gmail.com;508862709;Active;0;0
Alkhayrat Meat;ذبايح الخيرات;;أخرى;https://salla.sa/alkhayrat-meat;https://instagram.com/alkhayrat.meat;;alkhayratmeat@gmail.com;501316774;Active;0;0
Selected Fruits;الثمار المختارة;4030418547;تسويق إلكتروني;https://fruitksa.com;https://instagram.com/fruitksa;https://twitter.com/selectedfruits;info@fruitksa.com;556333119;Active;10;2
Aoujco platform;منصة أوج السعودية;1010949214;حلول إلكترونية;https://www.aoujco-sa.com;https://instagram.com/aoujsa;https://twitter.com/AoujSa;m.almadhor@gmail.com;507782922;Active;0;0
Pelmo perfumes ;بيلمو بارفيوم ;2055130105;كوافيرة و تجميل;https://salla.sa/pelmo_perfumes;;;Pelmo@outlook.sa;556997783;Active;0;0
cleanorganiz;مؤسسة مرتب نظيف للتجارة;1116624027;تسويق إلكتروني;https://salla.sa/cleanandorganized/;https://instagram.com/cleanandorganizd.sa;;Cleanandorganized39@yahoo.com;549787305;Active;0;0
saudi goods store;متجر البظائع السعودية ;;أخرى;https://saudi-goods-store.online;;https://twitter.com/smnahstore;ahmadmcse999@yahoo.com;541330063;Active;0;0
VIP ACCOUNTt AND UCstoorres;قروب في ااي بي حساباات وشحن العاب;;تسويق إلكتروني;https://t.me/pubgviipsell;;;cc05530565011@gmail.com;546768234;Not Active;6.5;23
N forty ;ان فورتي ;;إلكترونيات واكسسورات;https://mycatalog.store/itadom/;;;N40forty@gmail.com;549455292;Active;0;0
UnmWORLD;عالم أونم;1010689826;حلول إلكترونية;https://unm.ai;https://instagram.com/unmworld;https://twitter.com/unmworld;info@unm.ai;540391312;Active;0;0
Modern Gift Shop;متجر الهدية الحديثة;4030418916;تسويق إلكتروني;https://www.moderngiftshop.me;https://instagram.com/modern.giftshop;https://twitter.com/ModernGiftShop;info@moderngiftshop.me;555603831;Active;0;0
honey drops shop;متجر قطرات العسل;;أخرى;https://salla.sa/honeydrops.com;;;khalidmoaddi@gmail.com;502955525;Active;0;0
Tech4diag;متجر فني للتشخيص;2050143836;السيارات;https://www.tech4diag.shop;https://instagram.com/tech4diag;https://twitter.com/tech4diag;technician@tech4diag.com;593213390;Active;0;0
Lamoora;لامورا;;أخرى;https://lamoorastore.com/;https://instagram.com/lamoora.sa;;Lamoorastore@gmail.com;545406297;Active;0;0
Lynxx store;متجر الينكس;;تسويق إلكتروني;https://t.me/pubglynxgsk;;;Lynx@gmai.com;562537790;Not Active;2;2
Differennt Store;ديفرننت ستور;;تسويق إلكتروني;https://t.me/Differeent;;;Defrit@gmail.com;590629704;Not Active;10;1
mazsttore;متجر مااز;;تسويق إلكتروني;https://mapp.sa/maz;;;mazsttore@gmail.com;550337133;Active;0;0
Scaa;سكا;;تصميم وطباعة;https://salla.sa/scaa;https://instagram.com/6caa_;;Danah.nshmi@gmail.com;500720778;Active;10;1
Jvdjdvjje;دكدح دكدح;;تسويق إلكتروني;https://t.me/alenezei_u13;;;alenze1@gmail.com;591236259;Not Active;8.9;37
PUBG global 1;موقوف دايم ١;;تسويق إلكتروني;https://t.me/nawal_pubg;;;nanaljuhani13@gmail.com;590630688;Not Active;9.9;19
AHAFR STOER;الحفر ستور;;تسويق إلكتروني;https://t.me/n7fer;;;Ahfer@gmail.com;562537790;Not Active;8.5;16
fatnn346Muhammad;خدمات ألكترونيةة;;حلول إلكترونية;https://www.snapchat.com/add/fa_tnn346;;https://twitter.com/fa_tnn3466;fatmahmohammed695@gmail.com;570201826;Active;0;0
alanzeii1;متجر حسابات العنزي لا تقع ضحية اقرء االوصف بالاسفل;;تسويق إلكتروني;https://t.me/alenezei_u11;;;ww05530565011@gmail.com;593562002;Not Active;0;0
4storre;فيفتي تو ستور;;تسويق إلكتروني;https://t.me/STAR_pPubg;;;cc05530565011@gmail.com;593129688;Not Active;2;7
storre12;انتي وايري واحد هههههههههه ;;تسويق إلكتروني;https://t.me/_pPubg;;;cc05530565011@gmail.com;593129688;Not Active;4;8
Baraah NETWORK SA;شبكة براعة;1010717206;حلول إلكترونية;https://www.baraah.net/;;;Info@baraah.net;554870407;Active;0;0
naylah shop;متجر نايله;1131314286;تسويق إلكتروني;https://nr2030.online/;;;naylh33@gmail.com;599906927;Active;10;1
mskawataj;مسكة وتاج;;الحرف والصناعات اليدوية;https://mskawataj.com/;;;rukeasaka@gmail.com;530766290;Active;0;0
electronic tracker;المعقب الاكتروني;;أخرى;https://haraj.com.sa/;;;mhbd83404@gmail.com;554100158;Active;0;0
Joker Store 06;متجر جوكر 06;;أخرى;https://mapp.sa/jokerpubg;;;mhbd83404@gmail.com;554100158;Active;2;1
Concept Perfumes ;عطور كونسبت ;;أخرى;https://conceptperfume.com/;;;Conceptperfumes28@gmail.com;559314231;Active;0;0
To provide electronic services;لتقديم الخدمات الالكترونية;;أخرى;https://salla.sa/kadmat00;;;malak900lll@icloud.com;501986794;Active;0;0
Dietician Rahaf;الاخصائية رهف;;أخرى;https://zid.store/dieticianrahaf;;;rahafuni@gmail.com;504828977;Active;0;0
calorie;سعر;;حلول إلكترونية;https://salla.sa/calorie;;;sultanakeeli@gmail.com;569765750;Active;0;0
SN STORE;متجر اس ان لبيع حسابات ببجي;;أخرى;https://t.me/saief111;;;wds1095@gmail.com;558480605;Active;0;0
Dhoom store selling pubg shipping accounts;دحوم لبيع حسابات وشحن شدات ببجي;;أخرى;https://t.me/the_chpo;;;ksmyr2311@gmail.com;571106935;Active;2;2
MB Boutique;ام بي بوتيك;1011142156;تسويق إلكتروني;https://mb-boutiquee.com/;https://instagram.com/mb.boutique11;;mb.boutique00@gmail.com;501900154;Active;0;0
Jamali Vendors ;جمالي لصالونات التجميل;1010672072;كوافيرة و تجميل;https://www.almotelq.com/;;;jamali_support@almotelq.com;561180282;Active;0;0
WHICH;وتش;1010672072;أخرى;https://www.almotelq.com/;;;which_support@almotelq.com;561180282;Active;0;0
B A HOOM Cinema;بي أي للسينما المنزلية;;إلكترونيات واكسسورات;https://salla.sa/ba-cinema;;;aisha-n3@hotmail.com;581588111;Active;0;0
happiness eye store;متجر عين السعادة;1131293558;أخرى;https://happinesseye.com;https://instagram.com/happinesseyestore;https://twitter.com/happinesseyest1;happinesseyestore@gmail.com;590411231;Active;0;0
3slAl3sl;متجر عسل العسل;;أخرى;https://www.3sl3sl.com;;;36rbottle@gmail.com;549383669;Active;0;0
ASHBOURY;متجر اشبوري;1010178054;أثاث وديكور;https://ashboury.com/;;;ASHBOURY@gmail.com;557705072;Active;0;0
aagapi;اي قابي;;إلكترونيات واكسسورات;https://aagapi.com/;;;agapi.support@gmail.com;561607665;Active;0;0
BEST CARD;بيست كارد;;إلكترونيات واكسسورات;https://maroof.sa/1200184;;;cbkk136@icloud.com;565311237;Active;0;0
perfect story;بريفكت ستوري;;تسويق إلكتروني;https://t.me/a;;;stirir@hotmail.com;553569324;Not Active;10;15
pubg mobile recharg;هلوزز;;أخرى;https://t.me/je;;;cdf1hehe3@gmail.com;555847337;Active;2;1
Haifoo International Business Intermediary ;هايفو للوساطة التجارية العالمية;;أخرى;https://wa.link/0qgv3y;;;Dr.mokhalid@hotmail.com;554930087;Active;0;0
Artistry;آرتستري مي;;أخرى;https://salla.sa/artistry.me/;https://instagram.com/artistry.me;;7ame3d@gmail.com;504553474;Active;0;0
 THE PHOTOGRAPHER IBRAHEM ALYOUSEF;المصور ابراهيم اليوسف;;تصوير;https://www.ibrahimphoto.com/;https://instagram.com/ibrahimalyousif;;i.941@hotmail.com;544569996;Active;0;0
Fahad store;متجر الفهد;;أخرى;https://t.me/Fahadstore;;;Falshmlany@gmail.com;500323988;Active;4;4
saaid store;متجر سعيد;;تسويق إلكتروني;https://t.me/SolTanStore0;;;hamod5692@hotmail.com;597084586;Active;0;0
mandeloud;مندل;1010897034;تسويق إلكتروني;https://salla.sa/mandeloud.com;;;hend@motqen.net;561301705;Active;0;0
shouq;شوق للبيع بالتجزئة;4650230774;مستلزمات المرأة;https://shouq369.com/;;;shog305@gmail.com;505687968;Active;0;0
Fares market ;متجر فارس للأحذية;;تسويق إلكتروني;https://salla.sa/fares42;;;tkds958@gmail.com;536679918;Active;0;0
Minasat tak;منصات تك;;خدمات أكاديمية;https://minasatfikr.com/;https://instagram.com/minasatfikr;https://twitter.com/minasattak;info@minasatfikr.com;566070734;Active;0;0
Almarasem Gate ;بوابة المراسيم للتجارة;1010611025;أخرى;https://almarasemgateperfumes.com;;;almarasemgate@gmail.com;531805805;Active;0;0
Pubg store su;مغلقققق9;;تسويق إلكتروني;https://t.me/N0R1OE2;;https://twitter.com/N0R1OE221;Mxxrdouh@gmail.com;573338291;Not Active;9.7;26
Oqyyah;أوقية البخور;1010717365;أخرى;https://oqyyah.com/;;;Oqyyah@gmail.com;503868963;Active;0;0
elegantstor;إيليقنت ستور;;مستلزمات المرأة;https://elegant-stor.com;;;majo2o7day@hotmail.com;555655066;Active;0;0
Teacher Station;تيتشر ستيشن;5850128550;تسويق إلكتروني;https://beta.teacherstation.net/;;;support@teacherstation.net;506207722;Active;0;0
aventinestore;متجر افنتين;4030366682;تسويق إلكتروني;https://aventinestore.com/;;;ctronicksa@gmail.com;593875541;Active;0;0
R07;براند روح;;أخرى;https://r07sa.com/;;;info@r07sa.com;504190045;Active;0;0
Wooden Stamp;الختم الخشبي;;مستلزمات المرأة;https://salla.sa/woodenstamp;https://instagram.com/stampwooden;;Staampshop@gmail.com;500743757;Active;0;0
kjfhlsghflisgfilef;نتياربنيسايبعيناب;;الحرف والصناعات اليدوية;https://ar.aliexpress.com/;;;bbaqami@thiqah.sa;541844418;Not Active;0;0
;ساجده آل سليس;;تسويق إلكتروني;https://www.snapchat.com/add/ssolis834;;;sajeda.4731@gmail.com;539524499;Active;0;0
Shipping and selling PUBG ACCOUNTS ;شحن وبيع حسابات ببجي محمد النصاب احذرو;;أخرى;https://t.me/PU_YT;;;Kdkdieiieiii@yahoo.com;556629749;Active;8.2;26
Almomyz story ;متجر المميز ;;تسويق إلكتروني;https://hazaa.shop;;;hazaa1415@hotmail.com;508773600;Active;10;2
Badiea;بديع ;;حلول إلكترونية;https://salla.sa/badiea1/;https://instagram.com/badiea_1;;Haila55@gmail.com;507707476;Active;0;0
Saud pubg global store  ;متجر سعود ببجي عالمية ;;تسويق إلكتروني;https://t.me/saud93;;;hsun.515@hotmail.com;561146607;Not Active;0;0
PBUG gloaz;انا احلام;;تسويق إلكتروني;https://t.me/Acountyyy;;;GH7@gmail.com;563943764;Not Active;9.7;29
Buz Online;باز اونلاين;;حلول إلكترونية;https://buzonline-md.com;;;Buzonline.md@gmail.com;505728789;Not Active;0;0
Bubg accounts store;متجر لبيع حسابات بيجي  ;;أخرى;https://t.me/PUBG90K;;;tobefec@gmail.com;556629176;Active;8.3;28
Salma Trading Establishment ; مؤسسة سلماء حكمي للتجارة;1010676598;تسويق إلكتروني;https://women-shopping1.com/;https://instagram.com/sf.m.g;https://twitter.com/shopping1_sh;wowmenshopping1@hotmail.com;531505412;Active;0;0
English Time Center;مركز انقلش تايم الأهلي;4031198465;خدمات أكاديمية;http://6030e576578ef.site123.me/;https://instagram.com/english_time_center;https://twitter.com/D2M0VAnCtknsdAI;Sea_s_9@hotmail.com;534429476;Active;0;0
Kid Hut Store;كوخ الطفل;1010717863;أخرى;https://kid-hut.com;;;admin@kid-hut.com;504169822;Active;0;0
List itt;لست ات;1010643855;تسويق إلكتروني;Https://www.listitt.online;;;Listitt.sa@gmail.com;540045019;Active;0;0
 Fhhhuh;متجرننه;;تسويق إلكتروني;https://t.me/p;;;P@gmail.com;500000000;Not Active;6;4
;نقلل تمم;;تسويق إلكتروني;https://t.me/p;;;P@gmail.com;500000000;Not Active;5.2;5
memroia SA;ميموريا السعوديه;1010720533;أخرى;https://salla.sa/memoria/;;;memoriaperfumes@gmail.com;558115421;Active;0;0
Jenebe;مغلقمنث;;تسويق إلكتروني;https://t.me/p;;;Rawan.pubg@gmail.com;500000900;Not Active;4.7;3
Order with shaima;اوردر وذ شيماء;;إلكترونيات واكسسورات;https://salla.sa/order.w.shaima;;;Shaima.m.s123@gmail.com;532942900;Active;0;0
tojjar tech;تجار تيك  ;4031250523;حلول إلكترونية;http://tojjartech.com/;https://instagram.com/tojjartech;https://twitter.com/tojjartech;tojjartech@gmail.com;548176926;Active;0;0
Saudi anime;أنمي السعودية;;أخرى;https://anticaboutique.com/category/rBmNQ;https://www.instagram.com/p/CPlFovllYww/?utm_medium=copy_link;;Antica.boteque@outlook.com;550142125;Active;0;0
Venus perfume;فينوس بيرفيوم;;أخرى;https://www.venusperfumess.com;;;luxvenusperfumes@gmail.com;500048452;Not Active;0;0
Big win bigo ;شحن مجوهرات بيقو لايف ;;أخرى;https://beta.haraj.com.sa/users/wal90;;;w9011we@gmail.com;562747045;Active;0;0
Ebhar electronic services ;ابهار للخدمات الإلكترونية ;;أخرى;https://twitter.com/ebhar1995?s=09;;https://twitter.com/ebhar1995?s=09;ebhar1995@outlook.sa;560009954;Active;10;1
Yamen store selling pubg accountt;متجر يامن بيع حسابات ببجي;;أخرى;https://t.me/pu_gg;;;pubg20@gmail.com;595684806;Active;6.8;15
CareerDV;كريردف;;حلول إلكترونية;https://careerdv.com;;;CareerDV.mangment@gmail.com;563969499;Active;0;0
Interface Solutions for Information Technology;واجهة الحلول لتقنية المعلومات;;حلول إلكترونية;https://wajehah.com;;;info@wajehah.com;592367002;Active;0;0
Fajerpub;حسابات فجر;;تسويق إلكتروني;https://t.me/fajerpubg;;;Fh330q@hotmail.com;545996795;Active;10;1
Asm market;اسم ماركت ;;إلكترونيات واكسسورات;https://salla.sa/asmmarket;;;Asm.market@hotmail.com;541266996;Active;0;0
Pubg5S;حسابات وشدات ببجي ;;تسويق إلكتروني;https://www.pubg-5S.com;;;vip_6656@hotmail.com;505121473;Active;0;0
mtgr ksa Saudi Arabia;الإتصالات التقنية للتجارة;;تسويق إلكتروني;https://salla.sa/storeksassss;;;saudia999999@gmail.com;532846593;Not Active;0;0
Niluver LBNH;نيولفر لبنه;2051235711;تسويق إلكتروني;https://niluverlbnh.sa;https://instagram.com/niluverlbnh;https://twitter.com/Niluverlbnh;yahya.alnajrani@icloud.com;501118374;Active;0;0
Tidy Car;تيدي كار ;;السيارات;https://tidycarr.com/;https://instagram.com/tidy.car.shop;;Lenah1212@icloud.com;553324711;Active;0;0
Moons Story;قصة موون;2062618411;تسويق إلكتروني;https://salla.sa/moon_story/;;;amone8844@gmail.com;541438858;Active;0;0
Nadhra oyoon ;نظرة عيون;4032229201;أخرى;http://www.nadhra.com.sa/ar/Home.html;;;Mjaara0003@gmail.com;501610003;Active;0;0
F5M eStore;متجر فخم الالكتروني;;تسويق إلكتروني;https://salla.sa/storef5m;https://instagram.com/f5mm_i;;thepxr44@gmail.com;566332005;Active;0;0
I Brilliant;اي بريليانت;4031215327;إلكترونيات واكسسورات;https://www.i-brilliant.com.co;;;binmahfoozm1@gmail.com;559434243;Active;0;0
Almusand CO LTD;شركة المساند الشخصي للاتصالات وتقنية المعلومات;4032221594;حلول إلكترونية;https://almusand.com;https://instagram.com/almusand;https://twitter.com/almusand;info@almusand.com;566426483;Active;0;0
Pocket Spray Shop;متجر عطرك يرافقك;1010334251;تسويق إلكتروني;HTTPS://www.spraypocket.com;;;Pocketsprayer@gmail.com;501949889;Active;0;0
3TECH;ثري تيك ;;إلكترونيات واكسسورات;https://3tech-sa.com/;;;3tech.ksa@gmail.com;595122230;Active;0;0
nowan;متجر نوان;2050122951;مستلزمات المرأة;http://nowan-sa.com;;;nowan.ksa@gmail.com;590022169;Active;0;0
azizstyler;عزيزستايلر;;تسويق إلكتروني;https://www.azizstyler.com/;;;azizstyler@gmail.com;538393638;Active;0;0
sugarcare;اهتمام سكر;;مستلزمات المرأة;https://salla.sa/sugarcare;;;sugarcaree@gmail.com;505717525;Active;0;0
laylaty;مؤسسة ليلة الافراح  تطبيق ليلتي;4650225757;تسويق إلكتروني;https://www.laylaty.sa;;;info@laylaty.sa;507505200;Active;0;0
Three Ezz Trading Est;مؤسسة ثري عز للتجارة;1010677060;مستلزمات المرأة;https://3z-deal.com/;;;3zalshanqiti@gmail.com;544038130;Active;0;0
BAL DORA;بال دورا;;أخرى;https://www.baldoora.com;;;W_75m@hotmail.com;570700212;Active;0;0
CHEF CHANNEL  STORE FAMILY DELIVERY ;متجر شيف شانيل توصيل طلبات الاسرة المنتجة;5851876879;تسويق إلكتروني;https://chefchannels.com/;;;iaz@chefchannels.com;551311165;Active;0;0
MRS NOVA;السيدة الفاخرة;;مستلزمات المرأة;https://mrsnova.com;https://instagram.com/mrsnova1;;mrsnova90@gmail.com;539495059;Active;0;0
Venice IT Company;شركة فينيس لتقنية  المعلومات;5851876879;حلول إلكترونية;https://viny.tech/;;;iaz@viny.tech;551311165;Active;0;0
ABDULLAH STORE 1;متجر عبدالله لبيع حسابات ببجي موبايل ;;تسويق إلكتروني;https://t.me/ABDULLAHSTORE1;;https://twitter.com/pubg_9901;Abodali141614@gmail.com;541991575;Active;0;0
Mariam Salah;مريم صلاح;;تصميم وطباعة;https://animation95x.com/;;;Mariamjahwari4@hotmail.com;538141555;Active;0;0
Jrsurrsj;بحمثل;;أخرى;https://t.me/82ks;;;Eyher@gmail.com;501832339;Not Active;0;0
Difrent sttoor;لاكس ستوري;;تسويق إلكتروني;https://t.me/RIYA;;;Turkii@gmail.com;591079148;Not Active;9.7;53
;متجر بيع حسابات محمد اليامي;;تسويق إلكتروني;https://t.me/BBBBED;;;qqaazzppllmm1020@gmail.com;564725776;Not Active;0;0
Mayar accessories store;متجر ميار للاكسسوارات;;تسويق إلكتروني;https://salla.sa/mayar_accessories_store_2003;;;omarlshanqiti738@hotmail.com;561565538;Active;0;0
;متجر ابداع للمنتجات والاكترونيات;;تسويق إلكتروني;https://iibdae.com;;;solami2011@gmail.com;567779925;Active;0;0
Brevilleshopper ;بريفيل شوبر;;إلكترونيات واكسسورات;https://salla.sa/brevilleshopper;;;rubaalharthi@icloud.com;565080095;Active;0;0
MAXCOMFORT;ماكسكمفورت;2051235136;أثاث وديكور;https://maxcomfortsa.com/;https://instagram.com/maxcomfortsa;https://twitter.com/maxcomfortsa;info@maxcomfortsa.com;541688812;Active;0;0
Hala Events;فعاليات هلا;2051173115;حلول إلكترونية;https://hala.events;;;sales@hala.events;505629089;Active;0;0
laebah althara;لعبة الثراء المالي والفكري ;;تسويق إلكتروني;https://salla.sa/laebah.althara;;;laebah.althara@gmail.com;504634991;Active;0;0
nmeer;منصة نمير;4030603719;خدمات أكاديمية;https://nmeer.me/;;;info@nadiim.com.sa;556673395;Active;0;0
deess store Sa;دييس ستور ;;كوافيرة و تجميل;https://salla.sa/www.mlay_combany;;;omarmohammad332211@gmail.com;539315929;Active;0;0
qbsouq;كيو بي سوق;4030354140;أخرى;https://qbsouq.com/;;;info@qbsouq.com;570703808;Active;0;0
 Breeze Company;شركة بريز ;1010719665;أثاث وديكور;https://breeze.sa;;;sales@breeze.sa;554490905;Active;10;2
fouhareej;مؤسسة فوح الأريج;4030413259;أخرى;https://fouhareej.com/;https://instagram.com/fouhareej;https://twitter.com/fouhareej;fouhareej@gmail.com;566224668;Active;0;0
;بيع القهوة الكولمبية المختصة ;2050145153;أخرى;http://www.ksacocoffee.com;;;Ksacoco07@gmail.com;547675535;Active;0;0
Rofat oud;رفات للعود;4700113729;تسويق إلكتروني;https://www.rofatoud.com;;;rofatoud@gmail.com;583193833;Active;0;0
Line Car;لاين كار;1010717955;السيارات;https://linecar.com.sa;;;bandr.5533@hotmail.com;553340734;Active;0;0
Aryafalmesk;أرياف المسك للعود;1010696928;أخرى;https://www.aryafalmesk.com;;https://twitter.com/aryafalmesk;Aryafalmesk@gmail.com;562254615;Active;0;0
bawadir 'aemal ;بوادر  للخدمات العامة والدعم الاداري;5800105024;حلول إلكترونية;http://www.bawadr.com.sa;https://instagram.com/buadraemal;https://twitter.com/bawadir1;buadraemal@gmail.com;540925070;Active;10;1
Medallah;مظلة العجائب;;أخرى;https://salla.sa/sallah00/;;;noonsaleh00@gmail.com;583438009;Active;0;0
talon;تالون;;تسويق إلكتروني;https://t3alon.com;https://instagram.com/t3alon;https://twitter.com/t3_alon;talon3@outlook.sa;566297962;Active;0;0
Cleanrobotksa;كلين روبوت السعودية;;تسويق إلكتروني;https://Cleanrobotksa.com;;;Cleanrobotksa@gmail.com;552950660;Active;0;0
Arsh Balqis;متجر عرش بلقيس;;أخرى;https://salla.sa/arshbalqis/;;;Omnono1@gmail.com;595754536;Active;0;0
Qalaat Al takhfedat;قلعة التخفيضات;4030297738;تسويق إلكتروني;https://qalaat.com/;;;cara@qalaat.com;501681716;Active;0;0
Back Rest Center Sa;مركز ركن راحة الظهرالاجهزة الرياضية;1010598425;أخرى;https://backrest-saudi.com;;;basel.omar100@gmail.com;535411991;Active;0;0
passion for books;شغف للكتاب;5901720696;أخرى;https://passion-ba.com;;;passion.bam@gmail.com;570487576;Active;0;0
Faisal Pubg Store;متجر فيصل لبيع حسابات ببجي بأسعار مناسبة ;;تسويق إلكتروني;https://pubgsaa.com/;;;sa.pubgm@gmail.com;593406383;Active;0;0
Differentt1;متجر بيع حسابات ديفرنت;;تسويق إلكتروني;https://t.me/AbadyyAccs;;;iiibdy@gmail.com;566243170;Not Active;9;31
Zinati Beauty;زينتي بيوتي;4030129945;تسويق إلكتروني;https://zinationline.com/;https://instagram.com/zinati_beauty;https://twitter.com/zinati_beauty;support@zinati.net;571805000;Active;0;0
GHADH PUBG ;غادة ببجي ;;أخرى;https://t.me/Rk98788;;;ghadh05666@gmail.com;566090218;Active;6.8;5
Droneza;درونزا ;4030406848;تسويق إلكتروني;https://dronezza.com;;;sa.droneza@gmail.com;552628082;Active;0;0
msharalnhl;مشار النحل;4030402355;أخرى;https://zid.store/mashar/;;;mshar4242@gmail.com;505664425;Active;0;0
ewosool;إي وصول;4650212656;تسويق إلكتروني;https://www.ewosool.com;;;wosoolel@gmail.com;557603061;Active;0;0
Ohood sofa;عهود صوفا;;أثاث وديكور;https://linksharing.samsungcloud.com/wnv108sFGiZL;;;Pleasure0555@gmail.com;502881175;Active;0;0
 Elite Pioneers Business Services Company;شركة رواد النخبة لخدمات الأعمال;1010660911;حلول إلكترونية;https://www.alnukhbah.com.sa;https://instagram.com/rawadalnukhbah;https://twitter.com/rawadalnukhbah;info@alnukhbah.com.sa;560400005;Active;0;0
MAREKAT;متجر ماركات العربية;4030321206;تسويق إلكتروني;https://marekat.com/;;;info@marekat.com;530288999;Active;0;0
PhysioHome;فيزيوهوم  العلاج الطبيعي المنزلي;1010576631;حلول إلكترونية;https://www.physiohome.co;https://instagram.com/physiohomeco;https://twitter.com/physiohomeco;hi@physiohome.co;539090181;Active;0;0
BUbGY1;حساب موقوف  لاييمكن التعامل معه;;تسويق إلكتروني;https://t.me/syarat21;;;fhad5.1.1@hotmail.com;558397466;Not Active;6.8;15
Houseofcards;بيت البطاقات سلة;;إلكترونيات واكسسورات;https://salla.sa/houseofcards;;https://twitter.com/lama__ps;Lamasaudt@gmail.com;560078038;Active;0;0
Designer Hub Trading Est;مؤسسة محور مصمم للتجارة;1010687278;تصميم وطباعة;https://dhubsa.com;https://instagram.com/dhubsa;https://twitter.com/dhubsa;designerhubsa@gmail.com;500676363;Active;0;0
ALHARBI Market ;فهد الحربي;;تسويق إلكتروني;https://salla.sa/4bh;https://instagram.com/4bh_bye;;fahad.alharbi19x@gmail.com;558973701;Active;0;0
8288iisj;مترثحثخبخ;;تسويق إلكتروني;https://t.me/ey;;;Ksk8ksk@gmail.com;501832339;Not Active;10;26
Luckycard;بطاقةالحظ;1013501755;تسويق إلكتروني;https://luckycardstore.com/;;;tomysaad01@gmail.com;557946900;Active;0;0
PUBG global ;موقوف دايم ;;تسويق إلكتروني;https://t.me/LlAMZ6;;;LMAZ@gmail.com;590629704;Not Active;3.8;13
VlIP ACCOUNT AND UC;قروب في ااي بي حسابات وشحن العاب;;تسويق إلكتروني;https://t.me/pubgviipsell;;;SA12STORE@gmail.com;594835292;Not Active;7;21
Oud Sale;بيع العود ;1131312592;أخرى;https://salla.sa/khairat.altayyeb;;;ibrahim.alhabdan1@gmail.com;553871087;Active;0;0
MUBTAKR;مبتكر الإلكترونيات;4650037932;إلكترونيات واكسسورات;https://mubtakr.com;;;Sign-000@hotmail.com;558709074;Active;0;0
Miank Freelance;ميانك للاعمال الهندسية الحرة;;العقارات;https://medadalzahimprofile.pb.online/;;;Miank.co@gmail.com;564960461;Active;0;0
Claytivity;كلي تيفتي ;4031237213;تسويق إلكتروني;https://claytivity-by-raghad-kabli.com/;;;Claytivity_rk@outlook.com;504710095;Active;0;0
she sweet;شي سويت;;مطبخ و مخبوزات;https://maroof.sa/addbusiness/AddBusinessWizard;;;gadah1410@outlook.com;555466519;Active;0;0
K7 Store;متجر الخالد ستور;;تسويق إلكتروني;https://k7-store.com;https://instagram.com/k7.ucstore;https://twitter.com/EngKhalid1107;mine4host@gmail.com;532425619;Active;0;0
Hsusieueu;نبنبنب;;أخرى;https://t.me/themdidi;;;thechdududhpo@gmail.com;571106935;Active;6.5;16
AKTRO ;أكترو;;تصميم وطباعة;https://www.aktro.net/;;;support@aktro.net;558760009;Active;0;0
 Rahaf design RD;رهف ديزاين  آر دي;;أخرى;https://salla.sa/site/start/?ref=linkaraby&coupon=S4ZJ4LX&a_aid=5edb6c8fa32e6&a_bid=55a5dfa9;;;rahaf.500@yahoo.com;501640815;Active;0;0
Twine;خيوط طبيعية;1010689183;مستلزمات المرأة;https://twinesa.com/;;;twine.saa@gmail.com;555962500;Active;0;0
Disputed Store;ديسبيوتد ستور;;تسويق إلكتروني;https://t.me/Disputed_Store;;;muathqh84@gmail.com;535378039;Active;2;2
wafakhdmat;وفاء للخدمات الألكترونيه;;أخرى;https://mapp.sa/wafakhdmat;https://instagram.com/wafa_khdmat;https://twitter.com/wafa_khdmat;wafakhdmat@gmail.com;502338198;Active;10;2
;متجر بيع حسابات ببجي رامي سعيد;;تسويق إلكتروني;https://t.me/TX_XW;;;ghaithhafz@gmail.com;508127030;Not Active;2;1
 interior design and traning;استديو ثلاثية للتصميم الداخلي ;;أثاث وديكور;https://studiothulathia.wixsite.com/3333;https://instagram.com/studio.thulathia;https://twitter.com/studio_thulathi;studio.thulathia@gmail.com;561977314;Active;0;0
Jil;جل ;4030043073;تسويق إلكتروني;https://jilksa.com;;;jil@cigalah.com.sa;501445138;Active;0;0
AZM SPARE;عزم سبير;4030404553;السيارات;https://azmspare.com/;https://instagram.com/azmspare;;azmspare@gmail.com;566220898;Active;10;1
znbeauty;متجر زي ان بيوتي;4030413004;مستلزمات المرأة;https://znbeauty.com/;https://instagram.com/z.nbeauty1;;znbeauty@hotmail.com;539438373;Active;0;0
the princess;اميرة الاميرة;;مستلزمات المرأة;https://salla.sa/the.princess;;;ameeraalnajed@gmail.com;540404874;Active;0;0
Mem Affiliate;ميم للتسويق بالعموله;;تسويق إلكتروني;https://memaff1.com/;;;memaff11@gmail.com;502048949;Active;0;0
 stoer pubg;حسابات عيونس;;تسويق إلكتروني;https://t.me/ii3youns;;;Mansour1357777@gmail.com;562537790;Not Active;5.6;9
bassyt;بسيط;;إلكترونيات واكسسورات;https://salla.sa/bassyt;;;al3nood.247@hotmail.com;557135833;Active;0;0
Lyaar;ليار;;إلكترونيات واكسسورات;https://salla.sa/lyaar/;;;lyar2525@gmail.com;591418481;Active;0;0
11storree;مضغوططط ههههههههههههه تفي;;تسويق إلكتروني;https://t.me/_pPubg;;;cc05530565011@gmail.com;593129688;Not Active;5.5;23
Family educational and personal counseling;استشارات أسرية وتربوية وشخصية;;أخرى;https://hudafahad91.com/;;;albukairihuda@gmail.com;501912932;Active;0;0
LINE PERFUMES ;لاين بيرفيوم;;أخرى;https://salla.sa/lineperfumes/;;;Lineperfumes2@gmail.com;554545564;Active;0;0
Sadeem Jewel;جوهرة سديم;;أخرى;https://sadeemjewelry.com;https://instagram.com/sadeemjewelry;;sadeemjewelry@gmail.com;598704645;Active;0;0
Joseph store;متجر جوزيف;;أخرى;https://haraj.com.sa/users/joseph711;https://instagram.com/943j;;asoso7800@gmail.com;551852507;Active;9.7;3
cr  ideas;أعمال إبداعية;;تصميم وطباعة;https://cr-ideas.com/;;;zainb.090@gmail.com;541143338;Active;0;0
NINE ONE;ناين ون;4030394941;أخرى;https://www.nineonesa.com;;;admin@nineonesa.com;501971810;Not Active;0;0
Unique Store PG;المتجر المميز ببجي;;تسويق إلكتروني;https://t.me/UniqueStorePG;;;bo-xz@hotmail.com;580702070;Active;9.3;24
Cutat;كيوتات;;تسويق إلكتروني;https://salla.sa/store_cutat;;;mai.alshammari.2017@gmail.com;554213387;Active;0;0
Lamsatik;لمستك السعودية;;مستلزمات المرأة;http://www.lamsatik.com;;;Lamsatik@gmail.com;545009570;Active;0;0
NEOMASSAGE;نيومساج;4030422363;أخرى;https://www.neomassage.net/;;;sara@bafcoglobal.com;555116589;Active;10;1
Souqzooom;متجر الالكتروني سوق زوووم;;تسويق إلكتروني;https://www.souqzooom.com/;;;Ahmedalmunif10@hotmail.com;500259909;Active;0;0
estorre;جماانه ستوري;;تسويق إلكتروني;https://t.me/STAR_pPubg;;;cc05530565011@gmail.com;593129688;Not Active;10;1
Koon Trading;شركة كون للتجارة;;أخرى;https://www.koonco.com;;;halnemr@koonco.com;545452381;Active;0;0
Takkd;تأكد;;العقارات;https://www.takkd.com;;;info@takkd.com;563346961;Active;0;0
;دليل الرياض الشامل;;أخرى;https://twitter.com/ADaleelAD0531;;https://twitter.com/ADaleelAD0531;fasil055529@gmai.com;555295142;Active;0;0
Shiny moon;شايني مون;;أخرى;https://salla.sa/shiny.moon_stor;https://instagram.com/shinymoon_sa;;shinymoon.sa@gmail.com;502505054;Active;0;0
Rowad plus;رواد بلس ;4030415884;حلول إلكترونية;http://rowadplus.com;;;contact@rowadplus.com;553743760;Active;0;0
special gift flower;هدية خاصة ;1010623535;أخرى;https://play.google.com/store/apps/details?id=sa.aait.aspbranch.gift.special;;;Specialgift8254@gmai.com;535151549;Active;0;0
Cart and Basket;عربة وسلة;1010649434;إلكترونيات واكسسورات;https://cartbasket1.com;;;cartbasket1@gmail.com;502159095;Active;0;0
Royal KSA;رويال السعودية;;تسويق إلكتروني;https://seeroyal.com;;;Alwasif_d@yahoo.com;542577013;Active;0;0
TAIBEEN;طيبين;;أخرى;https://www.thikryat.maroof.com;https://instagram.com/dvd_convert;;hajarramadhan111@gmail.com;561343077;Active;0;0
keizens;كايزين;1010719734;مستلزمات المرأة;http://www.keizens.com/;;;keizenshop1@gmail.com;559991906;Active;0;0
Designeer m;ديزاينر ميم;;تصميم وطباعة;https://www.behance.net/maryamsami2;https://instagram.com/designeer_m;;maryamsami-n@hotmail.com;547678908;Active;10;1
Bnnan Store ;متجر بنان للعناية بالأظافر;1010612851;مستلزمات المرأة;https://bnnan.com/;https://instagram.com/bnnancom;https://twitter.com/bnnancom;info@bnnan.com;532728284;Active;0;0
black stores;المخازن السوداء للتجارة ;4030413002;إلكترونيات واكسسورات;https://iblackstores.com;;;info@iblackstores.com;555335249;Active;0;0
Nice4Shopping;تسوق ممتع  ;4031215970;أخرى;https://samia-abdel-qader-al-mawled.myshopify.com/admin;;;somatota14@gmail.com;568344091;Active;0;0
HappyCorner;ركن السعادة;;أخرى;https://happycorner-sa.com;https://instagram.com/happycorner456;https://twitter.com/happycorner456;happycorner7788@gmail.com;504241135;Active;0;0
Sell pubg accountsss;بيع حسابات ببجي نصابين احذرو ;;أخرى;https://t.me/joinchat/UmuI2yw2zb0yZTlh;;;Markoiq88djdj@gmail.com;504376638;Active;2;3
Allura Skin;ألورا سكن;;مستلزمات المرأة;https://salla.sa/alluraskin;;;aa9s.m@hotmail.com;506536999;Active;0;0
Beautiful Handles;روائع المسكات;1132009675;أثاث وديكور;https://www.rmskat.com;;;Rwmskat@gmail.com;559193626;Active;0;0
FOLKS;فولكس;1010719207;أخرى;https://1folks.com;https://instagram.com/folks.sa;;folks.sa@hotmail.com;566884623;Active;0;0
CooklilleCakeSafwa;كوكلليل كيك صفوى;;مطبخ و مخبوزات;https://www.snapchat.com/add/cooklillecake;https://instagram.com/cooklillecake;;cooklillecake@gmail.com;559109039;Active;10;7
YASTECH;ياستيك;;إلكترونيات واكسسورات;https://salla.sa/yass_tech/;;;yastech.store@outlook.com;561049460;Active;0;0
R M FOR LUXURIES;رم للكماليات;;أثاث وديكور;https://salla.sa/rashidcom;;;ssx2dd55@gmail.com;503926784;Not Active;0;0
riay;رياي;1010720126;أخرى;https://salla.sa/riay;;;riay20sa@gmail.com;566567629;Active;0;0
BeautyFoundation;بيوتي فاونديشن;;مستلزمات المرأة;https://salla.sa/beauty.foundation;;;BeautyFoundation1@gmail.com;593169881;Active;0;0
;خدمات الكترونية 113;;تسويق إلكتروني;https://salla.sa/services1331;https://instagram.com/services_1331;https://twitter.com/services1331;SERVICES1331@gmail.com;570997012;Active;0;0
Tgara Ashl;تجارة أسهل;;تصميم وطباعة;https://salla.sa/saudides/;https://instagram.com/tgara_ashl;https://twitter.com/TGARA_ASHL;al.alqadeeb@gmail.com;544677408;Active;0;0
FOOLO;متجر لنيج ولفتح الطيز;;تسويق إلكتروني;https://t.me/FLQjhjW200;;;Foolpp345@gmail.com;560581926;Not Active;6.7;12
black food;بلاك فود;;مطبخ و مخبوزات;https://salla.sa/black.food;https://instagram.com/blkfood1;;smst047@gmail.com;536279783;Active;0;0
EVERYTHING009;افري ثنق;;تسويق إلكتروني;https://salla.sa/everything009;;;EVERYTHING0099@hotmail.com;500892366;Active;0;0
Atyab Diyafa ;اطيب ضيافة ;;مطبخ و مخبوزات;https://salla.sa/atyabdiyafa;;;alrabea2@gmail.com;506336930;Active;0;0
Bagi;باقي;;أخرى;https://www.bagi.shop/;https://instagram.com/bagishops;https://twitter.com/Bagishops;info@bagi.shop;504439850;Active;0;0
Private Store;متجر برايفت ;3400121554;أخرى;https://privatews.com/;https://instagram.com/privatews_;https://twitter.com/PrivateWS_;Private.W.Store@gmail.com;501996324;Active;0;0
Children training workshop on memorization;حلقه تدريب اطفال على الحفظ ;;أخرى;https://api.whatsapp.com/send/?phone=966562662053&text&app_absent=0;;;toote216@gmail.com;562662053;Active;10;1
mtjrabwtym;مــــــتــــجــر أبــــو تــــيــــم;;تسويق إلكتروني;https://t.me/abwtym2000;;;ForFix@gmail.com;592880753;Not Active;6.1;71
Selling accounts and game cards;تم الايقاف;;أخرى;https://t.me/QRS20;;;oss59032@gmail.com;546060542;Not Active;0;0
Chapo store selling PUBG accounts;متجر تشابو بيع حسابات ببجي ;;أخرى;https://t.me/yccycycycjfiuuttihihhi;;;Ycucucyc@gmail.com;568164486;Active;2;1
covenant gift;كوفينانت جيفت;;تخطيط مناسبات وحفلات;https://www.cov-store.com/;;;oyoun2010@gmail.com;590656844;Active;0;0
Albadriah;البدريه للبخور والعطور;;أخرى;https://salla.sa/al_badriah_b_a;https://instagram.com/al_badriah_b.a;;badriah-763@hotmail.com;546258250;Active;0;0
PUBG STORE 96;ببجي ستور 96;;تسويق إلكتروني;https://t.me/joinchat/_1lhFLNAdzNhMDhk;;;Fisaaal123@icloud.com;552400624;Active;0;0
Without You;وذ اوت يو;;أخرى;https://salla.sa/without.you;;;Without.connecting@hotmail.com;501369804;Active;0;0
Teaching hand embroidery;تعليم تطريز يدوي;;الحرف والصناعات اليدوية;https://salla.sa/fatimaabdullah95;;;Fatimaabdull95@gmail.com;533182638;Active;0;0
;مؤسسة أزاد التمر للتجارة;1010499000;أخرى;https://zid.store/azadaltmr1;;;azadaltmr@gmail.com;550070661;Active;0;0
 Spark Co;سباارك;4030391991;الحرف والصناعات اليدوية;https://salla.sa/spark.;https://instagram.com/spark.mbs;;Spark.co2030@gmail.com;533285331;Active;0;0
Perfumehana95;بارفيوم هانا ٩٥;;أخرى;http://www.perfumehana95.com/;https://instagram.com/nmperfuomhana;;mnerhals4@gmail.com;590861497;Not Active;0;0
Passion4u;باااشن;;تصميم وطباعة;https://salla.sa/passion4u;;;Abeerasiri0220@hotmail.com;546223339;Active;0;0
Charmlla ;شارملا;;مستلزمات المرأة;https://charmlla.com/;;;Charmlla@outlook.com;540601705;Active;0;0
Mudawi Mohammed alanzi ;مضاوي محمد العنزي;;أخرى;https://salla.sa/cloudsgup;;;Memaalanziii333@gmail.com;552616391;Active;0;0
The Lam Bakery;مخبوزات لام;;مطبخ و مخبوزات;https://thelambakery.co/;https://instagram.com/thelambakery;;TheLamBakery@hotmail.com;500966091;Active;0;0
Monasbati ;مناسبتي ;;تخطيط مناسبات وحفلات;https://zid.store/monasbati;https://instagram.com/monasbati.94;;monasbati.94@gmail.com;546400161;Active;0;0
Careyard;ساحة الرعايه;;إلكترونيات واكسسورات;https://salla.sa/careyard;;;muzainmz@outlook.sa;505723713;Active;0;0
Saeed Abu Nasser Services Office;مكتب سعيد ابو ناصر للحلول اللكترونية;5800106273;حلول إلكترونية;https://www.snapchat.com/add/saeed1219;;;saeed0910@icloud.com;530990910;Not Active;0;0
 naif Yousef;يوسف نايف ;;أخرى;https://www.AB.sa;;;yn.alosaimi@gmail.com;506091423;Active;0;0
Bn hsn;بن حسن;;أخرى;https://shookan.com/;;;Waelshokan@outlook.com;508780303;Active;0;0
Larmaare;لارمار;;الحرف والصناعات اليدوية;https://larmaare.com;https://instagram.com/larmaare;;lamalrehaliy@gmail.com;508157201;Active;0;0
Seela Game;سيلا قيم;;إلكترونيات واكسسورات;https://salla.sa/seela_designer1/;https://instagram.com/xpo.123;;seela_designer1@hotmail.com;501390875;Active;0;0
Nakhat Hamam;مطبخ نكهة حمام لتقديم الوجبات;1010719045;مطبخ و مخبوزات;https://zid.store/nakhat-hamam;https://instagram.com/nakhat_hamam;https://twitter.com/nakhat_hamam;nakhat.hamam@gmail.com;534562255;Active;0;0
Samaher Fitness;سماهر فتنس;;أخرى;https://salla.sa/smhrfit;https://instagram.com/smhrfit;https://twitter.com/smhrfit;dr.original@hotmail.com;506292266;Active;0;0
Goldenbox;قولدن بوكس;;إلكترونيات واكسسورات;https://goldenbox4.com/;;;weikly2@gmail.com;504772001;Active;0;0
seem;متجر سيم19;;مستلزمات المرأة;https://iwtsp.com/966553568253;;;kayan.store10@gmail.com;553568253;Not Active;10;1
 SPECIAL1;سبشل;;مطبخ و مخبوزات;https://www.special.maroof.sa;;;500sultaan@gmail.com;561371852;Active;0;0
The tec corner ;تيك كورنر;1010706772;إلكترونيات واكسسورات;Https://www.theteccorner.com;;;Nawafaldarsouni@gmail.com;549004903;Active;0;0
Yozrk;يوزرك;;تسويق إلكتروني;https://salla.sa/yozrk21;;;adooolalhrbi@gmail.com;501602793;Active;0;0
;شركة تفاعل الرقمية للتسويق الالكتروني;4030416592;تسويق إلكتروني;https://tafa3ll.com;;;majid.soulaimani@gmail.com;545541534;Active;0;0
 Saudi SYAA stores ;متاجر سيا السعودية;;أخرى;https://salla.sa/syaa_sa;;;syaacompany@aol.com;567498020;Active;0;0
Opinion Formulation Trading Corporation;مؤسسة صياغة الرأي للتجارة;2031106046;تصميم وطباعة;http://opine.sa;https://www.instagram.com/opine.sa/;;opine.sa1@gmail.com;502259972;Active;0;0
lazera home;مفارش لازيرا هوم;4030413619;أثاث وديكور;https://www.lazerahome.com;https://instagram.com/lazerahome;;lazerahome@gmail.com;551166590;Active;0;0
SAFETY;سفتي نت ;;تسويق إلكتروني;https://salla.sa/safetyhack;;;mesho224@gmail.com;565753281;Active;0;0
Ertwa Development ;ارتواء التنمية;2050103407;أخرى;https://www.ertwa.net;;;ertwa.ksa@gmail.com;534566666;Active;0;0
violaopticals;فايولا للبصريات;;أخرى;https://salla.sa/viola_optics;https://instagram.com/viola_opticals;;viola_opticals@outlook.sa;506444049;Active;0;0
KDOUM;خدوم لصيانة الهواتف;;إلكترونيات واكسسورات;https://www.kdoum.com/;https://instagram.com/e6z6;;admin@kdoum.com;558334248;Active;0;0
Shop Shadat Shipping accou;متجر حت ببجي ;;أخرى;https://t.me;;;cdf13737@gmail.com;555843837;Active;5.6;9
20TAG;20 تاق;;إلكترونيات واكسسورات;https://20tag.com/;;https://twitter.com/20TAGSA;20tagsa@gmail.com;501803087;Active;0;0
ghadee des;غدير تصميم;;تصميم وطباعة;https://salla.sa/gh_desing77/;https://instagram.com/ghader_des;;design-2020@outlook.sa;530260130;Active;0;0
Almuhtrefeen Store0;متجر المحترفين الرقمي0;;تسويق إلكتروني;https://almuhtrefeenstore.net;;;almuhtrefeen.store@gmail.com;531182116;Active;0;0
platten;بلاتن;2065617141;تسويق إلكتروني;https://www.platten.store;;;pr@platten.store;555907755;Active;0;0
blackboutique;بوتيك بلاك التجارية ;1010661254;مستلزمات المرأة;https://blackboutique.sa/;;;blackboutiqe.sa@gmail.com;559184184;Active;0;0
tlween;تلوين بالارقام;;تصميم وطباعة;https://salla.sa/tlween;https://instagram.com/tlween_;;ecomabdullah@gmail.com;537754818;Active;0;0
lhfh;لهفة;;أخرى;https://www.lhfhshop.com;https://instagram.com/lhfh_shop;https://twitter.com/LHFHofficial;lhfhofficial@gmail.com;590334046;Active;0;0
De Velour;دي فيلور ;1010680494;تسويق إلكتروني;https://develoursa.com/;;;almarshad.amer@gmail.com;554142435;Active;0;0
Am  Rawan;ام  روان;;حلول إلكترونية;https://www.snapchat.com/add;;;mha-104@hotmail.com;507871642;Active;10;1
Computer hardware maintenance and programming;عزز لبرمجه وصيانه الاب توبات والطابعات;;إلكترونيات واكسسورات;https://twitter.com/az2023pc;https://instagram.com/pc2023az;https://twitter.com/az2023pc;az2020xf@gmail.com;557129774;Active;0;0
Mnasbatkom;مناسبتكم;;أخرى;https://salla.sa/mnasbatkom.com;;;a-2014-dd@hotmail.com;562119174;Active;0;0
store coffee;متجر  قهوة;;تسويق إلكتروني;https://salla.sa/the_coffee_store;https://instagram.com/the_coffee_store1;;ali1000dook@gmail.com;537535150;Active;0;0
Ss craft;اس اس كرافت;;مستلزمات المرأة;https://salla.sa/3aafya;;;Waelshokan@outlook.com;508780303;Active;0;0
talqat;تلقيطط;1010635068;إلكترونيات واكسسورات;https://salla.sa/talqit/;;;TALQIT1@gmail.com;555212422;Active;0;0
Wilma;ويلما;;مستلزمات المرأة;https://salla.sa/wilma;;;carewilma2@gmail.com;580302675;Active;0;0
;مساعد الرحال لتأجير;;أخرى;https://salla.sa/mosa3drhal;https://instagram.com/mosa3drhal;https://twitter.com/Mosa3dR;Mosa3dRhal@gmail.com;530891388;Active;0;0
malakete;مالا كيت;1010719729;تسويق إلكتروني;http://www.malakete.sa/;;;malakete.sa@gmail.com;598962688;Active;0;0
EYESCOONCARE;عناية الكون للعيون;;تسويق إلكتروني;https://eyescooncare.com;;;eyecooncare@gmail.com;509771546;Active;0;0
SHOKR;شكر للمقاولات العامة;1010329609;أخرى;https://www.shokr.net/;https://instagram.com/shokr_est;https://twitter.com/shokr_est;shokr1est@gmail.com;531844262;Active;0;0
Elabhasah;إلعبها صح;;تسويق إلكتروني;https://elabhasah07.com/;;;Rty050@my.com;501366006;Active;0;0
Orchid art ;آوركيد آرت;;الحرف والصناعات اليدوية;https://salla.sa/orchid_art;https://instagram.com/orchid__art_;;100orchidart@gmail.com;502231320;Active;10;1
Watermelon for Beauty and Cosmetics ;مؤسسة البطيخة لبيع مستحضرات التجميل ;4030399046;مستلزمات المرأة;https://www.watermelonlashes.com;;;thewatermelonlash@gmail.com;554767608;Active;0;0
Fraim;فريمز;;حلول إلكترونية;http://fraimapp.com;;;fahad019-93@hotmail.com;564916895;Active;0;0
;عرق;1010676435;أخرى;https://www.noon.com/saudi-ar/?gclid=CjwKCAjw47eFBhA9EiwAy8kzNPEkQnz-jcp6jFHC0b1fQ4ppWOlYP2COCiN0XQRKwbuPKZUSVW_STBoCRgUQAvD_BwE;;;Remember.me3259@gmail.com;551199275;Active;0;0
murid aljanub;مورد الجنوب;5855352750;أخرى;https://salla.sa/murid.aljanub/;;;dh989dh@gmail.com;553689895;Active;0;0
Mercato ksa ;ميركاتو السعودية;;إلكترونيات واكسسورات;Http://Mercato-ksa.com;;;M.mercato21@gmail.com;504878142;Active;0;0
Pataky Date and Stuffed Date;باتكي تمور وحشوات التمور;4030379404;تسويق إلكتروني;https://pataky.sa/;https://instagram.com/pataky.sa;;patakysweet@gmail.com;504144201;Active;0;0
MLAY Hair Removal;جهاز ملاي لإزالة الشعر المنزلي;;مستلزمات المرأة;https://salla.sa/dealshoptime/;https://www.instagram.com/mlay_hair_removal/;;mlay.hair.removal@gmail.com;568737500;Active;0;0
JAQ Shop;متجر جعفر;;إلكترونيات واكسسورات;https://salla.sa/jaq_shop;https://instagram.com/jaq.shop;;jafarjilani@gmail.com;556320049;Active;0;0
Lot for IT;لوت لتقنية المعلومات;1010692530;حلول إلكترونية;https://www.lot.sa;https://instagram.com/lotksa;https://twitter.com/lotksa;sales@lot.sa;595166212;Active;0;0
heart of nature;قلب الطبيعة;;الحرف والصناعات اليدوية;https://salla.sa/natural_soap;;;Naturalfa518@gmail.com;564547114;Active;0;0
s7store;اس 7 ستور;1131313143;أخرى;HTTPS://WWW.S7STORE.COM;;;info@s7store.com;501199233;Active;0;0
yabalash0004;متجر يا بلاش;;إلكترونيات واكسسورات;https://yabalash0004.com/;;;yabalash0004@gmail.com;500632932;Active;0;0
CresTech;الهلال لتكنولوجيا;;حلول إلكترونية;https://salla.sa/crestech/;;;MarketGet@outlook.com;541608808;Active;0;0
sh8adat;شهادات;;تصميم وطباعة;https://sh8adat.com;;https://twitter.com/sh8adat;sh8adat@gmail.com;598101821;Active;0;0
DALSH;دالش;;مستلزمات المرأة;https://salla.sa/dalsh/;https://instagram.com/dalshstore;;dalshstore@hotmail.com;548798187;Active;0;0
naval care;عناية نافال;1010642616;كوافيرة و تجميل;http://navalcare.co;https://www.instagram.com/s/aGlnaGxpZ2h0OjE3ODU2MTYyNDA3MTM0MjE1?story_media_id=2382501286171312029_38519049871&utm_medium=copy_link;;yaltuwaijeri@gmail.com;546066625;Active;0;0
thecut;موسسه القصه;4030412784;مستلزمات المرأة;https://www.thecut.com.sa;;;may.brk@gmail.com;545414777;Active;0;0
shopping shop;متجر التسوق;2252105385;تسويق إلكتروني;https://www.shoppingshop.net;;;wa.salman12@gmail.com;565962255;Active;0;0
dortalmtajer;درة المتاجر;1010675532;أخرى;https://dortalmtajer.com/;;;kerah2@outlook.sa;544547034;Active;0;0
dortalmtajer;درة المتاجر;1010675532;أخرى;https://dortalmtajer.com/;;;kerah2@outlook.sa;544547034;Active;0;0
Aosa Accounts;اوسا لـ بيع الحسابات ;;تسويق إلكتروني;https://t.me/AosaAcc;;;iiSuha@icloud.com;506451579;Active;7;2
Making money;اصنع المال;;خدمات أكاديمية;https://salla.sa/making_money/;;;fhgv56260@gmail.com;593403757;Active;0;0
T0xicStore;متجر توكسك;;أخرى;https://salla.sa/FilamentWorld;;;sattamssh@yahoo.com;590685806;Active;0;0
yanabiealsafa;ينابيع الصفاء;4032233165;أخرى;https://www.yanabiealsafa.com/;https://instagram.com/yanabie_ksa;;yanabie20@gmail.com;560589353;Active;0;0
Syrup Global LLC;شركة شيرة الدولية;1010949799;حلول إلكترونية;https://syrup.sa;;;Reach@syrup.sa;505779006;Active;0;0
11storre;متجر اشحنهاا;;تسويق إلكتروني;https://t.me/iSH7NHA1;;;cc05530565011@gmail.com;590623865;Not Active;10;1
Al Basma El Gohariya Trading Est;مؤسسة البسمة الجوهرية للتجارة;1010320977;أخرى;https://albsmh.sa/;https://instagram.com/bjwahar;;b.jwahar@outlook.sa;559555398;Active;0;0
plattenstore;متجر بلاتن ;;تسويق إلكتروني;https://www.platten.store;;;pr@platten.store;555907755;Active;0;0
LORAZA;لورازا;;أخرى;https://loraza-sa.com/;;;info@loraza-sa.com;581701716;Active;0;0
alteeb alasil;رنا حسن سالم ;4030367569;أخرى;https://alteeb-alasil.com;https://instagram.com/asal.altaieb;;abdullahfasel277@gmail.com;567390080;Active;0;0
Asas Tm Design Studio;ستديو أساس تمـ للتصميم ;4030404757;تصميم وطباعة;https://tm-studio.co/;https://instagram.com/tmstudio.sa;;hello@tm-studio.co;542515567;Active;0;0
BRARI CADRA;مطاحن و محامص براري الخضراء;1010197038;مطبخ و مخبوزات;https://brariespice.com/;https://instagram.com/brariespice;;BrarieCadra@gmail.com;533433606;Active;0;0
Cupaiih;كوباية;;الحرف والصناعات اليدوية;https://salla.sa/copaiih;;;Faisalallubdi@gmail.com;569406956;Active;10;1
Masters;ماسترز لتقنية المعلومات;;حلول إلكترونية;https://masterrtech.com/;https://instagram.com/masterrtech_100;;mt1620048@lmc.edu.sa;549792667;Active;0;0
otory;متجر عطوري للعطور العالمية;1010215851;أخرى;https://otoooory.com/;https://instagram.com/otoooory;https://twitter.com/otoooory;admin@ssg.sa;558114295;Active;0;0
;وردة داليا;4030464926;تسويق إلكتروني;https://salla.sa/dahlia.rose.com;;;dahlia.rose2in1@gmail.com;564220020;Active;0;0
Rasmi Oud;رسمي للعود;;أخرى;https://salla.sa/oudrasmi;https://instagram.com/oud_rasmi;https://twitter.com/OudRasmi;rasmioud1@gmail.com;559393340;Active;0;0
Doha store ;متجر ضحى ;;تسويق إلكتروني;https://doha-sa.com/;https://instagram.com/doha__storee;;doha-store@outlook.com;554554918;Active;8.4;5
 ASK PROVIDER;أسك;4700113173;تسويق إلكتروني;https://ask-sa.net/;;;zizo123344@gmail.com;552443446;Active;0;0
Enjoy Stop;تم ايقاف المتجر;;تسويق إلكتروني;https://t.me/a;;;Enjoy1@hotma.com;564233645;Not Active;7.5;54
Maternity care ;ماترنتي كير;;خدمات أكاديمية;https://maternitycarebyhouda.com/;;;Houdahammami170290@gmail.com;552395954;Active;0;0
Coordination of events and weddings ;لكجري إيفنت;3357608083;تخطيط مناسبات وحفلات;https://salla.sa/luxuryevent;;;K.a.f.3@hotmail.com;557026696;Active;0;0
MARKO for Happiness;ماركو للسعادة;2050131015;أخرى;http://markoforhappiness.academy/;;;aymen.alsaihati@markoadvance.com;570320866;Active;0;0
reemcaer;ريم كير ;4031249535;مستلزمات المرأة;https://www.reemecaare.com;;;Mohammadmakkey2020@gmail.com;565408148;Active;0;0
eabaq alshmoa;عبق الشموع;5900128271;الحرف والصناعات اليدوية;https://linkfly.to/30321stx5eT;;;eabaq_21@gmail.com;502324823;Active;10;3
adwat tajmil;ادوات تجميل ;;مستلزمات المرأة;https://www.snapchat.com/add;;;nasralhtany30@gmail.com;565756316;Active;0;0
let's Art;الفن للجميع;;الحرف والصناعات اليدوية;https://salla.sa/letsart/;https://instagram.com/letsart_sa;https://twitter.com/letsart_sa;lets.art.sa@gmail.com;503276997;Active;0;0
;بيع حسابات انستا سناب;;تسويق إلكتروني;https://t.me/la_l7;;;Abofhadvip1@gmail.com;557530754;Not Active;6;2
squarish;سكويرش;;مطبخ و مخبوزات;https://aloqailat.com/;https://instagram.com/thesquarish;;alnakhuil@gmail.com;508936203;Active;0;0
AES Business Development and Marketing Agency;وكالة تطوير الاعمال والتسويق ايه اي اس;;أخرى;https://bit.ly/3thVsqx;https://instagram.com/aes_media_;;abb3dd7@gmail.com;556191044;Active;0;0
Five cent;فايف سنت ;;أخرى;https://salla.sa/five.cent5;;;Fivecent0005@gmail.com;594863375;Active;0;0
Maken Reading Academy;أكاديمية ماكن للقراءة;4030319850;خدمات أكاديمية;https://makenacademy.com/;https://instagram.com/maken_academy;https://twitter.com/maken_academy;info@si2030.com;550260500;Active;10;1
T94;تي94;;تصميم وطباعة;https://salla.sa/company.94/;;;T.prints1415@gmail.com;555555555;Active;0;0
shop mem;شوبنق ميم;1132112407;تسويق إلكتروني;http://www.mo3th.com;;;Mo3Th55@icloud.com;554636686;Active;0;0
Indigo Tattoos Store;انديقو تاتو ;;إلكترونيات واكسسورات;HTTPS://Instagram.com/in.dgo;;;In.dgo@hotmail.com;561615458;Active;0;0
Jawlah;جولة سياحية;4032232883;تسويق إلكتروني;https://jawlah.net/;;https://twitter.com/jaw_lah;info@jawlah.net;533340612;Active;0;0
Haifadiet;حمية هيفاء;;أخرى;https://www.haifadiet.net/;;;mastar444@hotmail.com;567970463;Active;0;0
alzainy;الزيني ;;أخرى;https://salla.sa/alzainy;;;aalzainy41@gmail.com;565011919;Active;0;0
Black ligStore;بلاك لايت ستور;;أخرى;https://t.me/BLxStore;;;donnniqqq@gmail.com;545987663;Active;6.9;18
AMAL STORE8;حسابات امل ;;تسويق إلكتروني;https://t.me/Hopemyaccounts;;;koook.95@hotmail.com;558257176;Active;8;4
mygurur;مايجيرير;1010664455;أخرى;http://www.mygurur.com;;;ahmedaltokhais@gmail.com;540011020;Active;10;2
Kifatalteeb;كفة الطيب;;أخرى;https://www.kifatalteeb.com;;;kifatalteeb@gmail.com;505491975;Active;0;0
Wafa Shop;متجر جسوري;;أخرى;Http://maroof.sa/memento_mj;;;Nnnm0102@gmail.com;504345646;Active;10;1
Souvenir Perfume;سوفنير بيرفيوم;1010691318;أخرى;https://salla.sa/souvenirperfume;https://instagram.com/svnr_perfume;;Svnr.perfume@gmail.com;504636499;Active;0;0
E7;إي ٧;;أخرى;https://salla.sa/e7;;;Dandnlove666@windowslive.com;560545939;Active;0;0
qraan shop;متجر اوقافي;4030569964;تصميم وطباعة;https://qraan.org/shop;;;wqfquran@gmail.com;555320076;Active;0;0
Saleh Abdullah Al Faraj;صالح عبدالله الفرج;;حلول إلكترونية;https://www.nooralwala.com;;;nouralwala5@gmail.com;581113530;Active;0;0
Eleven Perfumes;عطورات اليفين;;أخرى;https://eleven-perfumes.com;;;info@eleven-perfumes.com;535377979;Active;0;0
flavorcoffeeandspices;نكهة القهوة والبهارات;;مطبخ و مخبوزات;https://www.flavorcoffeeandspices@gmail.com;;;flavorcoffeeandspices@gmail.com;501301885;Active;0;0
Yeezy Saudi ;ييزي المملكة;2051213909;أخرى;https://salla.sa/yeezyksa;;;Nawafbina20@gmail.com;564393250;Active;0;0
Shopello;شوبيلو;;تسويق إلكتروني;https://shopelloksa.com;;https://twitter.com/ShopelloKSA;shopelloksa@icloud.com;548603372;Active;0;0
Store Abnos;متجر أغصان الأبنوس;;مستلزمات المرأة;https://www.abunos.com;;;Mohanad_7474@hotmail.com;591022580;Active;0;0
lulea kitchen;لوليا كتشن;;مطبخ و مخبوزات;https://wa.me/message/GDCFXLN6LRURO1;;;hessah1482@gmail.com;557828964;Active;0;0
Key Card;كي كارد;1010718120;أخرى;https://www.kcard.store;;;FaisaLz.Nj@gmail.com;533426663;Active;0;0
30 month;ثلاثين شهر;;مستلزمات المرأة;https://salla.sa/thirtymonth;;;info@30month.com;550617557;Active;0;0
Brulee and More;بروليه اند مور;;مطبخ و مخبوزات;https://www.bruleeandmore.com;https://instagram.com/bruleeandmore;;bruleeandmore@gmail.com;500134441;Active;0;0
cat park;كات بارك;1010582753;أخرى;https://catpark.sa/;;;catpark.sa@gmail.com;598700893;Active;0;0
Wardksa; ورد;4030409723;كوافيرة و تجميل;https://wardksa.com/;;;wardksa@outlook.com;540700456;Active;0;0
Candle Scent;متجر رائحة الشموع;;أخرى;https://www.candlescent21.com;;;jannahrami@yahoo.com;503860872;Active;0;0
abdullah albaghdadi establishment ;مؤسسة عبدالله البغدادي ;4030406396;أخرى;http://www.sukoon-sa.com;;;abdul.albaghdadi@gmail.com;541000069;Active;0;0
Modern Siwak;السواك العصري ;4030416458;أخرى;https://www.modernsiwak.com;;;modernsiwak.sa@gmail.com;566604595;Active;0;0
Kdkdid;ننيه;;أخرى;https://t.me/;;;skr1998518hshshs@gmail.com;549725583;Active;6;2
Alanfal aldahabia;الانفال;4650230880;تسويق إلكتروني;https://www.alanfal-sa.com/;;;alanfal.ksa@hotmail.com;570890216;Active;0;0
;كسرتنا للعود;;تسويق إلكتروني;https://salla.sa/kesrh;;;Mhmdaldryhm13@gmail.com;564934397;Active;0;0
Abdullah Nasser Alsarrani;عبدالله ناصر خليل السراني;;تسويق إلكتروني;https://salla.sa/alsaba_stoor/;;;binnasser787@gmail.com;580990747;Active;0;0
  STORE North;متجرر الشمال;;تسويق إلكتروني;https://t.me/North_storee;;;North_Store@gmail.com;594500236;Not Active;6.3;13
Pixel Tech;بيكسل تك;;إلكترونيات واكسسورات;https://pixeltech-sa.com;https://instagram.com/pixeltech_sa;;pixeltech.sa@gmail.com;539353491;Active;0;0
JjU;موقوف حاليا ء;;أخرى;https://t.me/maroof00;;;Heyeyue@gmail.com;568167395;Not Active;9.3;11
;تاق للتسويق الرقمي;;تسويق إلكتروني;https://taagmkt.com/;https://instagram.com/taagmkt;https://twitter.com/Taagmkt;Taagmkt@gmail.com;594270728;Active;0;0
vwatela;متجر فواتيلا;4700109644;إلكترونيات واكسسورات;https://vwatela.com;;;vwatela@gmail.com;502353252;Active;0;0
Beauty hoor;بيوتي حور;;تسويق إلكتروني;https://salla.sa/beautyhoor?page=1;;;Beautyhoor1@gmail.com;505359978;Active;0;0
Stoerhskdm;متجر حسابأت ببجي;;تسويق إلكتروني;https://t.me/qp950;;;Skdiddbhj@gmail.com;595825159;Not Active;10;2
Honey Rose;مؤسسة زهرة العسل;4034101988;أخرى;http://honeyrose.manafeth.sa;;;honeyrosesaudi@gmail.com;533891132;Active;0;0
;نهه;;أخرى;https://t.me/maroof00;;;Thththth@gmail.com;502394536;Not Active;2;1
 e services club;نادي  الخدمات الاكترونية ;;تسويق إلكتروني;https://www.e-services.club/;https://instagram.com/e_services_club;https://twitter.com/e_services_club;info@e-services.club;559869271;Active;0;0
aqhal;اكحل ;1010631367;أخرى;https://aqhal.com;https://instagram.com/aqhal.sa;;aqhal.sa@gmail.com;503931646;Active;0;0
Installing marble countertop and facades ;تجارة وتفصيل وتركيب المغاسل والواجهات الرخامية ;1010372119;تسويق إلكتروني;https://www.marble.sa;;;b.f.km.2016@gmail.com;556833960;Active;0;0
aquarabia;اكوا اريبيا;1010631367;إلكترونيات واكسسورات;https://aquarabia-sa.com/;https://instagram.com/aqhal.sa;;aquarabia.sa@gmail.com;504281268;Active;0;0
souq pack;سوق باك;1010395169;تسويق إلكتروني;https://souqpack.com/;;;care@souqpack.com;552222048;Active;0;0
Pubg nawal;متجر نوالي ;;تسويق إلكتروني;https://t.me/Pubg_nawall;;;nawal@gmail.com;566243170;Not Active;8.7;50
Shathat;متجر شطحات للمنتجات التقنية;1010310575;إلكترونيات واكسسورات;https://shathat.shop/;;;turki2@gmail.com;502528660;Active;0;0
;غسيل اكسبرس;1010675799;أخرى;https://gaseelexpress.com/;;;gaseelexpress@gmail.com;502034843;Active;0;0
DRB;دربي;;تصوير;https://www.DRB.COM;;;fg098098@outlook.sa;572245110;Active;0;0
Three Eyes 99;ثري ايز ٩٩;;أخرى;https://salla.sa/threeeyes;https://instagram.com/threeeyes99;;Threeeyes99@gmail.com;565994971;Active;0;0
RM Accounts;متجر ميرا لـ بيع الحسابات ;;تسويق إلكتروني;https://t.me/Mera_Rem;;;meraxtomi@gmail.com;532873186;Active;6.4;9
Achar Tasty;ألذ عشار;;مطبخ و مخبوزات;https://salla.sa/achartasty/;https://instagram.com/achar_tasty;;achar.tasty1@gmail.com;535799533;Active;0;0
Perfume spray;متجر رذاذ العطر;1131162466;كوافيرة و تجميل;https://salla.sa/paper;;;a0537141115@gmail.com;537141115;Active;0;0
Dripz Cafe;مقهى صوت قطرات النسائي;5800102832;مطبخ و مخبوزات;https://dripzcafe.com/;;;dripzcafe@gmail.com;550718386;Active;0;0
SQ ventures ;اس كيو فينتشرز ;;خدمات أكاديمية;https://sqventures.net/;;;Sara.Qureshi.a@gmail.com;531653661;Active;0;0
amad store;متجر أمد;;مستلزمات المرأة;https://amad-sa.com/;;;AmadStore2@gmail.com;573089516;Active;0;0
Alfatnah oil ;زيت الفاتنة الأصلي ;;مستلزمات المرأة;https://www.alfatnahoil.sa;;;waoes999@gmail.com;547719621;Active;0;0
BF Boutique;ب اف بوتيك;;أخرى;https://bf-boutique.com;;;b.f.boutique16@gmail.com;504408852;Active;0;0
N3 silver;ان ثري للفضيات ;;أخرى;https://salla.sa/karam_med-a;;;AAANMA1420@gmail.com;500421244;Active;10;1
 maktab alaibdae almumiz lilkhadamat aleamih;مكتب الابداع المميز  للخدمات العامه ;4604108831;حلول إلكترونية;https://wa.me/message/CLILYP2SZ2DPF1;;;mr0501885773@gmail.com;501885773;Not Active;0;0
Dlylk Academy;اكادمية دليلك ;;خدمات أكاديمية;https://salla.sa/dlylk/;;;Dlylk.com@gmail.com;554421441;Active;0;0
my skills;منصة مهاراتي;;خدمات أكاديمية;https://myskillssa.com/;;;myskillssa@gmail.com;553081291;Active;0;0
ecstore ; ايكستور;2251498140;أخرى;https://salla.sa/e-storee;;;seasttrade@gmail.com;500073009;Not Active;0;0
sawaleif store;متجر سواليف;;أخرى;https://salla.sa/swalife;;;ammolh13@gmail.com;533140571;Active;0;0
GoldAccont;قولد اكونت;;تسويق إلكتروني;https://t.me/GoldAccohhhhhnuts121;;;Beesh.ali@windowslive.com;594090292;Not Active;8;4
Hers Glow;تألقها;;مستلزمات المرأة;https://salla.sa/hersglow;;;hers.glow@outlook.com;547470962;Active;0;0
Tutti Beauty store;متجر توتي بيوتي ;;مستلزمات المرأة;https://tootybeauty.net/;;;Omfars16.f@gmail.com;552842975;Active;0;0
Antique Cafee;متجر انتيك;2055129889;الحرف والصناعات اليدوية;https://zid.store/antiq/;;;Antiqcafee@gmail.com;545777785;Active;0;0
White Store6;ابيض ستور;;أخرى;https://salla.sa/white_abyadh/;;;xabyadh@gmail.com;562986443;Active;10;1
lavandar stor;لافندر ستور;;مستلزمات المرأة;https://lavandar-sa.com;;;lavandar2030@gmail.com;505495525;Active;0;0
thky;ذكي للتسويق ;;تسويق إلكتروني;https://rbw.sa;;https://twitter.com/rbwsa;info@thky.sa;560806050;Active;10;1
easylayfe;سهل حياتك;;إلكترونيات واكسسورات;https://easylayfe.com/;https://instagram.com/easylayfe;;aj.alqadeeb@gmail.com;544677408;Active;0;0
jeanbooks21;مكتبة جون;;تسويق إلكتروني;https://salla.sa/jeanbooks21/;https://www.instagram.com/jean_books21/;https://twitter.com/jean_books21;ggoog2014@gmail.com;553149844;Active;0;0
Stopi sttii;توقف متجر;;تسويق إلكتروني;https://t.me/E;;;Enjoy01@hotma.com;543039821;Not Active;10;10
Marketing promotion;تسويق والترويج والدعاية والاعلان;;تسويق إلكتروني;https://twitter.com/mlk1000000;;https://twitter.com/mlk1000000;mlk1000000@hotmail.com;565294425;Active;0;0
Elegantss fashion;الأزياء الانيقة;;تسويق إلكتروني;https://salla.sa/elegants_fashion/;;;Elegants.fashion@hotmail.com;560004438;Active;10;3
shaghaf store;متجرشغف;1010258941;تسويق إلكتروني;http://shaghaf-sa.com/;;;info@dd.net.sa;504208820;Active;0;0
golden rosse store;روز قولدن;4031237591;أخرى;https://salla.sa/roseshop2;;;golden.rose122@hotmail.com;590149958;Active;0;0
daoh;دوح;1010646670;تسويق إلكتروني;https://daaoh.com;https://instagram.com/daoh0500;https://twitter.com/Daaoh2030;daoh12030@gmail.com;556039167;Active;0;0
BA HOOME CINEMA;بي أي للسينما ;4650214310;إلكترونيات واكسسورات;https://salla.sa/alsaba_stoor/;;;Saba-stoor1@hotmail.com;580990747;Not Active;0;0
kunwooz;كنوز للنوادر ;2063606815;تسويق إلكتروني;https://kunwooz.com/;;;nnma33@hotmail.com;565733314;Active;0;0
;بيرسونال شوبر2;;تسويق إلكتروني;https://mobile.twitter.com/home;;https://mobile.twitter.com/home;amm60989@gmail.com;505276198;Active;0;0
Etherwayze ;ايذروايز;2050145414;حلول إلكترونية;https://etherwayze.com/;;;Fahad@etherwayze.net;582021765;Active;0;0
bdu;موسسة بدو للعطور;4031250139;كوافيرة و تجميل;https://bduuy.com;;;bduuy@gmail.com;530660845;Active;0;0
;مجوهرات ازين;;أخرى;http://AzinJewelery.com;https://instagram.com/azin.jewelery;;Azinjewelery@outlook.sa;549404510;Active;0;0
Wooden Home;منزل خشبي;;أثاث وديكور;https://salla.sa/wood_home/category/PpeaV;;;Salemcom1999@gmail.com;505797979;Active;0;0
55Selling PUBG accounts;بيع حسابات ببجي ووساطه 55;;تسويق إلكتروني;https://t.me/por212;;;mhmddyaaan@gmail.com;599919742;Active;4.7;3
TRENDFASHION ;ترندي فاشن ;;تسويق إلكتروني;https://trendyfashionsa.com/;;;trendyfashion.care@gmail.com;569886697;Active;0;0
bootea store;متجر شاي بوتي;;أخرى;https://salla.sa/bootea.store;;;bootea.ksa.20@gmail.com;548202258;Active;0;0
Areej Beauty 11;اريج بيوتي ;;كوافيرة و تجميل;https://salla.sa/areejbeauty;;;areejmaashi@hotmail.com;558099684;Active;0;0
naged;نجد الشموخ;4031038983;تسويق إلكتروني;https://zid.store/naged;;https://twitter.com/Tailor_Naged;naged50110@hotmail.com;559083422;Active;0;0
Gulf VIP;جلف فى اى بى;4031237445;أخرى;https://sa.gulfvip.com/;;;abosaad.a.265@gmail.com;580432054;Active;0;0
nasmuh;نسمه;1010717593;مستلزمات المرأة;https://salla.sa/nasamuh;;;nasmuhsa@hotmail.com;532050070;Active;0;0
;بيع حسابات بيجي شحن شدات ابن هلال;;تسويق إلكتروني;https://t.me/xx_6t;;;mnzar1745@gmail.com;582791070;Active;0;0
msar;مسار للتسويق الاكتروني;;تسويق إلكتروني;https://is.gd/4uYwRo;;;mshari_1212@outlook.com;595164090;Active;0;0
Various intermediate sites;وسيطة مواقع مختلففة;;أخرى;https://mobile.twitter.com/home?locale=ar;;https://mobile.twitter.com/home?locale=ar;m987bbtd@gmail.com;500366143;Active;0;0
La plume;لابلوم;;أخرى;http://laplume.manafeth.sa/;;;laplume.saudi@gmail.com;533328782;Active;0;0
Muqarnsat;متجر مقرنصات;;أخرى;https://salla.sa/mqrnsat;;;mqrnsat@gmail.com;504348971;Active;0;0
Clarity;مصاحف القيام;;أخرى;https://twitter.com/clarity_65?s=21;;https://twitter.com/clarity_65?s=21;nohalazuhairi@gmail.com;502409701;Active;0;0
DEARSON;ديرسن;4650034825;تسويق إلكتروني;https://www.dearson.com.sa;;;info@dsf.com.sa;500009103;Active;0;0
HexNAND;هكسناند;;حلول إلكترونية;https://hexnand.com;;;hexnand@outlook.com;562208889;Active;0;0
MoreLess;مورليس;;مطبخ و مخبوزات;https://salla.sa/moreless;;;morelessnr@gmail.com;548546143;Active;0;0
tas ton;مؤسسة تاس تون لتقديم المشروبات;;تسويق إلكتروني;https://www.amazon.sa;;;nemo_n2016@hotmail.com;550506397;Active;0;0
NABATA COMPANY;شركة نباتا للتجارة;4030594045;أخرى;https://nabata.sa;;;nabata1@outlook.sa;555565573;Active;10;1
Story norleen;متجر نورلين ;1010566867;مستلزمات المرأة;https://norleen1.com;;;maalm1944@hotmail.com;545552550;Active;0;0
Hadeel Custom Tshirts;هديل للطباعة على التيشيرتات;2050128114;تصميم وطباعة;https://hadeal.store;;;mazari.retailers@gmail.com;503194090;Active;0;0
Olfaah;ألفة للزواج ;1010635120;أخرى;https://www.Olfaah.com;;;khalid@Olfaah.com;502088332;Active;0;0
mia fashion;ميا فاشن;4031245635;مستلزمات المرأة;https://miafashion-sa.com/;https://www.instagram.com/miafashion_sa/;;miafashionsa@gmail.com;568748103;Active;0;0
BasbousaTota;بسبوسه توته ;;مطبخ و مخبوزات;https://salla.sa/totoanc2020;https://instagram.com/totoanc2020;https://twitter.com/1Pl25jkDXYOkBKs;totoanc44@gmail.com;543769688;Active;0;0
Queen body care;ملكة عناية الجسم;;مستلزمات المرأة;https://salla.sa/queen_body_care0;;;rroorroo666@hotmail.com;546720912;Active;0;0
Mekencom;مغلق مؤقتاااا;;تسويق إلكتروني;https://salla.sa/elktro.shop;;https://twitter.com/Elctr7;elctraoutlook@gmail.com;568673460;Not Active;8.3;4
hraj br;حراج البر ;;السيارات;https://salla.sa/hrajbr;;;tt11tt22s@hotmail.com;551939921;Active;0;0
simasoft;سيما سوفت لتقنية المعلومات;5901719078;حلول إلكترونية;https://sima-soft.com/;;;simasoft.ksa@gmail.com;503974063;Active;0;0
Swedish Bakery;المخبز السويدي;4030406339;مطبخ و مخبوزات;https://salla.sa/swedishbakery;;;info@dietixsa.com;552386910;Active;0;0
Kokh alqaseeim;تطبيق خوخه القصيم ;1131308999;تسويق إلكتروني;https://kokh.com;;;kokhalgassim@gmail.com;562559991;Active;0;0
Elegaant;اايليقانت;;إلكترونيات واكسسورات;https://salla.sa/elegant19;;;ksony4k@gmail.con;554752834;Active;0;0
Mirrored Arts;ميرورد ارتس;;الحرف والصناعات اليدوية;https://salla.sa/mirrored_arts;;;mirrored.arts.official@gmail.com;536189594;Active;0;0
Sells accounts of pubg and shipments of UC;نيهيه;;أخرى;https://t.meZX;;;PUBG83774hsh@gmail.com;576393173;Active;8;8
KATOSTORE;متجر عبدالله ستر;;تسويق إلكتروني;https://t.me/AbdullhStore101;;;Rawan@gmail.com;543360275;Not Active;9;23
waqar abaya;وقار للعبايات المحتشمة;;مستلزمات المرأة;https://zid.store/waqarabaya;https://instagram.com/waqara21;;waqar.abaya21@gmail.com;509753458;Active;0;0
;مؤسسة يحي يزيد جابرالفيفي;1010620408;تسويق إلكتروني;https://www.noon.com/saudi-en/p-27709;;;arryahya@gmail.com;541180285;Active;0;0
X UC STORE;متجر إكس ببجي;;أخرى;https://t.me/UC_X5;;;XUC5store@gmail.com;505298097;Active;4.7;3
Easy Way Technology Supplier;الطريق السهل للحلول اللوجستية;1010696482;حلول إلكترونية;https://easywayts.com;;;M.ghourbal@easywayts.com;566058998;Active;0;0
grapes;اعـناب;;مستلزمات المرأة;https://salla.sa/gaanab551;;;gaanab551@gmail.com;500000000;Active;0;0
;مؤسسة تطبيق وصل الوصية لنقل البريد ;1010692664;أخرى;https://ws-wasiyati.com;;;ksa000009ms@gmail.com;504704114;Active;0;0
TAM SEVEN ;مؤسسة ابشر وتم للنقليات ;1010697964;أخرى;https://www.tamm-ksa.com;;;ksa000009ms@gmail.com;504704114;Active;0;0
code card;كود كارد;;تسويق إلكتروني;https://codecard1.com/;;;mn7sdrn@gmail.com;509917773;Active;6;2
Jeheus;نينين;;أخرى;https://t.me/joinchat/je;;;Dhhrhr@gmail.com;538140573;Active;5.6;11
phone sentence;جملة الهاتف;;إلكترونيات واكسسورات;https://salla.sa/phone_sentence;;;azzouz2468@gmail.com;538035024;Active;0;0
NoNoN;نونونا ;;أخرى;https://salla.sa/nono202020;;;noff202026@gmail.com;509108174;Active;0;0
lastmouse platform for free emarketing;منصة الفار الاخير للتسويق الالكتروني المجاني;;تسويق إلكتروني;https://lastmouse.com;;https://twitter.com/last_mouse;samitrade3@gmail.com;508511557;Active;0;0
Silva Store ;سيلفا ستور;;أخرى;https://t.me/Silvastore;https://instagram.com/silvastorre;;shahadis7@outlook.com;557109189;Not Active;6;6
soudikolfa;كلفة سعودية;;الحرف والصناعات اليدوية;https://salla.sa/soudikolfa/;https://instagram.com/soudikolfa;;soudikolfa@gmail.com;580523896;Active;0;0
Liil ABAYA;ليل عباية;;مستلزمات المرأة;https://salla.sa/sen.bensin;;;a-a1431@hotmail.com;566566268;Active;0;0
Stephanie Coffee Tools;ستيفاني لمعدات القهوة;;أخرى;https://scofet.com;;;scoffeetools@gmail.com;552442818;Active;0;0
A store selling accou;خاهاهاهاه;;أخرى;https://t.me/joinchat/;;;Jfugig@gmail.com;592740596;Not Active;10;1
Canvaya;كانفايا;;حلول إلكترونية;https://canvaya.com/;;;Canvayastore@gmail.com;570706710;Active;0;0
MEMZER;ميمزر;;أخرى;https://memzer.xyz/;;;d7oomy.email@gmail.com;511111111;Active;0;0
Shoop baby haifa;متجر بيبي هيفاء;;أخرى;https://s.salla.sa/home/;;;meem_47@outlook.sa;558183086;Active;0;0
MOTH;موث;;تسويق إلكتروني;https://themoth.online;;;mothm62@gmail.com;570114584;Active;10;1
shaheen water;وكالة خدمات شاهين للتجارة;1010603286;تسويق إلكتروني;https://salla.sa/newtech.sale/;;;shaheenagincy@gmail.com;501008089;Active;10;1
Tazwed;تزويد;1010495858;حلول إلكترونية;https://tazwed.net/;;;alqaud@gmail.com;551644445;Active;0;0
MOHASTOREE;موها ستوري;;تسويق إلكتروني;https://t.me/STOREmwha;;;Jaathhhh_Ste@gmail.com;561581926;Not Active;10;3
StoreRT;متجر بيع حساباات ببجي ;;تسويق إلكتروني;https://t.me/pubg_ey;;;rtboali1@gmail.com;558106717;Not Active;10;14
Glamas;قلاماس;;مستلزمات المرأة;https://zid.store/glamas;;;glamas.jewelry@gmail.com;554229622;Active;0;0
gameina;تطبيق جمعنا;1010694688;تسويق إلكتروني;http://gameina.net;;;aaa_09990@hotmail.com;598834360;Active;0;0
Space Colors;مؤسسة الوان الفضاء للتجارة;4031250084;أخرى;https://www.spacecolors.net;;;saalsul@gmail.com;570975570;Active;0;0
Abshertityasser;ابشر تتيسر;;حلول إلكترونية;http://abshertityasser.com/;;https://twitter.com/abshertityasser;info@abshertityasser.com;548987603;Active;10;6
himayahblue;حماية بلو;2050142016;إلكترونيات واكسسورات;http://himayahblue.com/;;;Waelfaifi@hotmail.com;552594865;Active;0;0
pistachio sweet;مؤسسة فستق حلا التجارية;2051227558;تسويق إلكتروني;https://pistachiosweet.com/;;;wa2ob@yahoo.com;577209453;Active;0;0
Amanicom;امانيكم;;تسويق إلكتروني;https://salla.sa/amanicom;;;nadastore@outlook.com;557228886;Active;0;0
DrKeys;دكتور كيز;2053116467;أخرى;https://drkeyssa.com/;https://instagram.com/drkeys.sa;;drkeys.sa@gmail.com;566221851;Active;0;0
shrimp fofo;شريمب فوفو;;مطبخ و مخبوزات;https://www.snapchat.com/add/shrimpfa19;https://www.instagram.com/p/CO8BH8CDIqk/?igshid=uso444xyrnm1;;Shrimp.f.a@hotmail.com;546610173;Active;0;0
SlTARpPubg;جمانه ستوري;;تسويق إلكتروني;https://t.me/STAR_pPubg;;;k.sa522@hotmail.com;593129688;Not Active;7.8;29
FITME4;فيتمي;1010698571;إلكترونيات واكسسورات;https://fitme.sa;https://instagram.com/fitme_ar;https://twitter.com/fitme_ar;sales@fitme.sa;506697738;Active;0;0
ssafffaa;حسابات صفاء ;;تسويق إلكتروني;https://t.me/ssafffaa1;;;fktrpudg246@gmail.com;571573404;Not Active;6.7;17
Digital thebest;اشتراكات رقمية ذي بي ست;;تسويق إلكتروني;https://iptvthebest77.com/;;;iptvthebest77@gmail.com;534472409;Not Active;2;1
Digital products22;اشتراكات رقمية;4030400666;تسويق إلكتروني;https://iptvthebest77.com/;;;iptvthebest77@gmail.com;534472409;Not Active;0;0
Banda store;متجر بانداا;;تسويق إلكتروني;https://salla.sa/bandamesh/;;;meshy090@gmail.com;566776510;Active;0;0
;اشتراكات رقميه ;;أخرى;https://salla.sa/iptv86;;;a1a11a1@outlook.sa;551793055;Active;0;0
Stars Box ;ستارز بوكس;4031251457;إلكترونيات واكسسورات;http://starsbox.sa;https://instagram.com/starsbox2;https://twitter.com/starsbox2;support@starsbox.sa;570975570;Active;0;0
;شدات ببجي وبطاقات رقمية ;;تسويق إلكتروني;https://salla.sa/s7s-show;;;h-t-55@hotmail.com;500027613;Active;0;0
;متجر بيع حسابات ببجي ابن هلال;;تسويق إلكتروني;https://t.me/xx_6t;;;mnzar1745@gmail.com;582791070;Not Active;0;0
AMERAA Store;متجر اميرى;;تسويق إلكتروني;https://t.me/DESAN_10;;;NoF_10@gmail.com;562007460;Not Active;5.1;13
nabdhtasi;متجر نبض تاسي;;حلول إلكترونية;https://nabdhtasi.com/;;;nabdhtasi@gmail.com;554215662;Active;10;1
MEZAMOON;ميزا مون;;تسويق إلكتروني;https://mezamoon.com;https://instagram.com/mezamoonn;https://twitter.com/mezamoon;info@mezamoon.com;509893991;Active;0;0
waleed alawidah;متجر وليد العويضه ;;تسويق إلكتروني;https://walydeooh.com/;;;walydeooh@gmail.com;561450767;Active;0;0
;مؤسسة عائشة الراشد التجارية;;مستلزمات المرأة;http://stilvollstore.com/;;;stilvoll.sa@outlook.sa;556852497;Active;0;0
;متجر مئة و ثمانون درجة ;2251112643;تسويق إلكتروني;https://180.coffee;;;180@180degreeksa.com;560585665;Active;0;0
Jasmine bakery 369;مخبز الياسمين ٣٦٩;;مطبخ و مخبوزات;https://iwtsp.com/966556853448;https://instagram.com/jasmine_bakery7;;Fwfwfw940@gmail.com;501494963;Active;0;0
Your CV platform;منصة يور سي في;;تصميم وطباعة;https://yourcvdesign.com;https://instagram.com/yourcvdesign1;https://twitter.com/yourcvdesign;info@yourcvdesign.com;502408413;Active;10;2
ELLEGANTT;متجر القحطاني لا تقع ضحية اقرأ الوصف بالأسفل;;تسويق إلكتروني;https://t.me/Fah_Stor22;;;AT_10@gmail.com;594500236;Not Active;10;17
Tbox;تي بوكس;;تسويق إلكتروني;http://www.tbox-online.com;;;a.aw.m@hotmail.com;580820900;Active;0;0
Gf2 storee;جي اف لحسابات ببجي;;تسويق إلكتروني;https://t.me/pubggf2;;;gf2store2@gmail.com;581426812;Not Active;10;1
Alata spices;توابل العطاء العربية;;مطبخ و مخبوزات;https://t.me/joinchat/wPk3x-Ibyeo4MDNk;;;al3ta.1482@hotmail.com;502487025;Active;0;0
Shop selling accounts rechar;تدععزعدعدع;;أخرى;https://t.me/N;;;Bubg178kububub@gmail.com;550741197;Active;2;1
Haya Abdulmohsen Al Bassam;هيا عبدالمحسن البسام ;;خدمات أكاديمية;http://linkedin.com/in/hayaalbassam;;;albassam.haya1@gmail.com;546777006;Active;0;0
Alraqdi Museum;متحف الراقدي;5850068825;أخرى;https://alraqdimuseum.com/;https://instagram.com/alraqdi.museum;;alraqd.museum@gmail.com;569779025;Active;0;0
ABDELAH MSLI EAD ALLOTIBI;عبدالاله مسلي عيد العتيبي;;أخرى;https://salla.sa/neachen/;;;laz561hus@gmail.com;596076505;Active;0;0
 Lladb M8fl;مقفل باي;;تسويق إلكتروني;https://t.me/twthy;;;3dm2314@gmail.com;501832339;Not Active;10;3
Electronic footprint;البصمة الألكترونية ;;أخرى;https://salla.sa/ditsa;;;naief.hhs@gmail.com;500652021;Active;0;0
FIGURES FACTORY;فيقرز فاكتوري;;أخرى;https://figuresfactory.com;;;Hima.bukhari@gmail.com;505684588;Active;0;0
Ice t shirts;ايس تيشيرتس;1010717788;تصميم وطباعة;https://icet-shirts.com/;;;xyasserksa@gmail.com;552006947;Active;0;0
 REEF GARDEN CAMP;متجر ريف  لبيع لوازم المخيمات والحدائق;2050134274;حلول إلكترونية;http://reef-20.com;;;reef.1.1.2020@gmail.com;598862831;Active;0;0
Rtyy4  x SiuTORE;فعغ;;تسويق إلكتروني;https://t.me/p;;;Gwaaher@gmail.com;500000900;Not Active;5.3;8
Wejdan store;وجدان ستور لبيع حسابات ببجي;;تسويق إلكتروني;https://t.me/joinchat/GwSLHZqVGHY1YjNi;;;Wjdanpubg@gmail.com;539429314;Active;5;8
Vvg;كلوس مغلق;;تسويق إلكتروني;https://t.me/p;;;Rawan.ppgeey@gmail.com;500000001;Not Active;6.8;5
PUBG Faisall STORE;قناة فيصل لبيع حسابات ببجي;;تسويق إلكتروني;https://t.me/MGPUBG;;;Faisaiil8@gmail.com;571641634;Active;6;6
 Uiu STOytRE;قفهففع٦;;تسويق إلكتروني;https://t.me/p;;;Xrxpubg@gmail.com;500000000;Not Active;5.2;10
Purplee Store;المتجرر البنفسجي;;تسويق إلكتروني;https://t.me/DESAN_10;;;NoF_10@gmail.com;562007460;Not Active;7;8
Shaima Telecom;شيماء للأتصالات;;إلكترونيات واكسسورات;https://salla.sa/shaimphone;;;shamaa121221@gmail.com;509154252;Active;0;0
SP4 STOEER;متجر اس بي فور;;تسويق إلكتروني;https://t.me/SP4STORE;;;sp4store@gmail.com;564013457;Not Active;10;6
pubg account ksa;ببجي المملكه;;حلول إلكترونية;https://t.me/pubg_account_ksa1;https://instagram.com/pubg_account_ksa1?igshid=4hctm1334moe;;mr.rebool@hotmail.com;550021696;Active;0;0
Stoerarwbh;متجر العروبه;;تسويق إلكتروني;https://t.me/x1woosuk;;;ReemAlQahtani@gmail.com;580016795;Not Active;10;6
sahla store;متجر سهلة;;أخرى;https://salla.sa/sahlastore/;;;saraalhuthiliy@icloud.com;561517000;Active;0;0
SAHAEB ALOUD;سحـائب العود;;أخرى;https://s.salla.sa/orders;;https://twitter.com/Sahayb_oud;soute.2013@hotmail.com;536769992;Active;0;0
lavender scent;لافندر سنت ;;أخرى;https://iqueenboutique.com/;;;Mharbi995@gmail.com;504969313;Active;0;0
Paddy Store ;متجر بادي ;;حلول إلكترونية;https://salla.sa/paddystore;;https://twitter.com/Paddystore_tv;Paddy1store@gmail.com;540026151;Active;0;0
ii;ممتججرر;;تسويق إلكتروني;https://t.me/LAMZ6;;;lmyb7233@gmail.com;505399432;Active;5.6;11
RIYAD;متجر الرياض  اقراء الوصف حتى لاتقع ضحيه;;تسويق إلكتروني;https://t.me/RIYADST;;;Fahadstore@gmail.com;580324542;Not Active;8.8;73
PLAYERS CITY;مدينة اللاعبين;;حلول إلكترونية;https://players-city.com;https://instagram.com/players.city;https://twitter.com/PLAYERS__CITY;players.city@outlook.sa;505398138;Active;10;4
TimaCare;تيما كير;;أخرى;https://salla.sa/timacare/;https://instagram.com/timacare2;https://twitter.com/TimaCare1;TimaCare2@Gmail.com;539343301;Active;0;0
rfhrkhr 45;موقوف 84;;حلول إلكترونية;https://maroof.sa/;;;plaers7ctiy@gmail.com;509716270;Not Active;0;0
AL LIWAN STORES EST;موسسة متاجر الليوان التجارية ;4030389674;أخرى;https://liwanstores.com;https://instagram.com/liwanstores;;liwanstores@gmail.com;503517047;Active;0;0
Zytonna;زيتوننا;;مطبخ و مخبوزات;HTTPS://wa.me/966563242020;;;Ranadhussain@gmail.com;563242020;Active;0;0
Ravel;رافل;;أخرى;https://salla.sa/ravel.com/;;;Shane.c19c@gmail.com;504705450;Active;0;0
  Sahab Riyadh Security Corporation;مؤسسة سحاب الرياض الامنية;1010707805;أخرى;https://maroof.sa/202765;https://instagram.com/sahab_alriyadh;https://twitter.com/sahab_alriyadh;sahabalriyadh@gmail.com;556026268;Active;0;0
Al Ghamdi Oud and Saffron Shop;متجر الغامدي للعود والزعفران ;;أخرى;https://alghamdi-oud.com/;;;info@alghamdiis.com;504337705;Active;0;0
CryptoBusiness;كريبتوبزنس;;تسويق إلكتروني;https://googlecamping.com/;;;al.haddad-1995@hotmail.com;554581000;Active;0;0
Mohammed Hamoud alturaiki;محمد حمود الطريقي ;;أخرى;https://mabshoes.com/;;;Moodleoy@gmail.com;553108415;Active;0;0
;روعة الريزن;;تصميم وطباعة;https://iwtsp.com/966595670409;;;ali00000099777@gmail.com;595670409;Active;0;0
Office key services;مكتب مفتاح الخدمات للتطوير والأستشارات العمالية;2511109040;حلول إلكترونية;https://maroof.sa/202757;;;k-aldaly@hotmail.com;504685555;Active;0;0
ti9er;متجرتايجر;;تسويق إلكتروني;https://www.ti9er.com;https://instagram.com/ti9er2;;fahad.1401.zzz@gmail.com;549216438;Active;0;0
1932 PERFUME;1932;1011144225;أخرى;https://1932perfume.com/;https://instagram.com/1932_perfume;https://twitter.com/1932_perfume;1932.perfume@gmail.com;504776654;Active;0;0
Star pubg;متجر ستار ببجي حسابات وشدات;;تسويق إلكتروني;https://starrpubg.com;;;bsbsmyoo9@gmail.com;501606125;Active;0;0
LilWhats to create online stores;للواتس لإنشاء المتاجر الالكترونية;;حلول إلكترونية;https://lilwhats.com;;;info@lilwhats.com;544695910;Active;0;0
LUMINOSO;المضيئة;;مستلزمات المرأة;https://lumiiinoso.com/;https://instagram.com/lumiinoso.sa;;luminoso.sac@gmail.com;540040635;Active;0;0
specullar;سبكيولر;;تسويق إلكتروني;https://specullar.com/;;;kasem1428@gmail.com;505376865;Active;0;0
Whims;اهواء;1010638175;إلكترونيات واكسسورات;https://salla.sa/whims/;;;alnumanistore@gmail.com;590774530;Active;0;0
NST;مؤسسة نست التجارية;1010634223;أخرى;http://www.nstksa.com/;;;islam.elyas@baheyagroup.com;554153541;Active;0;0
;مكتب خدمات عامه وعقاريه ;;العقارات;https://twitter.com/arkanalomran;;https://twitter.com/arkanalomran;ofm600@hotmail.com;558649261;Active;0;0
i kem;آي كيم;;إلكترونيات واكسسورات;https://ikemshop.com;;;ikemshop@gmail.com;539313843;Active;0;0
5Moashy;مواشي سلامه;;أخرى;https://maroof.sa/201242;;https://twitter.com/QiQ51;Slamh95@hotmail.com;568924044;Active;0;0
smartmarketing;متجر التسويق الذكي;;تسويق إلكتروني;https://salla.sa/smartmarketing;;;hithoo15@gmail.com;548228277;Active;0;0
Nomadica;نوماديكا;4030370870;إلكترونيات واكسسورات;https://nomadicaarabia.com/;https://instagram.com/nomadicaarabia;;pm@nomadbydesign.com;540013954;Active;0;0
SAAED GENERAL SERVICES;ساعد لخدمات الأعمال;4030414263;تسويق إلكتروني;http://www.sa3d2030.com;;;saaed2021@hotmai.com;555860658;Active;0;0
Z7lega;زحليقة;1010634114;أخرى;https://z7lega.com/;https://instagram.com/z7lega.sa;;Z7lega.sa@gmail.com;505566125;Active;0;0
cards zoom;كاردزوم;;أخرى;https://www.ourplaces.live/cardszoom;;;bubbleseventgroup@gmail.com;502274696;Active;0;0
C hub;سي هب;4030309912;أخرى;https://c-hub.com.sa;;;info@c-hub.com.sa;549553324;Active;0;0
Bee seasons;فصول النحل;4030414607;مطبخ و مخبوزات;http://zid.store/bee-seasons/;https://instagram.com/bee_seasons;https://twitter.com/Bee_seasons;Beeseasons20@gmail.com;501087120;Active;0;0
Blind Spoot Store;متجر النقطة ألعميااءء;;تسويق إلكتروني;https://t.me/BlindSpootStore;;;Blind_Spot_Store@gmail.com;581794578;Not Active;8.3;32
DBJSU;متجر مغلق ستب;;تسويق إلكتروني;https://t.me/D;;;DiFeRenT2@hotmail.com;592498671;Not Active;9.3;44
2iosky;آيو سكاي;;مستلزمات المرأة;https://2iosky.com/;;;2iosky1@gmail.com;552617433;Active;0;0
Ahmshy;أهم شي ;1010716819;مستلزمات المرأة;https://ahmshy.com;;;Info@ahmshy.com;500165898;Active;0;0
Bharatek;بهاراتك;;مطبخ و مخبوزات;https://salla.sa/bharatik/;;;memo.sh.t4@gmail.com;553150155;Active;0;0
Thamaratdf;ثمرة فواكه مجففة ;;أخرى;https://salla.sa/thamara.tdf;;;thamara.tdf@gmail.com;548393552;Active;0;0
starpubgl;ستار ببجي;;تسويق إلكتروني;https://t.me/star_pubgl;;;INGFSONE@gmail.com;565296378;Not Active;8.6;64
Fan w Ebdaa;فن وإبداع;;الحرف والصناعات اليدوية;https://salla.sa/f.h.s;;;hano193@gmail.com;566565594;Active;0;0
Tastir;تسطير للتسويق الإلكتروني;4030391058;تسويق إلكتروني;https://tastir.com.sa/;https://instagram.com/tastirsa;;Sultan@tastir.com.sa;537872872;Active;0;0
Taibat Al Ard;طيبات الأرض;;أخرى;https://salla.sa/taibat_al_ard;;;mohammed.saifudden@yahoo.com;540360122;Active;0;0
SHIPLZ;شبلز;;أخرى;https://www.shiplz.com;;;amr.elgazar34@yahoo.com;508649243;Active;0;0
EnJOY Charity ;إنجوي;4030386339;إلكترونيات واكسسورات;https://enjoycharity.com/;;;Info@enjoycharity.com;562156168;Active;0;0
Enjoy1;حسابات انجوي ;;تسويق إلكتروني;https://t.me/enjoy_store11;;;q77b@hotmail.com;593129688;Not Active;9.2;10
4th box;الصندوق الرابع;2055130393;حلول إلكترونية;https://4thbox.sa/;;;4thboxx@gmail.com;505181245;Active;0;0
rove store;متجر روف;4030414578;مستلزمات المرأة;https://rove-store.com/;;;talouqshope@gmail.com;553435436;Active;0;0
CMOS Arabia;سيموس العربية;;إلكترونيات واكسسورات;https://www.cmosarabia.com;;;u@oraifi.com;507790955;Active;0;0
Thuluth Graphics;تصاميم ثلث;;تصميم وطباعة;https://salla.sa/thuluth_graphics;https://instagram.com/thuluthgraphics;;info@thuluthgraphics.com;501358480;Active;0;0
The Urban Oasis Digital Marketing;مؤسسة الواحة العصرية للتسويق الالكتروني;;تسويق إلكتروني;https://theuoasis.com;;;ak@theuoasis.com;568786555;Not Active;0;0
molix;موليكس;5950118606;تسويق إلكتروني;https://molix1.com/;;;wlayhmak1@gmail.com;530674650;Active;0;0
personal styling and shopping services;خدمة تنسيق و شراء أزياء شخصية;4030380106;تسويق إلكتروني;https://www.taffi.co/;https://instagram.com/taffi.co;;email@taffi.co;507000478;Active;0;0
Coffee Complex;ديوان القهوة;4030380755;أخرى;https://coffeecomplex.co;;;info@coffeecomplex.co;557964880;Active;0;0
Cozy Haven;كوزي هافن;2050093851;أثاث وديكور;https://www.cozyhavenstore.com/;https://instagram.com/cozy_haven;;little.chick.ksa@gamil.com;505889992;Active;0;0
Meem auction platform;منصة ميم للمزادات;4030408451;أخرى;https://mzadmem.com;;;mzadmem@tera-cit.com;555179621;Active;0;0
DossFarm;دوس الزراعية;5800103157;تسويق إلكتروني;https://doosfarm.com;;https://twitter.com/Doosfarm;aahalali@hotmail.com;564444050;Active;0;0
wafa saleh alghamdi;وفاء صالح الغامدي;4030410593;أخرى;https://alwafashop1.com;;;salehbn55@hotmail.com;593312430;Active;0;0
elegant clothes store;متجر الملبس الانيق;;أخرى;https://salla.sa/ec.store.ksa;https://instagram.com/ec.store.ksa;;ec.store.ksa@gmail.com;508727076;Active;0;0
Draw Store;متجر دراو;;الحرف والصناعات اليدوية;https://salla.sa/drawstore/;;;drawstore20@gmail.com;582607055;Active;0;0
3ud store;متجر العود الأصيل;;أخرى;https://3ud.store/;;;malnaiem@gmail.com;501411000;Active;0;0
Elephanttly;اليفينتلي;4030415026;إلكترونيات واكسسورات;https://www.elephanttly.com/;https://instagram.com/elephanttly;https://twitter.com/elephanttly;Elephanttly@gmail.com;566915715;Active;0;0
Selling accessories and supplies for games;بيع قطع للهواتف مثل كفرات و موارد للألعاب ;;تسويق إلكتروني;https://mapp.sa/l7n7a;;;hmoodis20019@gmail.com;558681896;Active;0;0
TAWSELA GRAFFITI;توصيلة جرافتي ;1010643979;تسويق إلكتروني;http://www.tawsela-ksa.com/;;;alaaltriq@gmail.com;500316366;Active;0;0
darcornersa;ركن الدار;1010411469;تسويق إلكتروني;https://www.darcorner.com/;https://instagram.com/darcornersa;https://twitter.com/darcornersa;darcornersa@gmail.com;551507006;Active;0;0
Tomato;طماطة ;;حلول إلكترونية;https://falakcard.com;;;tomatoservice8@gmail.com;535577704;Active;0;0
turathksa;بصمة تراث;;أخرى;https://salla.sa/turathksa/;;;x5_x@msn.com;509912345;Active;0;0
Shop Shadat Shipping accounts in PUBG;موقوف حاليا ;;أخرى;https://t.me/maroof00;;;Jdjdju7272@gmail.com;555739562;Active;7.3;3
trnoraa;المدربة نوره الحربي;4650208999;خدمات أكاديمية;https://salla.sa/tr.noraa/;;;n.b.y.2020@hotmail.com;533762417;Active;10;4
dhabih;ظبية للحلويات ;1010677143;مطبخ و مخبوزات;https://dhabih.sa/?v=3dd6b9265ff1;https://instagram.com/dhabih.sa;;dabbih2021@gmail.com;502738032;Active;0;0
Spices everything;بهارات كل شي ;;مطبخ و مخبوزات;https://vm.tiktok.com/ZSJU6m5dF/;;;slfh9090@gmail.com;551670583;Active;0;0
Gf2;متجر جي اف;;تسويق إلكتروني;https://t.me/gf2store2;;;gf2store2@gmail.com;581426812;Not Active;10;1
Rezmahcom;متجر رزمة;1131310665;مستلزمات المرأة;https://rezmah.com/;;;rezmahcom@gmail.com;571977576;Active;0;0
Cycas;سيكاس;1010138474;أثاث وديكور;http://www.cycas.com.sa;;;sales@cycas.com.sa;503359252;Active;0;0
;مريم للمسيار والسهرات ;;تسويق إلكتروني;https://t.me/la_i0;;;Maraem_2002@gmail.com;541061829;Not Active;10;1
store shouq;متجر شوق5;;تسويق إلكتروني;https://shouq5.com/;https://instagram.com/555sstorehouq555;https://twitter.com/IAqeeil;ibrahimaqeel5555@gmail.com;532300195;Active;0;0
BooDesignShop;بوو ديزاين شوب;;الحرف والصناعات اليدوية;https://salla.sa/boodesdesign;https://instagram.com/boodesdesign;;BoodesDesign@outlook.com;591188253;Active;0;0
Hoya;هويا;2050137380;أثاث وديكور;https://hdesign-sa.com/;;;hutham-aljaffari@hotmail.com;593185001;Active;0;0
ic phone;اي سي فون;;إلكترونيات واكسسورات;https://s.salla.sa/home/;;;alawi-abo-osama@hotmail.com;531991797;Active;0;0
sgu App;سجيو ;1010420127;تسويق إلكتروني;https://sguapp.com;;;Sguksa@gmail.com;534094009;Active;0;0
XSL;متجر عابر الشمال;;إلكترونيات واكسسورات;https://t.me/KSA20202021;;;kkssll037@gmail.com;549063887;Active;0;0
Ezaari;إزاري;1010219584;أخرى;https://www.ezaari.com;;;info@ezaari.com;544414569;Active;0;0
banafsaaji;البنفسجي;;أخرى;http://banafsaaji.com;;;bahrjeddah@windowslive.com;559355109;Active;0;0
Panqd Host Company Ltd;شركة بانكد هوست المحدودة;;أخرى;https://panqd-host.com;;;panqd132@gmail.com;535664305;Active;0;0
Romper store;متجر بربتوز;2053116562;أخرى;https://romperksa.com/;;;romperksa@gmail.com;548951005;Active;0;0
alanzei1;احب خشمج;;حلول إلكترونية;https://t.me/alenezei_u11;;;Alanzi@gmail.com;593562002;Not Active;9.5;33
sweetjizan;حلا جيزان;;مطبخ و مخبوزات;https://www.sweetjizan.com;https://instagram.com/sweetjizan;https://twitter.com/sweetjizan;almanestr@hotmail.com;501899041;Active;0;0
A store selling Abu Nayef Al Dhafiri accounts;متجر بيع حسابات ببجي ابو فهد الظفيري;;أخرى;https://t.me/PUBG_195;;;smyr66866@gmail.com;591495334;Active;7;24
IFKSUDU;فاك يو عرب;;تسويق إلكتروني;https://t.me/TheFrS;;;theftest@hotmail.com;592744628;Not Active;9.6;20
Tiyn Coffe and Nuts;تين للحلويات والمكسرات;1131311837;أخرى;https://tiynn.com;https://instagram.com/tiyn2030;https://twitter.com/tiyn66490929;tiyn2030@gmail.com;556130550;Active;0;0
;متجر اعتمد;4031238298;حلول إلكترونية;https://e3tmed.com;;https://twitter.com/E3tmed_SA;e3tmed@e3tmed.com;555059700;Active;10;7
Burqa 1;برقع 1;4030415622;مستلزمات المرأة;https://burqa1.com/;;;Info@burqa1.com;500265454;Active;0;0
teacher resources;موارد المعلم ;4031236021;تسويق إلكتروني;http://teacherresources.me;;;kkhamees21@gmail.com;555781105;Active;0;0
Ze lines Fit;زي لاينز فيت;;أخرى;https://ze-lines.com;https://instagram.com/ze.linesfit;;ze-lines@outlook.com;546332000;Active;0;0
For Kids Store;متجر فور كيدز ;;أخرى;https://forkids212.com/;;;forkids212@gmail.com;502229675;Active;9;1
Balloonten;بالونتـــيـــن;1010515954;تخطيط مناسبات وحفلات;https://balloonten.com;;https://twitter.com/balloonten;Balloonten1@gmail.com;500251552;Active;0;0
Quick Booking;الحجز السريع;1128184006;تسويق إلكتروني;https://alhgz.com;https://instagram.com/alhgz;;alhgz.com@gmail.com;504368555;Active;0;0
Sin store to sell PUBG accounts;متجر سين حسابات ببجي;;أخرى;https://t.me/pubg2210;;;sami2020q@icloud.com;592731107;Active;10;1
Your destination for beauty;وجهتك للجمال;4032249516;تسويق إلكتروني;https://r-b-y-d.com;https://instagram.com/your_destination_for_beauty;;Juwayriyashop@gmail.com;538934334;Active;0;0
s3arab;س عرب ;;تسويق إلكتروني;https://www.s3arab.com/;;;s3arabservice@gmail.com;551511002;Active;0;0
Max store;ماكس ستور 1;1010716443;إلكترونيات واكسسورات;https://salla.sa/brx1;https://instagram.com/maxstor_;https://twitter.com/Max11A_;pl2ksina@gmail.com;502882189;Active;0;0
OM SHOP;او ام شوب;;إلكترونيات واكسسورات;https://salla.sa/om.shop/;https://instagram.com/om.shop5;;omomo2050@gmail.com;571846512;Active;0;0
Bytejn;بيوتيجن;;أخرى;https://salla.sa/bytjn;;;Hassanooo633@gmail.com;533323245;Active;0;0
wlw9;ولوص;;أخرى;https://salla.sa/wlw9;https://instagram.com/wlw9;;hussinalsultan43@gmail.com;542477330;Active;0;0
Namat art;نمط ارت;;تصميم وطباعة;https://salla.sa/namat_art;;;Nama6art@gmail.com;542305983;Active;0;0
Souralmostagbal for Trading;سور المستقبل;;تسويق إلكتروني;https://souralmostagbal.com;;;souralmostagbal@gmail.com;502273558;Active;0;0
BE SAVE;كن بآمان;;أخرى;https://salla.sa/be-save;;;besave.m@gmail.com;500903151;Active;0;0
durrat alfokhar establishment for treading ;مؤسسة درة الفخار للتجارة;4700111820;أخرى;https://www.potteryandcup.com;;;potteryandcup@gmail.com;544335379;Active;0;0
Eter hernubare energie;الأثير للطاقة المتجدده ;;تسويق إلكتروني;https://salla.sa/brandscom/;;;Ethr2021@hotmail.com;541552387;Active;0;0
Brands com;براندز كوم;;تسويق إلكتروني;https://salla.sa/brandsvictoryh/;;;BrandsVictory2021@hotmail.com;541552387;Active;0;0
;متجر بيع حسابات محمد ال فيصل;;تسويق إلكتروني;https://t.me/ap_ef;;;ggod1029@gmail.com;557530754;Not Active;4;4
;محمد علي عبدالله الخاطر;2055130256;أخرى;https://www.tuwaiqpay.com.sa;;;Info@tuwaiqpay.com.sa;543400004;Active;0;0
Roozma for flyers;موقع روزما للنشرات الاعلانية;;تسويق إلكتروني;https://roozma.com/;;https://twitter.com/roozmaappcom;samitrade3@gmail.com;508511557;Active;0;0
Experience point platform;منصة نقطة الخبرات;;أخرى;https://noqttkhebra.com/;;https://twitter.com/noqttkhebra;samitrade3@gmail.com;508511557;Active;0;0
;باسقات للتمور;;أخرى;https://basiqatdates.com;;;datesbasiqat@gmail.com;569766760;Active;0;0
Any Techy;اني تكي;2031105823;إلكترونيات واكسسورات;http://www.anytechy.com;https://instagram.com/anytechy;;services@anytechy.com;548828002;Active;0;0
jlabati;جلابتي;;مستلزمات المرأة;https://www.jlabati.com;;;yasser@payways.sa;538888774;Active;0;0
Technosouqq;تكنوسوق ;4030295663;إلكترونيات واكسسورات;https://technosouq.com/;;;Technosouqq@gmail.com;556616201;Active;0;0
;غانم محمد ناصر الحبيب;;إلكترونيات واكسسورات;https://salla.sa/dekugn/;;;Ghanim.m.alhbib@gmail.com;508181414;Active;0;0
kwn;متجر كي دبليو إن;;إلكترونيات واكسسورات;https://salla.sa/kwn;;;kwn.bye@gmail.com;504990570;Not Active;0;0
Ze lines;مؤسسة زيادة عمر احمد العفيف التجارية;4030122897;أخرى;https://ze-lines.com;https://instagram.com/ze.linesfit;;ze-lines@outlook.com;555510675;Not Active;0;0
Pet heaven;بت هفن;;أخرى;https://salla.sa/petheaven.sa.com;;;Pets.haven@outlook.sa;569692760;Active;10;1
 Crazy key;كريزي كي;;حلول إلكترونية;https://crezykey.com;;;crazykey@outlook.sa;556049254;Active;0;0
Dyali Store;متجر ديالي;;أخرى;https://salla.sa/dyalistore;;;Dyalistore@gmail.com;567244304;Active;0;0
Followers increase;زيادة متابعين ;;تسويق إلكتروني;https://da3mk.com;;;v0king.done0@gmail.com;505186788;Active;0;0
allinoneaccs;متجر اول ان ون ;;إلكترونيات واكسسورات;https://allinoneaccs.com/;;;deh99me@gmail.com;567841713;Active;0;0
Allinonesa;اول ان ون;;إلكترونيات واكسسورات;https://allinoneaccs.com/;;;deh99me@gmail.com;567841713;Active;0;0
Jsksisi;نيتينني;;أخرى;https://t.me/X3;;;cdf13kdkdkdk@gmail.com;555843008;Active;7.5;26
flyweektravel;اسبوع الطيران;1010439170;تسويق إلكتروني;https://www.flyweektravel.com/;https://instagram.com/flyweektravel;https://twitter.com/flyweektravel;pr@flyweeltravel.com;553365325;Active;0;0
NEEF perfume;نيف للعطور ;;كوافيرة و تجميل;http://neefperfume.com/;;;K.a.alzahrani@icloud.com;504115733;Active;0;0
Rios and Me;ريوف اند مي;;الحرف والصناعات اليدوية;https://salla.sa/riosandme;https://instagram.com/riosandme;;riosandme@yahoo.com;501815808;Active;0;0
STS;اس تي اس;1010282739;أخرى;https://sts-stores.com;;;sales@nooralkamal.com;567362448;Active;0;0
 electronic application registration ;تسويق الكتروني وتسجيل طلبات الكترونية;;حلول إلكترونية;https://mmhjkg4104.expandcart.com/admin/marketplace/app?id=6;https://instagram.com/uuyu960;https://twitter.com/uuyu960;fty1250@icloud.com;534047552;Active;10;2
mohammed rashed bin ghannam alghannam;محمد راشد بن غنام الغنام;1010699727;تسويق إلكتروني;https://hayawaniallalif.com/;;;mohammed.r.alghannam@gmail.com;559781359;Active;0;0
 abood store PRO;متجر عبدالله لـ بيع الإشتراكات;;أخرى;http://www.aboodstore.com/;;https://twitter.com/NetflixKS;ksau716@gmail.com;534505609;Active;0;0
The Amazing shop;متجر المتجر المدهش;2053112386;أخرى;https://theamzingshop.com/;;;Gasim206@gmail.com;547566076;Active;0;0
Petitat;بتيتات;;مستلزمات المرأة;https://petitats.com;;;Petitats@gmail.com;551642430;Active;0;0
NOFAN TV;متجر نوفان;;تسويق إلكتروني;https://salla.sa/nofantv;;;Jndli96@gmail.com;596168604;Active;0;0
Blush and Lush ;بلش اند لش ;;أخرى;https://blushandlushgifts.com/;https://instagram.com/blushandlushgifts;;blushandlushgifts@gmail.com;503552085;Active;0;0
Wood Meeting;اجتماع الخشب;4031249775;أخرى;https://woodmeeting1.com;;;woodmeeting1@gmail.com;549383894;Active;0;0
Nora boutiques ;نورا بوتييك;;مستلزمات المرأة;https://salla.sa/nourabotique;https://instagram.com/noura_boutique_234;;Nouraboutique222@gmail.com;540011925;Active;0;0
NEOM Silver;نيوم سيلفر;;إلكترونيات واكسسورات;https://neomsilver.net;;;info@neomsilver.net;557765651;Active;0;0
fawh wax;شموع فوح;;الحرف والصناعات اليدوية;https://salla.sa/fawhwax;https://instagram.com/fawhwax;;fawhwax@gmail.com;509484944;Active;0;0
MY CAP STORE;متجر قبعتي;4030407526;أخرى;https://salla.sa/mycapstore;;;mkaseb2022@gmail.com;565272757;Active;0;0
HUTHAM;هذام للعود الملكي;;أخرى;https://oudhutham.com/;;;HUTHAM5@hotmail.com;500013823;Active;0;0
 lamiece makeup;لميس ميك آب;;أخرى;https://lamiece.com/;https://instagram.com/lamiece_makeup;;Lamiecemakeup@gmail.com;503275515;Active;0;0
warefah;وارفة للدعاية والاعلان ;;أخرى;https://salla.sa/w2refah/;;;w2refa7@gmail.com;530579601;Active;0;0
Remaaas dresses;ريماس لتصميم وتفصيل فساتين السهرات والزفاف;1011141240;تسويق إلكتروني;https://remaaas.com/;;;salanazi915@gmail.com;566237610;Active;0;0
Saudi lightech;متجر سعودي لايتك;1010995128;إلكترونيات واكسسورات;https://saudilightech.com;;;info@lightcells-ksa.com;569011161;Active;0;0
tmo7;الطموح;;إلكترونيات واكسسورات;https://salla.sa/ambition_;;;sanmaq098@gmail.com;537666191;Active;0;0
Tm t8felh;تم تقفيله;;تسويق إلكتروني;https://t.me/twthy;;;3dm2314@gmail.com;501832339;Not Active;7.3;3
swarkm;سواركمم;;الحرف والصناعات اليدوية;https://swarkm.com;;;swarkm0@gmail.com;540970044;Active;0;0
KSAMotional;متجر موشنال;;تصميم وطباعة;https://ksamotional.com/;https://instagram.com/ksamotional;https://twitter.com/KSAMotional;KSAMotional@gmail.com;550515055;Active;0;0
offar zone;متجر اوفر زون ;4031249790;تسويق إلكتروني;https://www.offerzone-sa.com;;;info@offerzone-sa.com;505266524;Active;0;0
Velvet Regal ;مخملي ملكي;1010639716;أخرى;Https://www.v-regal.com;;;Velvetregal@gmail.com;501647524;Active;0;0
Lohi store;متجر لوهي;;أخرى;https://salla.sa/lohi;https://instagram.com/lohistore1;;bdalalh844@gmail.com;580307141;Active;0;0
Shaden Abdullah;شادن عبدالله ;;أخرى;https://salla.sa/.shaden_abduallah_perfumes;https://instagram.com/shaden.abduallah;;shadenalmadi123@gmail.com;566129198;Active;0;0
AURA77;أورا77;1010683606;أخرى;https://salla.sa/auraperfume;;https://twitter.com/aura60653210;Auraperfume111@gmail.com;581023125;Active;0;0
Jlabiyawadkhoun;جلابية ودخون ;;مستلزمات المرأة;https://salla.sa/www.emaratystyle;https://instagram.com/emaratistyle_;https://twitter.com/emaratistyle1;Emaratistyle@outlook.com;532884504;Active;0;0
Heraj almmlka;حراج المملكه من حراج حائل الشنان بريده ;;تسويق إلكتروني;https://www.snapchat.com/add/shnan444;;;Haythammohamedali44@gmail.com;558733771;Active;0;0
ABDULARAHMAN Dorbshi;دحوم;;إلكترونيات واكسسورات;http://wa.me/966593883835;;;amjad2000aa52@gmail.com;593883835;Active;0;0
Giovanni ;جيوفاني لمستحضرات التجميل و العطور;;مستلزمات المرأة;https://salla.sa/giovanni;;;For.me11@hotmail.com;550005399;Active;0;0
kalqamar;كالقمر;;مستلزمات المرأة;https://kalqamar.com/;https://instagram.com/kalqamar_;;hassan-az@hotmail.com;592004995;Active;0;0
Art Of Food;فن الأكل;;مطبخ و مخبوزات;https://salla.sa/art_food;https://instagram.com/artfood.sa;;iosama990s@gmail.com;503835065;Active;0;0
BXL;بلاتيني للتميز;;حلول إلكترونية;https://www.bxl450.com;;https://twitter.com/bxl450;Bxlfree@gmail.com;557744447;Active;0;0
Karkade For Graphic Design and Motion graphics;كركديه للتصميم والموشن جرافيك;5950121098;حلول إلكترونية;http://karkade.co;https://instagram.com/karkade.co;;karkadegroup@gmail.com;565262435;Active;0;0
Mat jar Faris w Bilal;متجر فارس و بلال ;4030537862;إلكترونيات واكسسورات;https://www.farooi.com;;;request@tcpksa.com;557667777;Active;0;0
Sahala;سهالة لخدمات التجارة الالكترونية;;حلول إلكترونية;https://sahalasa.com;https://instagram.com/sahalaksa;;saudisahala@gmail.com;501688579;Active;10;1
Doggyswaggy ;بيع مستلزمات حيوانات اليفه;;أخرى;https://salla.sa/doggyswaggy/;https://instagram.com/doggyswaggy3;;Abdulazizabukhashaba@outlook.com;548746597;Active;0;0
;مكتب الوعد للخدمات العامة;4622100703;حلول إلكترونية;https://legacy.haraj.com.sa/unsubscribe.php;;;agal153@gmail.com;555228117;Active;0;0
Information systems;خدمات تقنيه المعلومات;2051221541;تسويق إلكتروني;https://betareeq.com/;;;Info@fastcircles.com;550815100;Active;0;0
CUPY;كوبي 6;4030415699;أخرى;https://salla.sa/cupy;;;msa-8888@hotmail.com;506646860;Active;0;0
bushraa store;متجربشرى;;مستلزمات المرأة;https://bushraa-store.com/;https://instagram.com/bushraastore;https://twitter.com/BushraaStore;bushraastore@gmail.com;541456714;Active;0;0
Forever Flower;فورإفر فلور;;أخرى;https://foreverflowerksa.com/;https://instagram.com/foreverflower01;;foreverflower65@gmail.com;593360676;Active;0;0
Almohidib;المهيدب للعود والزعفران ;;أخرى;https://almohidib.com/;https://www.instagram.com/3oud__almohidib/;;abo.ayoub506@gmail.com;594136184;Active;0;0
Jo store ;جي او ستور;;تسويق إلكتروني;https://t.me/JO_STORE2;;;Mo2011mo77@gmail.com;544005754;Active;6.9;18
2deeal;توديل;1010634601;تسويق إلكتروني;https://a2deal.com/;https://instagram.com/d2deal20;https://twitter.com/d2deal20;mmas2017@outlook.sa;551222390;Active;0;0
JEETK;تطبيق جيتك;1010671398;أخرى;http://jeetksa.com/;;;abdallah@jeetksa.com;549444450;Active;0;0
momaliashop;متجر أمي عليا;4030413903;تسويق إلكتروني;https://salla.sa/momaliashop/;;;suer2030@hotmail.com;594565565;Active;0;0
Enab;منصة عنب;;تسويق إلكتروني;https://www.enab.com.sa;;;salman@lanaapp.sa;540567999;Active;0;0
Fashion Clothes;فاشن كلوديس;;مستلزمات المرأة;https://salla.sa/fashion-clothes;;;fashionclothes591@gmail.com;504390939;Active;0;0
HEKAYA NAGM;تنظيم و تنسيق و ادارة حفلات و مناسبات;1010631081;تخطيط مناسبات وحفلات;https://hekaya-nagm.com/;https://instagram.com/tunestoryksa;;moham23063@gmail.com;509455899;Active;0;0
P11;بي ون;;إلكترونيات واكسسورات;https://p4.zbni.co/;;;p10594555@gmail.com;567160683;Active;0;0
Smart Build;سمارت بيلد;;حلول إلكترونية;https://salla.sa/smartbuild;;;smartbuild.sa@gmail.com;563227372;Active;0;0
kashkhat tifli;كشخة طفلي;;أخرى;https://salla.sa/kashkhat_tifli/;;;Loud18392@gmail.com;509825725;Active;0;0
ghayah altomuh;غاية الطموح;;تسويق إلكتروني;https://ghayah.net;;;ghayah.sa@gmail.com;568797423;Active;0;0
Miyas Gold and Jewelery;مياس للذهب والمجوهرات;2053118229;أخرى;https://miyas-jewelry.sa/;https://instagram.com/miyas_jew__;;Miyas.Jew@gmail.com;549384886;Active;0;0
My Blue Moon;قمري الازرق;5800106185;أخرى;http://mybluemoonsa.com/;;;mybluemoonsa@gmail.com;500933047;Active;0;0
WAME CARD;ويم كارد;;إلكترونيات واكسسورات;https://salla.sa/wamecard;https://instagram.com/wame_card;;businesswame@gmail.com;593427076;Active;0;0
Loha  Exhibition;معرض لوحه ;;أخرى;https://zid.store/loha-exhibition;https://instagram.com/loha.exhibition;;loha.exhibition@gmail.com;569433847;Active;0;0
;متجر ود الورد;5850128020;تسويق إلكتروني;https://wdflowers.com/;;;wdflower.sa@gmail.com;504281244;Active;0;0
Black Diamond Hair Care;الماس الاسود;4030395077;أخرى;https://www.blackdiamondhairsupply.com;https://instagram.com/black.diamond.hair.care;;blackdiamondhairsupply@gmail.com;503501570;Active;0;0
4obey;فور اوبي;;تسويق إلكتروني;https://4obey.com/;;;thamra688@gmail.com;538212754;Active;0;0
Dropdot;دروب دوت;;مطبخ و مخبوزات;https://salla.sa/dropdot/;https://instagram.com/dropdot.coffee;https://twitter.com/Dropdotcoffee;dropdot.coffee@gmail.com;541814483;Active;0;0
Sror;متجر سرور;;تخطيط مناسبات وحفلات;https://salla.sa/sror.sa;;;ft0_@hotmail.com;503737841;Active;0;0
Bin Abdullah ;بن عبدالله;;أخرى;https://bin-abdullah.com/;;https://twitter.com/2BinAbdullah;Freelancer.a03@gmail.com;509281926;Active;0;0
alkaftan;الكفتان;;أخرى;https://salla.sa/alkaftan_store;https://instagram.com/alkaftan_store;;alkaftan711@gmail.com;544992778;Active;10;1
Jji77gghhgg;تتتتتتت;;أخرى;https://t.me/SS700k;;;mhbd83404@gmail.com;566951739;Not Active;0;0
Tuwayq najd;طويق نجد;;أخرى;https://salla.sa/tuwayq-najd/;;;Abdullahalnasser254@gmail.com;505416831;Active;0;0
Security and safety supplies;مستلزمات امن وسلامة ;;السيارات;https://salla.sa/bader-mediator;;;xxii1977@gmail.com;504456640;Active;0;0
Am Rawan;ام روان;;حلول إلكترونية;https://www.snapchat.com/add;;;Mha-104@hotmail.com;507871642;Not Active;0;0
Household shelves;رفوف للاسر;5900127802;تسويق إلكتروني;https://www.hyperpay.com;;;mu.rofoof@gmail.com;509190238;Active;0;0
ahmadw;احمدو;5900127802;تسويق إلكتروني;https://www.hyperpay.com;;;mu.rofoof@gmail.com;509190238;Not Active;0;0
bab store;متجر باب ;4031241075;أخرى;https://salla.sa/babstore;;;musabsalih93@gmail.com;502089042;Active;0;0
Wusata Al Aswaq ;وسطاء الأسواق ;;تسويق إلكتروني;https://salla.sa/wusatalaswaq;https://instagram.com/wusatalaswaq;https://twitter.com/wusatalaswaq;yalshamikh@yahoo.com;505226273;Active;0;0
APRILC COFFE STORE;متجر ابريل للقهوة;1131303780;تسويق إلكتروني;https://aprilcoffeestore.com/;https://instagram.com/aprilcoffeestore;;aprilcoffeestore@gmail.com;502256463;Active;0;0
lenseshemx20;عدسات هيم;;مستلزمات المرأة;https://salla.sa/lens_hem1/;https://instagram.com/lenseshem_x20;;haa_xx@hotmail.com;581344821;Active;0;0
The Best Needs;أفضل الاحتياجات;4030216296;أخرى;https://thebestneeds.com;https://instagram.com/the_bestneeds;;x5.sport30@gmail.com;551551762;Active;0;0
PRIVATE;برايفت;;أخرى;https://salla.sa/phsa;;;Azoozfrhan@gmail.com;532505822;Not Active;0;0
Retail via Internet;بيع المستلزمات الشخصية العصرية ;4030397190;أخرى;http://www.new-tag.com;https://instagram.com/matjer.newtag;;new.tag1992@gmail.com;532864926;Active;0;0
HOD;هد;;أخرى;https://salla.sa/hodstyle;https://instagram.com/hodstyle;;Hodstyle@outlook.com;505212985;Active;0;0
Perfumes909;عطور 909;2051055319;أخرى;https://salla.sa/909perfumes.com;https://instagram.com/909propertiscgc;https://twitter.com/909propertiscgc;909PropertisCGC@gmail.com;595815909;Active;0;0
maher alharthi;ماهر الحارثي;4030289636;تسويق إلكتروني;https://noo9.net;;;xx220m@gmail.com;535554027;Active;0;0
Alteeb Law for Tread;قانون الطيب للتجارة;1010707701;أخرى;https://alteeblaw.sa;https://instagram.com/alteeblaw;https://twitter.com/AlteebLaw;alteeb.law@gmail.com;537070090;Active;0;0
;عطور أزوري;1010476044;أخرى;https://azoriperfumes.com/;;;azoriperfumes@gmail.com;555293285;Active;0;0
Elite Medical Supplies;النخبة للمستلزمات الطبية;;أخرى;https://salla.sa/elliteshop;https://instagram.com/elliteshhop;;ellliteshop@hotmail.com;590317525;Active;0;0
FAN TRAVEL;فان للسفر والسياحة ;1010410786;أخرى;https://fantourism.net;;;mail@fantourism.net;542520978;Active;10;1
Dosh Store;دوش متجر;1131312696;حلول إلكترونية;https://doshstore1.com/;;;doshstore1@gmail.com;564189939;Active;0;0
pubg mobile recharge accounts ; شدا;;أخرى;https://t.me/VX3;;;Ldldkdid@gmail.com;555843093;Active;6.8;20
multi gym equipment ;المعدات الرياضية المتعددة;;أخرى;https://multigymeq.com/ar;;;Sofsportshop@hotmail.com;566621592;Active;0;0
As beauty;أي إس الجمال;;مستلزمات المرأة;https://salla.sa/as1_beauty/;;;As1_beaty@hotmail.com;500277255;Active;0;0
Computer Revolution;ثورة الكمبيوتر ;;إلكترونيات واكسسورات;https://revolutionofcomputer.com/;;;Ameraljabr@gmail.com;545152100;Active;10;1
Biatra Coffee;بياترا للقهوة;4030387731;تسويق إلكتروني;https://biatra.net;;;biatracoffee@gmail.com;502219649;Active;0;0
Chaos;كيوس;;الحرف والصناعات اليدوية;https://chaos-sa.com;https://instagram.com/chaos.sa;;chaos.saudi@gmail.com;503372209;Active;0;0
;تمام الكيف;1116622218;أخرى;https://tamam-alkef.com/;;;aadd4830@hotmail.com;542725434;Active;0;0
Lion Rose;ليون  روز;1131312590;أخرى;https://lionrosesa.com;;;info@lionrosesa.com;539190730;Active;0;0
miz sa;فواصل ميز;4650228887;أخرى;https://miz.com.sa;;;info@miz.com.sa;500638058;Active;0;0
BWBGE;فيفتي تو ستور زوبي;;تسويق إلكتروني;https://t.me/iSH7NHA2;;;cc05530565011@gmail.com;590835292;Not Active;7.5;13
Traveliun Travel And Tourism;ترافليون للسغر والسياحة;4650080546;أخرى;https://traveliun.com/;https://instagram.com/traveliun;https://twitter.com/Traveliun;info@traveliun.com;569222111;Active;0;0
lfeef aloud;لفيف العود;;تسويق إلكتروني;http://www.lfeef.com;;;aymanakkam1405@gmail.com;503404452;Active;0;0
AY STORE;اي واي ستور;;حلول إلكترونية;https://wa.me/message/Y4G23YL6VLQ7F1;https://instagram.com/2nka.l;;d7omy2018gamer@gmail.con;596044827;Active;0;0
GF2 store;متجر جي اف تو ;;تسويق إلكتروني;https://t.me/GF2store2;;;gf2store@gmail.com;581426812;Not Active;10;1
ventiSa;فينتي;1010681579;أخرى;https://ventiksa.com;;;ventiv04@gmail.com;508833913;Active;0;0
JRAB Store;متجر جراب;1010670790;إلكترونيات واكسسورات;https://www.jrab-sa.com;https://instagram.com/jrabstore;;jrabonline@gmail.com;552883218;Active;0;0
Snaf;سناف;1010667399;تسويق إلكتروني;https://snaf.co/;;;Office@snaf.co;559800169;Active;0;0
Mele Taxi;ملي تاكسي;4030406606;حلول إلكترونية;https://meletaxi.com;;;gm@melebarigroup.com;505552003;Active;0;0
Meolly's store;متجر ميولي;;الحرف والصناعات اليدوية;https://s.salla.sa/products;https://instagram.com/meolly1;;dorob123@googlemail.com;564816868;Active;0;0
WIFI Me;واي فاي مي;4650043768;إلكترونيات واكسسورات;https://www.wifi-me.com/;https://instagram.com/wifime.sa;;abdullah.sofian@outlook.com;507842129;Active;0;0
Argalook;متجر ارجالوك;;مستلزمات المرأة;https://salla.sa/argalook;;https://twitter.com/argalook;Argalook3@gmail.com;533885905;Active;0;0
Just breathe;جست بريذ;1010698746;تسويق إلكتروني;https://justbreathe-sa.com/;https://instagram.com/justbreath36;;Justbreathe369@outlook.com;505459117;Active;0;0
;مزاد الخيل;;أخرى;http://horseauction.aait-sa.com;;;shagsa3456@gmail.com;566570477;Active;0;0
Noir Cafe Store;متجر نوير ;;أخرى;https://noircafestore.com/;https://instagram.com/noircafestore;;aa.almutairi1@gmail.com;558936093;Active;10;2
NA PG;عرض حسابات ووساطة;;تسويق إلكتروني;https://t.me/NA_PG;;;azoozhd3@gmail.com;500160357;Active;10;1
WOOD EST;مؤسسة وود التجارية;1010671981;تسويق إلكتروني;https://wood.sa;;;wood.est.sa@gmail.com;504102330;Active;0;0
GS2 store;متجر جي اس تو ;;تسويق إلكتروني;https://t.me/GS2pubg2;;;GS2store2@gmail.com;556024889;Not Active;0;0
Favaha store;متجر الفواحة;;أخرى;https://haraj.com.sa;;;Favahastore90@gmail.com;530260668;Not Active;0;0
toooty;تووتي ;3400119445;مستلزمات المرأة;http://www.toooty999.com;;;f123456khkh@gmail.com;531927731;Active;10;1
Ahmad alghmad;متجر سعودي بيع حسابات ببجي ;;تسويق إلكتروني;https://www.maroof.sa;;;Algamde68@gmail.com;533225073;Not Active;0;0
ALI ALDAWSARI  Employment  workers Human Resources;مؤسسة  علي الدوسري استقدام العمال للموارد البشرية;1010706593;أخرى;https://www.mstaml.com/sa/saudihrksa;https://instagram.com/saudihrksa;https://twitter.com/saudihrksa;saudihrksa@gmail.com;559957795;Active;0;0
Mama Deal;ماما ديل;1010582031;أثاث وديكور;https://mamadeal.com/;https://instagram.com/mamadeal_ksa;https://twitter.com/mamadeal_ksa;info@mamadeal.com;509995892;Active;2;1
Establishment FIBBI Commercial ;مؤسسة فيببي التجارية ;1010646337;أخرى;https://m.facebook.com/pg/TheFibbiTea/about/;https://instagram.com/fibbi_ksa;;fibbiksa@gmail.com;559957795;Active;0;0
kidsbraintoys;ألعاب تغذية دماغ الطفل;;الحرف والصناعات اليدوية;https://salla.sa/kidsbraintoys;https://instagram.com/kidebrain;https://twitter.com/kidebrain;kidsbraintoys@gmail.com;560505247;Active;0;0
RAWNAG FOR HONEY;رونق للعسل ;4030387731;تسويق إلكتروني;https://rawnag.com;;;rawnaghoney@gmail.com;502219649;Not Active;0;0
;متجر الالماسه ;;حلول إلكترونية;https://salla.sa/mohmmed001;;;msmohammed418@gmail.com;501595129;Active;0;0
King Palm ;كنج بالم;4030348362;أخرى;https://kingpalmksa.com;https://instagram.com/kingpalm.sa;;info@kingpalmksa.com;563503019;Active;0;0
TodayTrading;مؤسسة ذبيحة اليوم;1010676216;أخرى;https://thbeha.com;;;today1th@gmail.com;590547707;Active;0;0
;خبير العوذ;1017101192;أخرى;https://khabir-aloud.com/;;;Khabir.aloud@gmail.com;503004702;Active;0;0
Key Financial ;مفتاح المالية;4030398717;حلول إلكترونية;https://www.keyfinancialco.com;;;info@keyfinancialco.com;544766214;Active;0;0
a9ilstore;متجر اصيل للتسويق;;تسويق إلكتروني;https://a9il.com/;;;A9ilstore@gmail.com;530049499;Active;0;0
vinti;فنت;1010696683;أخرى;https://ventiksa.com;;;ventiv04@gmail.com;548736549;Not Active;0;0
MrMashhor ;مستر مشهور ;4030406901;حلول إلكترونية;http://www.mrmashhor.com;;;info@mrmashhor.com;544766214;Active;0;0
MrFloss ;مستر فلوس ;4030406876;حلول إلكترونية;http://mrflossfintech.com;;;info@mrflossfintech.com;550668911;Active;0;0
MrTawasl ;مستر تواصل ;4030394586;حلول إلكترونية;https://www.mrtawasl.com;;;info@mrtawasl.com;555870574;Active;0;0
MrAmini ;مستر امني ;4030400797;حلول إلكترونية;https://www.aminiinsure.com;;;info@aminiinsure.com;576708996;Active;0;0
TKFOL ;تكفل;4030398719;حلول إلكترونية;https://www.tkfol.com;;;info@tkfol.com;555870574;Active;0;0
MrPayForMe;مستر ادفع لي;4030403134;حلول إلكترونية;https://www.mrpayforme.com;;;info@payforme.com;555870574;Active;0;0
Faf;فاف;;أخرى;Https://fafstoreonline.com;https://instagram.com/faf.brand;;Brandfaf@gmail.com;504857422;Active;0;0
Shop kasper;متجر ربيع حسابات ببجي كاسبر;;تسويق إلكتروني;https://salla.sa/kaspershoping;;;Malzamti1@gmail.com;501677360;Active;7.3;3
Rosefina;روزفينا;1010996254;تسويق إلكتروني;https://rosefina.com/;;;info@rosefina.com;545550949;Active;0;0
ASL Moon;آيسل مون;;الحرف والصناعات اليدوية;https://salla.sa/aslmoon;https://instagram.com/a.s.lmoon;https://twitter.com/aslmoonl;a.s.l.moonrh@gmail.com;557915762;Active;0;0
Your electronic cart;عربتك الالكترونيه;;تسويق إلكتروني;https://salla.sa/faisal.arby;;;faisalabdullh28@gmail.com;500268729;Not Active;0;0
arab packs store;متجر عرب باكس;3450173038;أخرى;https://arabpacks.com;;;support@arabpacks.com;502318195;Active;0;0
fabric lap;معمل النسيج;;تصميم وطباعة;https://barreljoy.com/;;;hassan.enzy@gmail.com;598607171;Active;0;0
The Light;متجر ذا لايت;;تسويق إلكتروني;https://salla.sa/thelight-store;;;s7.thelight@gmail.com;501758106;Active;0;0
 7 babayrcDone;تم تقفيله حبابيب;;أخرى;https://t.me/twthy;;;3dm2314@gmail.com;501832339;Not Active;10;2
Dan desing;دآن ديزاين;;تصميم وطباعة;https://salla.sa/dandesing;https://instagram.com/dan.desiing;;dandesiing@gmail.com;555320059;Active;0;0
fantazyh shop;متجر فانتازيه;1010678601;تسويق إلكتروني;https://www.fantazyh.com;https://instagram.com/fantazyhshop;https://twitter.com/fantazyhshop;info@fantazyh.com;504122025;Active;0;0
ajmal3tr;اجمل عطر;1010244240;أخرى;https://ajmal3tr1.com/;;;ajmal3tr@gmail.com;500999645;Active;0;0
The PopUpers;ذا بوب أبرز;;إلكترونيات واكسسورات;http://thepopupers.com;;;ThePopUpers@Gmail.com;551934585;Active;0;0
 Sama Spa Center;مركز سما سبا;;كوافيرة و تجميل;https://api.whatsapp.com/send/?phone=966592269686&text&app_absent=0;https://instagram.com/sama_spa_sa?igshid=1dyuvjdlz79zl;;sama_spa@hotmail.com;592269686;Active;0;0
PUBG rawakeken STORE;مغغلللق;;تسويق إلكتروني;https://t.me/pubg_rw;;;Xrxpubg@gmail.com;544740829;Not Active;4.9;11
R4yyg stoytre;ججتفزن;;تسويق إلكتروني;https://t.me/p;;;Xrxpubg@gmail.com;500000000;Not Active;6.6;7
Nwwaal;قناة نوال لبيع حسابات ببجي;;تسويق إلكتروني;https://t.me/nn_owal;;;Nwaal.j@gmail.com;544740829;Active;7.3;6
Fnaldiafh;مجموعة فن الضيافة;;تخطيط مناسبات وحفلات;https://fnaldiafh.com/;https://instagram.com/fnaldiafh;;Fnaldiafh@gmail.com;556490273;Active;0;0
;لمى علي السلامة;;أخرى;https://salla.sa/aid_mubarak/;;;lamo1920@hotmail.com;503722152;Active;0;0
Kanar Honey  Retail online shop;متجر كنار الالكتروني لبيع العسل بأنواعه;1010713094;أخرى;https://kanarhoney.com/;https://instagram.com/kanar_honey;;kanarhoney.co@gmail.com;506079968;Active;0;0
Curly world ;عالم كيرلي ;;مستلزمات المرأة;https://salla.sa/curlyworld.com;;;farajnorah7@gmail.com;507108002;Active;0;0
CUTE HOME;كيوت هوم مي;1131303347;أخرى;https://cutehome.me/;https://instagram.com/cutehome.me;;cutehomeme@gmail.com;538337033;Active;0;0
; مؤسسة رمال لتنظيم الرحلات;4030364159;أخرى;https://sites.google.com/view/alremal;;;badeeb.gahzi@gmail.com;501196550;Active;0;0
majinh shop;مجنة شوب;;تسويق إلكتروني;https://majinhshop.com;https://instagram.com/majinhshop;https://twitter.com/majinhshop;mjnnashop@gmail.com;503355039;Active;10;1
ALi Mohammed Alobaids EST;ال عبيد للمفارش والمراتب الطبيه ;2053009822;أثاث وديكور;http://www.alobaids.com;;;info@alobaids.com;596817797;Active;10;1
Millennialeer;ميلينيالير;;أخرى;https://salla.sa/millennialeer.com;;;info@millennialeer.com;551008196;Active;0;0
vaillant;موقع فايلنت;1010478794;أخرى;https://www.vaillantshopping.com/;;;saraforshop@gmail.com;546886202;Active;0;0
;مؤسسة فهد;4030194010;مستلزمات المرأة;http://zid.store./sabrinaboutique/;;;alasirifahad@gmail.com;566568861;Active;0;0
modern village;القرية الحديثة;4030411087;إلكترونيات واكسسورات;https://salla.sa/modern_village;;;modern.viip@gmail.com;545722433;Active;0;0
Abdulaziz Ali Salama Foundation for Electrical To;مؤســـسة عبدالعزيز علي سلامه للادوات الكهربائية;4650037941;تسويق إلكتروني;https://building-firm-6084.business.site/?utm_source=gmb&utm_medium=referral;;;aaaagjcsgjs@gmail.com;555358033;Active;0;0
smarthub;سمارت هب;1010661647;إلكترونيات واكسسورات;https://smarthub.sa;https://instagram.com/smarthub_sa;;contact@smarthub.sa;530727785;Active;10;1
ShopLand;شوبلاند;1010258941;تسويق إلكتروني;https://shoplandksa.com/;;;info@dd.net.sa;504208820;Active;0;0
GymAccess;الدخول الموحد للأندية الرياضة ;;تسويق إلكتروني;https://www.gymaccess.io;;;Meshari@gymaccess.io;566552055;Active;0;0
Raya;ريا ستور;;أخرى;https://salla.sa/rayatore/;;;mohsaadammed@gmail.com;568689758;Active;0;0
Nuara Marketing ;نوارا للتسويق الالكتروني ;;تسويق إلكتروني;http://nuaramarketing.com/;https://instagram.com/nuara_marketing;;contact@nuaramarketing.com;500973074;Active;0;0
thiqatk;ثقتك ;;حلول إلكترونية;https://thiqatk.com;https://instagram.com/thiqatk;https://twitter.com/thiqatk;thiqatk@gmail.com;544668857;Active;0;0
ybq6;متجر لبيع الاكواد الرقميه;;أخرى;https://salla.sa/ybq6;https://instagram.com/ybq6;;mohamedsoftware1979@gmail.com;597588416;Active;0;0
hahnen store;متجر عنووود;;أخرى;https://t.me/pupg_annod;;;hanehh12n@gmail.com;594853292;Not Active;0;0
MAWARDE;متجر موارد;;أخرى;https://salla.sa/mawarde;;;algarni1116@gmail.com;559221116;Active;0;0
muswada;منصة مسودة لخدمات الانتاج السينمائي والمسرحي;;خدمات أكاديمية;https://muswada-sa.com;https://instagram.com/muswada.sa;https://twitter.com/muswada_sa;Muswada.sa@gmail.com;506816311;Active;0;0
Berry Timeout;بيري تايم آوت;;مطبخ و مخبوزات;http://www.berrytimeout.com;;;berry.timeout@gmail.com;502854070;Active;10;1
HYPNOTEK;هيبنوتيك;1010205534;حلول إلكترونية;https://hypnotek.com/;;;info@hypnotek.com;554433642;Active;0;0
ESTABLISTMENT FAIDI BIN ALI ALHASHIDI ;مؤسسة فيضي بن علي الحاشدي  ;4030007628;تسويق إلكتروني;https://faidi.sa;;;Faidi.sa@hotmail.com;566609955;Active;0;0
Sharqi Thobe;شرقي للثياب الرجالية;4650221561;أخرى;https://sharqithobe.com/;https://instagram.com/sharqithobe;https://twitter.com/SharqiThobe;info@sharqithobe.com;566666757;Active;0;0
Bolofast;بولوفاست;;تسويق إلكتروني;https://salla.sa/product.key;;;mohammedghanem1@outlook.sa;556000222;Active;0;0
zahia Maintenance and operation services;زاهيه لخدمات الصيانة والتشغيل;1010708395;أخرى;http://zahiaksa.com/;;;fahadm8@gmail.com;552222926;Active;0;0
flamingoShop;موقع فلامنجو شوب;;مستلزمات المرأة;https://flaminshop.com;;;flamingoshopsa2@gmail.com;502127782;Active;0;0
Londonorders;لندن اوردرز;;تسويق إلكتروني;https://www.londonorders.sa;;;Londonorders@gmail.com;555901087;Active;0;0
Ebrahim  Shop;متجر ابراهيم شوب ;;إلكترونيات واكسسورات;https://ebrahimshop.com;https://instagram.com/ebrahimshop1;;ebrahimshop28@gmail.com;508503585;Active;10;16
Afnan fahad alhdyan;أفنان فهد الهديان;;تسويق إلكتروني;https://afnanmarketingstore.com;;;a.fahad2017@outlook.sa;503897473;Active;0;0
mada tech store;متجر مدى تك;;تسويق إلكتروني;https://madatechstore.com;;;madatechstore@gmail.com;566097057;Active;0;0
0mega Stores;اوميقا استور;1010694242;تسويق إلكتروني;https://omega-stores.com/;;;admin@omega-stores.com;533821408;Active;0;0
beautyroutin;روتيني;4030317497;مستلزمات المرأة;https://kbeautyroutin.com/;https://instagram.com/beautyroutin;;beautyroutin@gmail.com;544068075;Active;0;0
Loop Store;متجر لووب ;4030404417;حلول إلكترونية;https://loopco-sa.com/;https://instagram.com/loopco.sa;;ENG.JAZZAR@gmail.com;559453881;Active;0;0
Jameel Hussain M Jameel Daggag Est for Foodstuff;مؤسسة جميل حسين محمد جميل دقاق للمواد الغذائية;;أخرى;https://www.magadina.com;;;daggagg88@gmail.com;501300130;Active;0;0
Zainab Salam Fashion House;دار زينب سلام للازياء;;مستلزمات المرأة;https://salla.sa/zainabsalam.fashonstor/;;;zainab8salam@gmail.com;576036809;Active;0;0
Techincal State Est;مؤسسة ولاية التقنية للتجارة ;1010266732;أخرى;https://salla.sa/technicalstate;;;altawil@hotmail.com;546904533;Active;10;1
Child Universe for Trading;مؤسسة كون الطفل التجارية;4030414479;أخرى;https://feel-sa.com/;;;marwanalswat@gmail.com;549979088;Active;0;0
Collar ;كولر;;مستلزمات المرأة;https://collar-sa.com/;;;Collar233@gmail.com;557373919;Active;0;0
zud honey; زود للعسل الطبيعي;;أخرى;https://zudhoney.com;https://instagram.com/zud_honey;;mhm.212@hotmail.com;500998577;Active;10;6
BELT;بيلت;;أخرى;https://itisbelt.com;https://instagram.com/itisbelt;;itisbelt@gmail.com;502800726;Active;0;0
mtjr abo alaz;متجر ابو العز;;أخرى;https://3z96.com/cards;;https://twitter.com/i3z966;support@3z96.com;501072016;Active;0;0
LWLWOAH Buraydah Optical;لؤلؤة بريدة للبصريات;1131295251;أخرى;https://salla.sa/loloa_optical;https://instagram.com/lwlwoah_optical;;4iiivv@gmail.com;568079697;Active;0;0
Scar Coupon;سكار كوبون ;;تسويق إلكتروني;https://www.scarcoupon.com/;https://instagram.com/scarcoupon;;scar@scarcoupon.com;533077125;Active;0;0
Squad Store;سكواد ستور;;أخرى;https://discord.com/Qwm8tkWjAJ;;;vSquadStore@gmail.com;532542611;Active;0;0
Advertising Designer;مصمم إعلانات;;تصميم وطباعة;https://wa.me/966551371043;;;wahbo420@gmail.com;551371043;Active;0;0
Youfystore ;متجر اليوفي ;;تصميم وطباعة;https://salla.sa/youfy_store;;;aa0582372033@gmail.com;582372033;Active;10;1
storeQueen;ستور كوين;;تسويق إلكتروني;https://salla.sa/queen_20011;https://instagram.com/store_queen2021;;afaq20301@outlook.sa;502140830;Active;0;0
9Nine;9ناين ;;أخرى;https://salla.sa/eayan.com;;https://twitter.com/_nai3_;nnaif6578@gmail.com;558135007;Active;0;0
Host star store;متجر نجم هوست;4030616800;حلول إلكترونية;https://www.njm-host.com;;;hss11yy@gmail.com;553285680;Active;0;0
;لوازم الصيد والرحلات واكسسوارات ;;أخرى;https://salla.sa/sprent-chic;;;mohmmed.mobark@icloud.com;543775000;Active;0;0
Jenalk 1;جينالك 1;1010677004;مستلزمات المرأة;https://salla.sa/jenalk;;;ali511ali@icloud.com;565205991;Active;0;0
Nine  9;ناين 9;;أخرى;https://salla.sa/eayan.com;;https://twitter.com/nain32642089;nnaif6578@gmail.com;558135007;Not Active;0;0
NOJOOM ALHAREER;نجوم الحرير;1010367791;أخرى;https://nojoomalhareer.com/;https://instagram.com/nojoom_alhareer;;Mashtri@nojoom.net;500502569;Active;10;1
Papaver Home;بابافير هوم;4030331658;تسويق إلكتروني;https://papaverhome.com;;;cs@papaverhome.com;545670626;Active;0;0
droooob;متجر درووب;4032241680;تسويق إلكتروني;https://drooob.com/;https://instagram.com/m.drooob;;xxpreex@gmail.com;506279994;Active;0;0
Rawqan Coffee;قهوة روقان;;مطبخ و مخبوزات;https://salla.sa/rawqan.sa;https://instagram.com/rawqan.sa;;rawqan.sa@gmail.com;507276667;Active;0;0
mazaddal;منصة دال للمزادات;4030379903;تسويق إلكتروني;http://mazaddal.com;;;mazaddal@tera-cit.com;555179621;Active;0;0
SQUARE Perfume ;سكوير  للعطور;;تسويق إلكتروني;https://square44s.com/;https://instagram.com/square_store5;;a3x4@hotmail.com;504685583;Active;0;0
Hanaa um albudalaziz;حناء أم عبدالعزيز;;مستلزمات المرأة;https://salla.sa/umazoz;https://instagram.com/al3z1441;;Meemalzubaidi@gmail.com;538864178;Active;0;0
SQR STORE ;متجر صقر 1;;تسويق إلكتروني;https://sqr88.com/;;https://twitter.com/sQr959;sqr9595@gmail.com;548643865;Active;0;0
Shipping UC by PUBG;شحن شدات ببجي ء;;أخرى;https://t.me/pubg_330;;;Jsjsisii@gmail.com;595684833;Not Active;2;2
Respiri;ريزبيري;1131312385;أخرى;https://www.respiri.shop;https://instagram.com/respirisa;https://twitter.com/Respirisa;cc@respiri.shop;550517783;Active;0;0
Be the unique ;بي ذا يونيك ;1010666203;تسويق إلكتروني;https://betheunique.com;;;Info@betheunique.com;555946422;Active;0;0
TON LENS;تون لينس;4030401630;مستلزمات المرأة;https://tonlens.com;;;Blo202197@gmail.com;542525013;Active;0;0
20g Coffee;ادوات واكواب القهوة;;أخرى;https://20gcoffee.com/;;;20gcoffeestore@gmail.com;530506753;Active;0;0
street7;شارع سبعه;;أخرى;https://salla.sa/street7;;;street7@outlook.com;591122411;Active;0;0
thebutterfly;فراشة نجد;1010634699;أثاث وديكور;https://thebutterflynstore.com/;;;thebutterfly201@gmail.com;563511281;Active;0;0
Mushtrie;مشتري;;تسويق إلكتروني;https://mushtrie.com;;;Mushtrie@gmail.com;561316131;Active;0;0
DuoCard2;متجر دو كارد;;تسويق إلكتروني;https://t.me/DuoCard2;;;albarq454z@gmail.com;503508946;Active;8;8
NotaX;نوتا اكس;1011139510;تسويق إلكتروني;https://notaxperfume.com/;;;M9a10business@gmail.com;551830038;Active;0;0
Areeb Tec;تقنية أريب;;حلول إلكترونية;https://areebt.com/;;;areebteq@gmail.com;530997211;Active;0;0
;متجر ركن التقنية;3350141582;تسويق إلكتروني;https://t-corner.com/;;;tech-corner@outlook.sa;504929794;Active;0;0
 SMART START SHOP;متجر سمارت ستارت ;5860612834;إلكترونيات واكسسورات;https://5mart5tart.com;;;smart@support.com;536799599;Active;0;0
;الجودة النادرة;;مستلزمات المرأة;https://aljawdah-sa.com/;https://instagram.com/aljawdah_alndrah;;aljawdahalndrah@gmail.com;538247506;Active;0;0
mushafe;مصحفي 5263;;أخرى;https://salla.sa/aklahadea;;;sohy573276@gmail.com;566566810;Active;0;0
Cilia perfume ;سيليا للعطور ;4031248376;أخرى;https://ciliaperfume.com/;https://instagram.com/cilia_perfume?igshid=69eaw2vsh5b2;;cilia.perfume1@gmail.com;504313879;Active;0;0
INSPIREksa;انسباير;;أثاث وديكور;https://salla.sa/inspireksa;;;Faisalnwafsh@gmail.com;550558269;Active;0;0
Aljaidaa Abaya ;الجيداء عباية ;;مستلزمات المرأة;https://salla.sa/aljaidaa_abaya/;;;mramthis@gmail.com;557823607;Active;0;0
ArtistRuba;ربى ارتيست ;;الحرف والصناعات اليدوية;https://salla.sa/artist_ruba2013;https://instagram.com/ruf2013;;Rubaartist05@gmail.com;580726891;Active;0;0
ROSSM PREMIUM DRINKS;الروسم لتقديم المشروبات;5801775027;أخرى;https://salla.sa/rossm;;;Rossm.cafe@gmail.com;535911101;Active;0;0
MOLD GIFT;مولد قيفت;;تسويق إلكتروني;https://salla.sa/mold.gift;https://instagram.com/mold.gift;;Mold.giftS@gmail.com;502244310;Active;0;0
Lynx ;مؤسسة لنكس للتجارة ;1010659864;إلكترونيات واكسسورات;https://www.Lynx.sa;;;info@Lynx.sa;550185449;Active;2;1
Marketing Bubbles Group;مجموعة ببلز للتسويق الالكتروني;;تسويق إلكتروني;https://www.marketingbubblesgroup.com;;;info@ourbisz.com;592555769;Active;0;0
vallee fleurs;فالي فلورس;1010691718;تسويق إلكتروني;https://www.valleefleurs.com/;;;info@valleefleurs.com;536000135;Active;0;0
PD Designer; بروفيشنال ديزاينر للتصميم والمونتاج;;تصميم وطباعة;https://salla.sa/pd.designer.sa;https://instagram.com/pd.designer.sa;;pd.designer.sa@gmail.com;503692229;Active;10;4
Nature Misbah ;مسباح الطبيعة;;الحرف والصناعات اليدوية;https://www.NatureMisbah.com;;;Misba.7@hotmail.com;534323781;Active;0;0
Derma Roller System;ديرما رولر سيستم ;1010578885;تسويق إلكتروني;https://dermarollersystemsa.com/;https://www.instagram.com/derma_roller_system_sa/;;info@dermarollersystemsa.com;554122821;Active;0;0
Flamingoo;فلامنجو للأجهزة الذكية ;;تسويق إلكتروني;https://salla.sa/flamingo77;;;Flamingoo77@gmail.com;553331169;Active;0;0
Gold Girl;قولد قيرل;;مستلزمات المرأة;https://s.salla.sa/marketplace;;;faisal44695@hotmail.com;541744695;Active;0;0
;متجر عطورات ساعات شنط أدوات تجميل ;;أخرى;https://salla.sa/yzhak.com/;;;yzhak.ceo@gmail.com;569900437;Active;0;0
NAZAR STORE;متجر نظر;2050141550;تسويق إلكتروني;http://www.nazar-sa.com;https://instagram.com/_nazar_store_;;info@nazar-sa.com;595070447;Active;0;0
GOLDEN JOY;قولدن جوي;;أخرى;https://goldenjoy-ksa.com/;;;GOLDEN1.JOY1@gmail.com;500837376;Active;0;0
CABLE5 STORE;متجر كيبل 5  ;;إلكترونيات واكسسورات;https://salla.sa/cable5.com/;;;Cable5@outlook.sa;502026802;Not Active;0;0
ETIHAD CORNER FOR INDUSTRIAL FACTORY;مصنع ركن الاتحاد للصناعة;4030323060;أخرى;https://www.etihadcorner.com;;;info@etihadcorner.com;552266927;Active;0;0
Qorder;كيو اوردر;2062618100;حلول إلكترونية;http://qorders.com/qorderwebsite/;;;Qorders.app@gmail.com;582799298;Active;0;0
Meknan Tech ;المكنان تيك للتجارة ;4650227515;تسويق إلكتروني;https://www.meknanq.com/;https://instagram.com/meknanq;;meknanq@gmail.com;504346648;Active;0;0
job in hour;وظيفتك في الساعة;1131291004;حلول إلكترونية;https://jinh24.com/;;;info@jinh24.com;558200244;Active;0;0
yeidj28;ببجي ببجي3111;;أخرى;https://mapp.sa/pubg.salman.1;;;mhnd83404@gmail.com;569129552;Not Active;0;0
INTO;مركز بيت الشجرة الترفيهي;1010685534;أخرى;https://into.sa/;https://instagram.com/into_ksa;;info@into.sa;548837175;Active;0;0
Catalog platform;منصة كتلوج;4031239927;تسويق إلكتروني;https://catalog-sa.com;;;catalog.sa21@gmail.com;557907084;Active;0;0
Valensole;فالينسول للعطور;1010686722;كوافيرة و تجميل;https://www.valensole.sa;;;Aadd077@hotmail.com;506411611;Active;2;1
Kayan Shop;متجر رؤية كيان;4030390834;أثاث وديكور;https://kayanshop.sa;;;info@kayanvision.com;554156885;Active;0;0
mr and mrs kitchen;مطبخ السيد والسيدة ;4031228081;مطبخ و مخبوزات;https://www.hmb.sa;https://instagram.com/hmbksa;https://twitter.com/Hmb_sa;heyam@hmb.sa;569552205;Active;0;0
GRASSE NICHE;غراس نيش;;تسويق إلكتروني;https://grasseniche.com;;;aassd31@hotmail.com;566846756;Not Active;0;0
S7;اس سفن;;أخرى;https://t.me/waitstor4;;;ms5nb612@gmail.com;530674522;Active;0;0
Bytjn;بيوتجن;;تسويق إلكتروني;http://bytjn.manafeth.sa/;;;Hassanooo633@gmail.com;533323245;Active;0;0
lionperfum;ليون بيرفيوم;;أخرى;https://salla.sa/lionperfume;;;Lionperfume@hotmail.com;504363731;Active;0;0
Retail sale of the best perfumes and incense;البيع بالتجزئة لأفضل العطور والبخور;1010699198;أخرى;https://www.laris.ws;;;wa.9284@gmail.com;566122336;Active;0;0
hanen store;متجر حنين الشهراني;;أخرى;https://t.me/Hnn_21;;;hanen@gmail.com;561687528;Not Active;9.3;12
Areev;اريــــــــــف;5850131371;مستلزمات المرأة;https://areev2.com/;;;70.rfal@gmail.com;552900371;Active;0;0
OSOULCOM;أصول كوم;5850131360;تسويق إلكتروني;https://www.algh1234.com;;;algh1234@windowslive.com;555571382;Not Active;0;0
Lozt Store Est;مؤسسة لوزت ستور;4031230468;إلكترونيات واكسسورات;https://loztt.com/;https://instagram.com/loozzt;;mn@lozatt.com;557349250;Active;0;0
Power dogs ;كلاب القوة ;;أخرى;https://mapp.sa/pubg.salman.1;https://instagram.com/ghazall.bk;;mhnd83404@gmail.com;554100158;Active;0;0
CONTROL;كنترول;;إلكترونيات واكسسورات;https://gamecontroler.com/;;;y.b.r@hotmail.com;592731883;Active;0;0
Liatris gift;هدايا ليتريس;;الحرف والصناعات اليدوية;https://salla.sa/liatris.gifts;;;Liatris.gift@gmail.com;504878894;Active;0;0
lelkul;متجر للكل دوت كوم;4030135028;حلول إلكترونية;https://lelkul.com;;;tawqeet.aljazirah@gmail.com;541288351;Active;0;0
daam44oil;زيت الديم ;;مستلزمات المرأة;https://www.blogger.com/blog/posts/4181398201487383000;;;mnyrhsdalshhrany@gmail.com;593341514;Active;10;1
sapubg;اس ايه ببجي;;تسويق إلكتروني;https://sapubg.com/;;;sa.pubg00@gmail.com;504877902;Active;0;0
Bandal;باندال;;أخرى;https://shinebandal.com/;https://instagram.com/we.ban.dal;https://twitter.com/we_ban_dal;Shinebandal@gmail.com;505732717;Active;0;0
21 SOSHAL;٢١ سوشل;;تسويق إلكتروني;https://www.sultanrabea.com;;;huhu@gmail.com;549216660;Not Active;0;0
SHDATK STORE;متجر شداتك;;تسويق إلكتروني;https://shdatk.com;;;c.-i@hotmail.com;593277160;Active;0;0
CLASSIFIED ADSE MARKET;موقع إعلانات  ودعاية ومتاجر اليكترونية وتسويق;1120100728;أخرى;https://www.yashariyabaia.com/;https://instagram.com/yashariyabaia;https://twitter.com/yashariyabaia;info@yashariyabaia.com;563146244;Active;0;0
Torathstore;متجر تراث ;4030359824;أخرى;https://www.torath.store;https://instagram.com/torath.store;;info@torath.store;580597777;Active;0;0
jood star;جود ستار ;4031246974;مستلزمات المرأة;https://jood-star.com/;;;almsa51@gmail.com;566190248;Active;10;2
Afaq Tech;آفاق تيك;4030414610;تسويق إلكتروني;https://afaqtech.com.sa;;;Info.profitnessksa@gmail.com;556603634;Active;0;0
sinaeat aldakhun;صناعة الدخون ;;أخرى;https://www.al.sa;https://instagram.com/aa.ll__1442;;latifah20182030@gmail.com;501830278;Active;0;0
Danah Design;دانة ديزاين;2062618523;أثاث وديكور;https://danahdesign.com/;https://instagram.com/danahdesigncom;https://twitter.com/Danahdesigncom;info@danahdesign.com;595572550;Active;0;0
Thka almazad for communication and information tec;شركة ذكاء ذكاء المزاد للاتصالات وتقنية المعلومات;1010449424;حلول إلكترونية;https://www.e-tajir.com;;;Info@e-tajir.com;562355555;Active;0;0
ghosn shop ;متجر غصن للعناية;;مستلزمات المرأة;https://ghosnshop.com;https://instagram.com/ghosn.shop;https://twitter.com/ShopGhosn;ghosnksa@gmail.com;504600865;Active;0;0
Queen  boutique;بوتيك كوين;;مستلزمات المرأة;https://iqueenboutique.com/;https://instagram.com/iqueensboutique;https://twitter.com/iqueensboutique;iqueenboutique@outlook.com;565443434;Active;0;0
FPAREEM;تم ايقاف متجري;;تسويق إلكتروني;https://t.me/B;;;xxxakdn@hotmail.com;549191997;Not Active;9.4;25
Flag and Bean;علم وبن;5850122293;أخرى;https://flagandbean.com/;;;saleh@flagandbean.com;531816697;Active;0;0
Golden Beauty 21;متجرقولدن بيوتي21;;كوافيرة و تجميل;https://goldenbeauty21.com;https://instagram.com/golden_beauty_21_official;;ali.s.alabkari@gmail.com;546378050;Active;9;1
shakrenhoney;عسل الشاكرين;1010454306;أخرى;https://shakrenhoney.com/;;;shakrenhoney@gmail.com;555504129;Active;0;0
Bu tamra;بو تمره;2252105455;تسويق إلكتروني;https://butamra.com/;https://instagram.com/bu.tamra;;bu.tamra.sa@gmail.com;563784733;Active;0;0
Fawars;فوارس;4700112028;تسويق إلكتروني;https://salla.sa/fawars/;;;Fares1994150@gmail.com;544633260;Active;0;0
Lanea;لحنة;;تصميم وطباعة;https://salla.sa/lahn.com;;;fasalmansor123@gmail.com;570432500;Active;0;0
;متجر المساعد;;تصميم وطباعة;Https://www.almusaed.store;;;ffff1413@hotmail.com;565505386;Active;0;0
Women and men accessories;متجر أكسسوارات رجالي ونسائي;;أخرى;https://instgram.com/ring.su?igshid=tvfsq3oxyjc9;https://instagram.com/ring.su;;ringsug66@Gmail.com;501178771;Active;0;0
anaqa2;متجر الابداع لبيع الحسابات ;;تسويق إلكتروني;https://t.me/uc_pubg_anaq;;;zokrot13@gmail.com;582741849;Active;2;3
Alanoud Sattam Saleh Almatar;العنود سطام صالح المطر ;;تسويق إلكتروني;https://zid.store/alanoudsattam;;;alanoudsat@gmail.com;554758447;Active;10;1
 T4 PUBG ACCOUNTS ;متجر تي فور حسابات ببجي;;تسويق إلكتروني;https://t.me/T4_STORE;https://instagram.com/pubg.r24;;Rskhabrah@gmail.com;506955549;Active;0;0
;مؤسسة ابار ارتواء للمقاولات;1010349695;تسويق إلكتروني;https://ertwaa.com.sa/;;;ertwaa99@gmail.com;504177297;Active;10;1
;كسرات العود;;أخرى;https://kesratoud1.com/;;;kesrat.oud94@gmail.com;555905041;Active;0;0
Motigraph;رسوم متحركه;;حلول إلكترونية;http://motigraph.com/;https://instagram.com/motigraph;;into@Motigraph.com;544883498;Active;0;0
STORE SALAM;عيد بن محمد سعد العازمي;;تسويق إلكتروني;https://www.salemstore1.com;;;Eid_m7md@hotmail.com;591203876;Active;0;0
Shatha Alharbi;شذى الحربي;;أخرى;https://salla.sa/shatha_alkanedri;;;s44288291@gmail.com;582067604;Not Active;0;0
Quality of Life QOL;جودة الحياة باقات ورود كووول;;تخطيط مناسبات وحفلات;https://zid.sa/en;;;Ali_Khalaf@yahoo.com;505141080;Active;0;0
Bronz;متجر برونز;1010693437;تسويق إلكتروني;https://bronz.sa;https://instagram.com/bronz_sa;https://twitter.com/Bronz_sa;info@bronz.sa;504384294;Active;0;0
Matjar alalamiah;متجر العالمية ;2051227558;تسويق إلكتروني;https://waleedcom.com/;;;wa2ob@yahoo.com;501942942;Active;0;0
at time;آت تايم;1010706399;تسويق إلكتروني;https://www.attime.com;;;gm@attime.com;540500667;Active;0;0
Fantasy Lights;فانتاسي لايتس;;أخرى;https://salla.sa/fantasylights;https://instagram.com/fantasylights_;;fantasylights11@gmail.com;532388472;Active;0;0
;الزعفران الأرجواني;1010635184;أخرى;https://purple-stores.com;;;alawi7x@gmail.com;590210866;Active;0;0
;بيع حسابات ببجي شحن شدات ببجي;;تسويق إلكتروني;https://t.me/PC_61;;;mnzar1745@gmail.com;599042365;Not Active;0;0
Infinite glory ;بريق دائم;;مستلزمات المرأة;https://salla.sa/infiniteglory;;;daniah1321@icloud.com;554178900;Active;0;0
Code9; كودي ناين;;تسويق إلكتروني;https://www.codee9.com;;;faisal.alkalaf@hotmail.com;595266550;Not Active;0;0
NNA STORE;حسابات نوالي;;تسويق إلكتروني;https://t.me/NA_SSTORE;;;q77b@hotmail.com;593129688;Not Active;7.2;20
Hijazi for Electrical and Electronic devices;الحجازي للأجهزة الكهربائية والإلكترونية;4030383081;تسويق إلكتروني;https://e-hejazi.com/;;https://twitter.com/AlhejaziStore;weedelectric2000@gmail.com;543544496;Active;0;0
Hamish;هامش;1131312374;تسويق إلكتروني;https://hamishbs.com/;;;HamishResources@gmail.com;591782000;Active;0;0
look cosmetisc;لوك كوزمتك;;مستلزمات المرأة;https://salla.sa/lookcosmetics/;;;look-co2021@hotmail.com;554988648;Active;0;0
Strollin;سترولن;1010682388;أخرى;https://stroll-in.com/;;;aa.mgeed505@gmail.com;504725796;Active;0;0
Gtran;زيت قطران ;;أخرى;https://salla.sa/gtran_oil;http://instagram.com/loj493;;hmy56565622@gmail.com;500722389;Active;0;0
7leaves store;متجر سبع ورقات;;أخرى;https://salla.sa/7leavesstore;https://instagram.com/7leavesstore;https://twitter.com/7leavesstore;7leavesstore@gmail.com;501672461;Active;0;0
MEEM STOR;متجر ميم للتصميم;;تصميم وطباعة;https://salla.sa/meem000;;;marim1997@me.com;537056630;Active;0;0
;متجر كراميل العلا;4651102864;أخرى;https://ucaramel.com/;;;ucaramel@hotmail.com;500416424;Active;0;0
yourchildstyle;ستايل طفلك;;أخرى;https://yourchildstyle.com/;https://instagram.com/yourchildstyle;https://twitter.com/yourchildstyle;yourchildstyle@gmail.com;504838002;Active;0;0
AKWADEY;اكوادي;1010690879;أخرى;https://www.akwadey.com/;;;4m7md4@gmail.com;557328207;Active;0;0
jarinit;جارنييت;;إلكترونيات واكسسورات;https://jarinit.com;;;abdazizhilayel@hotmail.com;536685726;Active;0;0
Rama perfume;راما عطور;;أخرى;https://ramaper.com;;;iramastorei@gmail.com;501919269;Active;0;0
NEFESVER ;مجوهرات الزفير ;;مستلزمات المرأة;https://nefesverr.com/;https://instagram.com/nefesverr;;Nefesverr@gmail.com;580334654;Active;0;0
Golder Store;متجر جولدن;4030310117;تسويق إلكتروني;https://golden-st.com;https://instagram.com/gold.st.sa;;cicgold1@gmail.com;508363437;Active;0;0
HopeStep;خطوة أمل;4030355421;الحرف والصناعات اليدوية;http://www.hope-step.org/;;;hazemddo@gmail.com;559913393;Active;0;0
Best perfum;افضل عطر;;أخرى;https://salla.sa/thebestperfume1;;;atri8.sa@gmail.com;566996496;Active;0;0
Nqwh store;متجر سلة نقوة الالكتروني ;;تسويق إلكتروني;Http://www.Nqwhstore.com;https://instagram.com/nqwhstore;;Meshal@dr.com;500357780;Active;0;0
pubgaccountsvip;بيع اكواد الالعاب ;;أخرى;https://t.me/pubgaccountvip;;;asszmail9@gmail.com;504143348;Active;0;0
  SUPER CUPRA;سوبر كوبرا لبيع حسابات ببجي ;;أخرى;https://t.me/PUBG15k;;;Xxxxx@gmail.com;500000000;Not Active;0;0
Rolls store;رولز ستور;;تسويق إلكتروني;https://rollsstore.com/;https://instagram.com/rolls_storee;;mt1620048@lmc.edu.sa;549792667;Not Active;0;0
Golden Valley;جولدن فالي;;مستلزمات المرأة;https://salla.sa/golden_valley;;;mohammad8026@gmail.com;559881658;Active;0;0
ArT SA;ارت اس اي ;;أثاث وديكور;https://salla.sa/art.sa11;https://instagram.com/art.sa11;;inmll@yahoo.com;556816817;Active;0;0
WTUWAIQ;دبليو طويق;1010694141;أثاث وديكور;https://www.wtuwaiq.com/;https://instagram.com/twq_2021;https://twitter.com/TWQ_2021;Twq_2021@hotmail.com;502021892;Active;0;0
ALWASHM FAMILIES;أسر الوشم المنتجة;;مطبخ و مخبوزات;https://ossarmontija.com/;https://instagram.com/osar.montija;https://twitter.com/OMontija;washmfamily@gmail.com;558712684;Active;0;0
shawarma99;شاورما 99;3550124562;مطبخ و مخبوزات;https://shawarma99.com;https://instagram.com/shawa99rma;https://twitter.com/shawa99rma;shawa99rma@hotmail.com;545441699;Active;0;0
tomtom store;متجر طمطم;1010708099;تسويق إلكتروني;https://tomtom-store.com;;;Info@tomtom-store.com;563717728;Active;0;0
Storm products;عاصفة المنتجات;;أخرى;https://stormproducts5.com/;;;mohamadmmooa54@gmail.com;501916884;Active;0;0
technical elite school ;معهد النخبة التقنية;;خدمات أكاديمية;https://salla.sa/elite_52;;;Azo71136@gmail.com;563204653;Active;0;0
D5  CLOTHING;دي فايف;1010663280;مستلزمات المرأة;https://salla.sa/d5dresses/;https://www.instagram.com/d5_clothing/;;d5_dresses.fashion@gmail.com;554145222;Active;0;0
LA FRAIS;لا فريز;4030333670;أخرى;https://salla.sa/lafrais/;https://instagram.com/la_frais12;;nasseraljihani@hotmail.com;565153489;Active;0;0
Abu ghaith oud;أبو غيث للعود ودهن العود ;1015109675;أخرى;https://zid.store/abu-ghaith-oud;;;Abu_ghaith_oud@hotmail.com;596687064;Active;10;1
Tarhati AM;طرحتي أ م;;مستلزمات المرأة;https://tarhatii.com;https://instagram.com/tarhati_am;;Tarhati.a.m.t@gmail.com;555680285;Active;0;0
fawasilshop;فواصل شوب;4603153486;تسويق إلكتروني;https://fawasilshop.com/;https://instagram.com/xym2030;;mohamadalessa.est@gmail.com;555265798;Active;0;0
Iris flower gift;ايريس هدايا;;الحرف والصناعات اليدوية;https://salla.sa/iris_gift;;;Iris.flowergift@gmail.com;501096290;Not Active;0;0
;متجر اوت بوكس لبيع الاشتراكات;;أخرى;https://salla.sa/out_thebox/;;;sale7.1aar@gmail.com;533309407;Active;0;0
Omda nuts;عمدة للمكسرات;;مطبخ و مخبوزات;https://salla.sa/omdanuts;https://instagram.com/omda.nuts;;Shorooqalattar@gmail.com;504543998;Active;0;0
Riitaus ;ريتاوس;;إلكترونيات واكسسورات;https://riitaus.com;https://instagram.com/riitaus;https://twitter.com/riitaus;info@riitaus.com;580313383;Active;0;0
Batli ;باتلي;;مطبخ و مخبوزات;https://nawafhadi5.mymatjaree.com/?p=123;https://instagram.com/batli_sa;;batli_1@hotmail.com;567733357;Active;0;0
;مغغلق متجر;;تسويق إلكتروني;https://t.me/p;;;Xrxpubg@gmail.com;500000001;Not Active;4.7;9
BIATRA;بياترا;4030387731;تسويق إلكتروني;https://biatra.net;;;biatracoffee@gmail.com;502219649;Not Active;0;0
ADYIM1;أديم 1;;مستلزمات المرأة;https://adyim-s.com;https://instagram.com/adyim_store;https://twitter.com/adyim_store;adyim@outlook.sa;536321887;Not Active;0;0
wlh  Perfumes;وله للعطور;;أخرى;https://www.wlh.com;https://instagram.com/s6n6;;sandrs100@hotmail.com;503820160;Active;10;1
Aljamal Aldayem Trading Est;مؤسسة الجمال الدائم التجارية;4030230829;تسويق إلكتروني;https://www.ola-b.com;;;losaan@losaan.net;500472776;Active;0;0
Dartan jewelry ;متجر درتان للمجوهرات والحلي الصناعيه;2060622952;مستلزمات المرأة;https://www.durratan.com;https://instagram.com/durratanjewelry;https://twitter.com/bTAodVcBPaiC2tt;Store@durratan.com;590644282;Active;0;0
THE SUIT;ذا سوت;2031105915;مستلزمات المرأة;https://zid.store/thesuit1/;https://instagram.com/_thesuit;;thesuit963@gmail.com;564337744;Active;0;0
stor99;متجر99;;تصميم وطباعة;https://salla.sa/99store.com;;;mjood998@hotmail.com;548877870;Active;0;0
Farahcandle;فرح كاندل;;الحرف والصناعات اليدوية;https://salla.sa/farahcandle;https://instagram.com/farahcandlle;;Farahcandlle@gmail.com;542828890;Active;0;0
Aloud alzaki;مؤسسة العود الزاكي للتجارة ;1010482601;أخرى;https://oud-zaki.com/;https://instagram.com/oud_zaki;https://twitter.com/oud_zaki;oud.zaki@gmail.com;564300425;Active;0;0
ALFAHADPERFUMES;عطور الفهد;;أخرى;https://salla.sa/www.alfahad.com/;;;alfahad.perfumes@gmail.com;502995353;Active;0;0
vegas STORE;متجر بيع حسابات ووساطه;;تسويق إلكتروني;https://t.me/vStoreP;;;h2jr_s@hotmail.com;500090635;Active;8;4
Mountains Beans Trading;بن الجبال التجاريه ماونتز بينز;2050140355;تسويق إلكتروني;HTTPS://www.mountainsbeans.com;;;Engr.Hassan.alanzi@gmail.com;567018814;Active;0;0
nowwart;موقع نورت;4650037932;تسويق إلكتروني;https://nowwart.com;;;Sign-000@hotmail.com;554411905;Active;0;0
Alameeer2 Designer;الأميــر;;حلول إلكترونية;https://alameeer2.com/;;;kmalharbi.c@gmail.com;551194561;Active;0;0
Jema;جيما للقهوة;1010643975;أخرى;https://salla.sa/ijema1981;;;ijema1981@hotmail.com;533600555;Active;0;0
zenahh store;متجر زينة;;مستلزمات المرأة;https://zenahh.com/;;;zenahhstor@hotmail.com;502870566;Active;0;0
phonals;فـونـالـز;4030383579;إلكترونيات واكسسورات;https://www.phonals.com/;https://instagram.com/phonalss;https://twitter.com/phonalss;support@phonals.com;558328363;Active;0;0
Glow Care;جلو كير;1010640665;تسويق إلكتروني;https://glowcaresa.com;https://instagram.com/glowcare.sa;;info@glowcaresa.com;551899960;Active;0;0
dhawayib;ذوائب;;مستلزمات المرأة;https://salla.sa/dhawayib;;;dhawayib@gmail.com;544146480;Active;0;0
;مكتب بندر عبدالله دخيل الدعجاني للعقار;4031222903;أخرى;https://t.me/joinchat/ccjckLHqP1g1N2E0;;;bnd-2030-at@hotmail.com;565501874;Active;0;0
Popit ksa;بوب ايت السعودية;;تسويق إلكتروني;https://popitksa.site;https://instagram.com/popitksa;;popitksasupport@gmail.com;552950660;Active;0;0
Elite Beautiful Life;مؤسسة نخبة الحياة الجميلة التجارية;4030388218;أخرى;https://elite1life.com;https://instagram.com/elite1life;;arabetqan@hotmail.com;550035640;Active;9.5;2
ROYAL PUBG ;متجر باندا الخليج لبيع حسابات ;;تسويق إلكتروني;https://t.me/a12bq12;;;Kald902030@gmail.com;540591283;Not Active;6;10
Engy shop;متجر إنجي شوب;1010717144;مستلزمات المرأة;https://eng-y.com;;;engy0400@gmail.com;577889949;Active;0;0
Shata Market;سوبر ماركت شتى;;تسويق إلكتروني;https://shata.co;;;Shatamarket@gmail.com;552925000;Active;0;0
plans marketing;مجموعة الخطط التسويقية ;2251499044;تسويق إلكتروني;https://605905fc9ee37.site123.me/;https://instagram.com/plans.saudi;;plans.saudi@gmail.com;501950046;Active;9;1
Jil Albina;جيل البناء;4030267985;تسويق إلكتروني;http://jilalbina.com/;https://instagram.com/jilalbina;https://twitter.com/JilAlbina;jilalbina@gmail.com;500767629;Active;0;0
ENJZ SA;انجاز المتكاملة;;حلول إلكترونية;https://enjz.sa;;;care@enjz.sa;550000000;Active;0;0
DrNawar;د نوار;;أخرى;https://salla.sa/drnawar;;;dr.m.nawar@gmail.com;532012099;Active;0;0
perfumehouse;مؤسسة بيت العطور;1010934692;أخرى;https://perfumehouse.sa/;;;Sales@perfumehouse.sa;555311049;Active;0;0
mustashar alghamidi;مستشار الغامدي;;تسويق إلكتروني;https://salla.sa/ls.700;;;dz6@hotmail.com;548068932;Active;10;17
Airtap KSA;ايرتاب السعودية;;إلكترونيات واكسسورات;https://airtapksa.com;https://instagram.com/airtapksa;;abdulazizkarkadan@gmail.com;564861866;Active;0;0
Sua Store;متجر سهى لبيع حسابات ببجي ;;تسويق إلكتروني;https://t.me/SuaStore;;;Justsuha7@gnail.com;506451579;Not Active;8;4
sharikat ham alsahb lilsinaea;شركة هام السحب للصناعة;4030320655;مطبخ و مخبوزات;http://hamalsahab.business.site;;;t.m.j888@outlook.com;533151585;Active;0;0
Desalination House;بيت التحلية لتنقية المياه;1010601523;أخرى;https://desalination-house.com;;;desalination.house@gmail.com;595733681;Active;0;0
mongzsa;منجز ;;حلول إلكترونية;http://mongzsa.com/;;;eltahir_3@hotmail.com;568661451;Active;0;0
Storesawde;آلمتجر السعودي;;تسويق إلكتروني;https://t.me/NNMNN3;;;wa-s@live.com;546825871;Not Active;8.2;13
i do;آي دو;4030371201;الحرف والصناعات اليدوية;https://salla.sa/ido.art/;https://instagram.com/ido.ido.i;;services.by.ido@gmail.com;561193217;Active;0;0
MRDesinger For Desgins;مستر ديزاينر للتصميم;;تصميم وطباعة;https://mr-des.com;;;mr.des911@gmail.com;561721009;Active;0;0
Angel Box;آنجل بوكس;4030397087;مستلزمات المرأة;https://www.angelbox.sa;https://instagram.com/angelbox.sa;https://twitter.com/Angelbox_sa;basurrah1995@gmail.com;550223277;Active;0;0
;متجر فهد  للبطاقات الرقميه;;إلكترونيات واكسسورات;https://salla.sa/fahdstore1;https://instagram.com/fahd_alhzimii;;bo0y1@hotmail.com;559888538;Active;0;0
Ithmid Store;متجر إثمد;;مستلزمات المرأة;https://ithmid.com;https://instagram.com/ithmid;https://twitter.com/ithmid;ithmidsa@gmail.com;501718076;Active;0;0
Pyrite accessories;اكسسوارات البيريت;1010701520;إلكترونيات واكسسورات;https://pyrite-sa.com/;;;xoxo1170@hotmail.com;541153000;Active;0;0
Location store;لوكيشن ستور;;أخرى;https://salla.sa/location_store;https://instagram.com/locationstore.sa;;Location.store.now@gmail.com;501644459;Active;0;0
Shop Shadat Shipping  PUBG hacker;ايتيتي;;أخرى;https://t.me/6;;;Jekekeii777hshs@gmail.com;572361892;Active;6;2
Accounts selling platform;لا يوجد وساطة;1131296274;تسويق إلكتروني;https://www.bing.com/;;;dgsksh1111@gmail.com;502003892;Not Active;7.8;11
Popgere9;متجر باندا لبيع حسابات ببجي;;أخرى;https://t.me/a12bq1212;https://instagram.com/khaled_alenzi52;;Kald902030@gmail.com;540591283;Not Active;2;2
Hazaa Elmitaey est;مؤسسة هزاع مسعد غزاى المطيرى للتجارة;1010648542;تسويق إلكتروني;http://www.fashion-international.com;https://instagram.com/shobng2019;;hazaashop@yahoo.com;500793511;Active;0;0
;شركة معبر للتسويق الالكتروني;4030594499;تسويق إلكتروني;http://alm3br.com/;https://instagram.com/alm3br;https://twitter.com/alm3br;info@alm3br.com;562568064;Active;10;1
Ashwaqphotographer;اشواق للتصوير;;تصوير;https://salla.sa/ashwaphotographer?expires=1618961787&identifier=1548520422&utm_source=dashboard&signature=e28943d0edb68fe4d68bdaabcea04c33d916af3c2fa8950d220d2699903458ae;;;Ashwaqphotographer@gmail.com;552006830;Active;0;0
Sayhad;صيهد ;;مستلزمات المرأة;https://www.sayhad.sa;https://instagram.com/sayhad.sa;;Sayhad.sa@gmail.com;502125011;Active;0;0
Canifora Store;متجر كانيفورا;;أخرى;https://www.canifora.com;;;faldhayan@gmail.com;539293774;Active;0;0
 Hjsk STORE;متجـرررر موقوف;;تسويق إلكتروني;https://t.me/OJ_jkbsjsQ;;;Mabsha@gmail.com;581791238;Not Active;9.4;43
Bayan perfumes;متجر بيان للعطور;;كوافيرة و تجميل;https://bayanperfumes.com;;;Sorseroperfumes@gmail.com;504282532;Active;0;0
Tip Top ;متجر  شوكلاته تيب توب ;;أخرى;https://salla.sa/tip_top;;;mousa968@gmail.com;501351803;Active;0;0
Rojin pubg acount;بيع حسابات روجين ;;تسويق إلكتروني;https://t.me/pubgroiin;;;G0o0gll@hotmail.com;581938726;Not Active;9.8;43
Alforsa alakera;مؤسسة الفرصة الأخيرة ;2052102854;أخرى;https://babysmile-sa.com;;;Social@babysmilesa.com;502585353;Active;0;0
Ansam Jeddah;أنسام جدة;;تخطيط مناسبات وحفلات;http://ansam-jeddah.com;;;Ansam.jeddah1@gmail.com;594242477;Not Active;0;0
Nabat Stores;متاجر نبات;;أخرى;https://salla.sa/nabat-sa;https://instagram.com/nabat.stores;;nabat.stores@gmail.com;508348515;Active;0;0
MY ELEGANCE KSA;متجر أناقتي الالكتروني;;أخرى;https://salla.sa/myeleganceksa;https://instagram.com/myelegance.sa;;myelegance.sa@gmail.com;555047977;Active;0;0
SPOTIC;سبوتيك;;أخرى;https://zid.store/spotic/;;;storespotic@gmail.com;501797018;Active;0;0
Shatara Advertising Agency;وكالة شطارة للدعاية والاعلان;4030408930;حلول إلكترونية;https://shatarh.com/#;https://instagram.com/shatarh.sa;;shatarh.sa@gmail.com;569220041;Active;0;0
Bluetiger;بلو تايقر;;إلكترونيات واكسسورات;http://bluetiger-sa.com/;https://instagram.com/b_luetiger;https://twitter.com/b_luetiger;Pluetiger@hotmail.com;502881243;Active;0;0
ashqar oud;أشقر العود;;أخرى;https://ashqaroud.com;;;osn1499@gmail.com;503589876;Active;0;0
FasTech;فاس تك;4032246545;إلكترونيات واكسسورات;https://salla.sa/fastech;https://instagram.com/fas.tech_;;balfass2020@gmail.com;531914767;Active;0;0
Menafena;منافينا;1010696661;مطبخ و مخبوزات;https://www.menafena.com;;;khalidalsalman@gmail.com;502374767;Active;0;0
Jathel store;متجر جذل الورد;2051231636;أخرى;https://salla.sa/store_jathel;https://instagram.com/jathel_store;https://twitter.com/?;jathelstore@gmail.com;501210777;Active;0;0
hakayaperfume;حكايا للعطور ;1010692902;تسويق إلكتروني;http://hakayap.com/;https://instagram.com/hakaya.perfume;;hakayapefume@outlook.sa;590660756;Active;0;0
shop2cards;بطاقات المتجر;;أخرى;https://shop2cards.com/;;;sshopcards@gmail.com;554964263;Active;0;0
Ariel Store;متجر آريل;;تسويق إلكتروني;https://t.me/storeariel;;;Theshaimaa1@outlook.com;545505251;Active;0;0
Massad Jewelry;مسعد للمجوهرات;;أخرى;https://massadjewelry.com/;;;Massed811@gmail.com;551191841;Active;0;0
;مباني وتشييد;4030406336;أخرى;https://nab3alshomokh.com.sa/shop/;;;Free15107@gmail.com;533272526;Not Active;0;0
LAVINGO ;لافينجو;;تسويق إلكتروني;https://salla.sa/lavingo29;https://instagram.com/lavingoa291;https://twitter.com/Lavingo291;Lavingoa2@gmail.com;566161369;Active;0;0
Naser Fahad;ناصر بن فهد;2057473528;إلكترونيات واكسسورات;https://www.N8TAG.com;;;n8tagme@gmail.com;502533103;Active;0;0
Mercato21;ميركاتو 21;1010707010;إلكترونيات واكسسورات;https://mercato21.com/;;;m.mercato21@gmail.com;504878142;Not Active;0;0
  Different Story;اكسس وي;;تسويق إلكتروني;https://t.me/D;;;DiFenrnt01@hotmail.com;549191997;Not Active;8;24
Market4y;ماركت فور يو ;;تسويق إلكتروني;https://market4y.com/;;;dndn81990@hotmail.com;544810440;Active;0;0
rasht dhuq;رشة ذوق;4650229673;تسويق إلكتروني;https://rasht-dhuq.com/;;;monera546@icloud.com;567739452;Active;0;0
Bayeti Akl restaurant ;مطعم أكل بيتي ;;مطبخ و مخبوزات;https://www.aklbayeti.com.sa;https://instagram.com/cooklng_baytii;;raxxcc516@gmail.com;509021190;Active;0;0
Ducky Socks;شراريب داكي;;أخرى;https://duckysocks.co;https://instagram.com/duckysocksco;;hello@duckysocks.co;500981414;Active;0;0
Masam;مسام;;كوافيرة و تجميل;https://masamstore.com/;;;S3eed.com@hotmail.com;552895552;Active;0;0
RALF;رالف;;أخرى;https://salla.sa/ralf;;;fr1fr2018@gmail.com;559779097;Active;0;0
;متجر البن;;أخرى;https://salla.sa/randa_store1144;;;amalsomaily@gmail.com;576263434;Active;0;0
foofashop;فوفه شوب;;الحرف والصناعات اليدوية;https://salla.sa/foofashop;https://instagram.com/foofashop;;fofo-almaleh@hotmail.com;505514325;Active;0;0
car4v4;دفع رباعي حراج شامل;4650222626;تسويق إلكتروني;https://www.car4v4.com;;;car4v4@gmail.com;536363619;Active;0;0
GoldenM;قولدن ام;;مستلزمات المرأة;https://goldenmshop.com;;;goldenmshop2020@gmail.com;556361017;Active;0;0
;متجر  أبو تركي;;تسويق إلكتروني;https://salla.sa/abutrky2030?expires=1618914505&identifier=270773727&utm_source=dashboard&signature=805535677d2fb92ee23e6dcfd721d043365971dc994c0c0576aaba3b37139969;;;esa0089@hotmail.com;557737682;Active;0;0
Samar Care;سمر ايف;1128182995;مستلزمات المرأة;https://samarcare.com;;;Care@samarcare.com;500046939;Active;0;0
The N and D co;النور و الديجور;;الحرف والصناعات اليدوية;https://salla.sa/the_n_and_d_co;https://instagram.com/the_n_and_d_co;;The.n.and.d.company@gmail.com;545446977;Active;0;0
SHOP 13;شوب ١٣;2051233615;مستلزمات المرأة;https://salla.sa/shop_13;https://instagram.com/shop_13;;kazzuhair@gmail.com;567491666;Active;0;0
wusool store;متجر وصول ;1010701266;إلكترونيات واكسسورات;https://wusoolstore.com;https://instagram.com/wusoolstore;https://twitter.com/wusoolstore;wusoolstore@gmail.com;555028671;Active;0;0
NADIA ALYASEEN;نادية الياسين ;;مستلزمات المرأة;https://plageturquoise.com;https://instagram.com/nadia_alyaseen_;;2020akooon@gmail.com;501948716;Active;0;0
foodizor;فودايزر;1010643393;تسويق إلكتروني;https://www.foodizor.com;https://instagram.com/foodizor;https://twitter.com/foodizor;abdullah@forgoodadv.com;559225988;Active;0;0
waterfall of roses;شلال الورود للتصميم;4030385587;أخرى;https://waterfallofroses.com/;;;w.r.jeddah@gmail.com;556483606;Active;0;0
;متجر تالا وميسم 2030;;أخرى;https://salla.sa/talaemad2030;;;sulfex.cont@gmail.com;505200484;Not Active;0;0
Selling coffee ;بيع البن ومستلزماتها ;1010706791;أخرى;https://47cups.store;https://instagram.com/47cups;;xabodz1@gmail.com;544158482;Active;0;0
zahyah aloud;زاهية للعود;;أخرى;https://salla.sa/oudskaka;;;zahyah.aloud@gmail.com;559942808;Active;0;0
Magic Cups store;متجر سحر الاكواب;;أخرى;https://salla.sa/magic.of.mugs;;;Magic.of.mugs@gmail.com;502275315;Active;0;0
;متجر النشميات;;أخرى;https://nashmiatshop.com/;;;Nashmi.at101@gmail.com;504939027;Active;10;1
RWNQ;رونق التجارية;1011144811;تصميم وطباعة;https://ksa-sar.com/;https://instagram.com/rwnq.qs;;Ksa112015@hotmail.com;500821499;Active;0;0
Store Osama;متجر أسامه ;;خدمات أكاديمية;https://salla.sa/stosama;;https://twitter.com/OSAMAmediaa;Suosama1@gmail.com;540026151;Active;0;0
Magical PUBG Accounts;حسابات ببجي السحرية;;أخرى;https://t.me/PubgMagical;;;No_oi@hotmail.com;594064420;Active;0;0
mylotuss;ماي لتوس;;تسويق إلكتروني;https://mylotuss.com;https://instagram.com/mylotusss;;mylotus7@gmail.com;594344277;Active;0;0
;متجر تألق معانا للهدايا والتسويق;;تسويق إلكتروني;https://salla.sa/mbdahaltaif;;https://twitter.com/mbdahaltaif;Mbdahaltaif@hotmail.com;542739473;Active;0;0
Reshet Mobde For Design and Programing;ريشة مبدع للتصميم;5900127941;حلول إلكترونية;https://www.reshtmobde.com;;https://twitter.com/6z5783KzikGkob2;s.dojan@me.com;503048035;Active;0;0
Zaha;متجر زهاء;;أخرى;https://salla.sa/zaha_sh0p;;;shopz5ha@gmail.com;536611745;Active;0;0
;منتجات ريانه للعنايه;5855351943;مستلزمات المرأة;https://www.snapchat.com/add/ryanh.999;https://instagram.com/ryanh.999;;ryanh.19991@gmail.com;554255869;Active;0;0
Laza Outlet;لازا اوتليت;;مستلزمات المرأة;https://laza-outlet.com;https://instagram.com/laza.outlet;;laza.outlet@gmail.com;568173275;Active;0;0
Shop gallery;تسوق الكتروني منتجات الجمال والعناية ;4031249327;تسويق إلكتروني;https://salla.sa/gallery.com;https://instagram.com/shop___gallery;https://twitter.com/Shop___gallery;Shop___gallery@Hotmail.com;500015217;Active;0;0
tawabul 'amiy;توابل أمي;;مطبخ و مخبوزات;https://wa.me/message/IHSMFRQC4S5CO1;;;ali.m1410@hotmail.com;550177829;Active;10;2
Meem account PUBG;حسابات ميم ببجي;;تسويق إلكتروني;https://t.me/MEEMAC;;;Meem.sn.94@hotmail.com;548440463;Not Active;0;0
Leopard Restaurant;مطعم ليوبارد;4031244486;مطبخ و مخبوزات;https://leopard.com.sa/;https://instagram.com/leopardsaudia;https://twitter.com/LeopardSAUDIA;info@leopard.com.sa;549986405;Active;0;0
 Njk STORE;تم تقل مغغلقق;;تسويق إلكتروني;https://t.me/p;;;Xrxpubg@gmail.com;500000000;Not Active;5.2;10
Jewjuwne;قناة مغلقهه;;تسويق إلكتروني;https://t.me/p;;;Xgwaaher@gmail.com;500000000;Not Active;4.9;11
;مؤسسة اباركوا العالمية ;1010635930;أخرى;https://coabarco.com/;;;coabarco@gmail.com;555034126;Active;0;0
Nsjil;تم تقل مغغلق;;تسويق إلكتروني;https://t.me/p;;;Pubgp@gmail.com;500000000;Not Active;6;6
Faiejejejl PUBG;مغغغغلققق;;تسويق إلكتروني;https://t.me/p;;;Faisaiil8@gmail.com;500000900;Not Active;8;4
Spring flowers corner to organize parties and gift;ركن ازهار الربيع لتنظيم الحفلات وتجارة الهدايا;5907022487;تخطيط مناسبات وحفلات;https://salla.sa/azhar-alrab;;;mostafa12360@gmail.com;508877001;Active;0;0
topaz stoore;متجر توبازز;;تسويق إلكتروني;https://www.topazshop.onlie/;;;topaz.202@hotmail.com;544071204;Active;0;0
surrh1;صره;;أخرى;https://salla.sa/surrh;https://instagram.com/surrh_1;;surrhoud.abdullah@gmail.com;508432649;Active;0;0
mustatabapp;مستطاب اب ;1010643420;أخرى;https://mustatab.com/;https://instagram.com/mustatabapp;;mustatabapp@gmail.com;557228883;Active;0;0
 Ghamra Tourism Company;شركة غمرة للسياحة;1010684344;أخرى;https://www.ghamra.sa;https://instagram.com/ghamra_sa;https://twitter.com/ghamra_sa;ceo@ghamra.sa;556031156;Active;0;0
Bin Hadi;بن هادي ;;إلكترونيات واكسسورات;https://salla.sa/alihadi1414;;;alooshii1234@gmail.com;559469664;Active;0;0
Games account seller;بائع حسابات الكترونيه;;تسويق إلكتروني;https://t.me/Alldidp;;;MrOmar1998@outlook.com;554447693;Active;7.6;7
;متجر الزويد للعود;;أخرى;http://www.alzoied.com/;;;balzwyd266@gmail.com;506168688;Active;0;0
marseilla shop;متجر مارسيليا;;أخرى;https://marseilla.com;;;marseillashop@gmail.com;538297076;Active;0;0
SDafh;سدفة;;إلكترونيات واكسسورات;https://salla.sa/s1df1?expires=1618844132&identifier=1025421155&utm_source=dashboard&signature=f8acf5bb5089f8ca9e63fc72af6ba7fc74f898b45f24b41dbb485d67206b53f6;;;sdafh.99@gmail.com;500956055;Active;0;0
Happyfeet;القدم السعيدة ;;تسويق إلكتروني;https://salla.sa/happy_feet;https://www.instagram.com/happyfeet.jdh/;;12shlbje@gmail.com;580736277;Active;0;0
Profumi;بروفيمي;;أخرى;https://salla.sa/profumi555?expires=1618840204&identifier=636059878&utm_source=dashboard&signature=7935765f7627fd81a2ed40f93aa0c78b2804555a94744be7d5a4f0dd8a6ebc35&_gl=1*1xwfp4d*_gcl_aw*R0NMLjE2MTg3OTIxMjcuRUFJYUlRb2JDaE1Ja3F1QnRzejk3d0lWaUt6dENoMDByUWxwRUFBWUFTQUFFZ0owb19EX0J3RQ..;https://instagram.com/pr2f1;;Profumi555@gmail.com;565056670;Not Active;0;0
Arwa ajmal hekaya;أروى  أجمل حكاية;;أخرى;https://arwa.me;;;arwa@arwa.me;505276777;Active;0;0
Vera Abaya;عباية فيرا;1010682563;أخرى;https://salla.sa/vera-ksa.com/redirect;;;VeraAbaya0014@gmail.com;558045500;Active;0;0
The store of United Arca Trading Company;متجر شركة اركا المتحدة للتجارة;1010699118;أخرى;https://arcaunited.com/;;;info@arcaunited.com;544954980;Active;0;0
Arat;ارات;;أخرى;https://salla.sa/arat_gift;https://instagram.com/arat_gift;;Raghad1999r@outlook.com;570794935;Active;0;0
CRYSTAL WOOD;كرستال وؤد;1010706560;أثاث وديكور;https://salla.sa/crystal_wood;;;Nasser12n2@gmail.com;509763307;Active;0;0
ACTAN FASHION;اكتان فاشن;1010196844;مستلزمات المرأة;https://www.actan.com/;;;support@actan.com.sa;500037038;Active;0;0
 Mela;ميلا للحفلات ;1010605754;تخطيط مناسبات وحفلات;https://mela-sa.com/;;;mela2021sa@gmail.com;591444888;Active;0;0
GUZEL SA;قوزال السعودية;;تسويق إلكتروني;https://salla.sa/guzel.sa;;;GUZEL.SA@outlook.sa;549698803;Active;0;0
Teste tractsHtcrf;تجربةةةةةوكككككككك;;أخرى;Http://test.com;;;Saljuried@hotmail.com;509999225;Not Active;0;0
Smart business world  for communication and it;عالم الاعمال الذكية  للاتصالات وتقنية المعلومات ;1010891807;حلول إلكترونية;https://www.smartbwe.com;https://instagram.com/smartbwe;;Axa_888@hotmail.com;504115991;Active;9;1
Lana's SPA;صالون لانا;1010585701;كوافيرة و تجميل;http://lanasspa.com;;;abdul@mutrib.net;568166660;Active;0;0
new beqalty grocery;تموينات بقالتي الجديدة ;4030411518;تسويق إلكتروني;https://www.beqalty.com/;;;mg@beqalty.com;557718987;Active;0;0
Files Store;متجر الملفات;;حلول إلكترونية;https://www.files-store.net;;;Storefiles@yahoo.com;592613040;Active;0;0
Mohammed Nabil Turkistani;محمد نبيل تركستاني;;أخرى;https://marhabon.com;https://instagram.com/tabannon.sa;;MARHABON.sa@gmail.com;505910303;Active;0;0
Ouuud;العود;;تسويق إلكتروني;https://salla.sa/ouuud;;;somaqueen88@gmail.com;538873789;Active;0;0
Loud store;لاود ستور;;مستلزمات المرأة;https://loudstoresa.com/;;;kholud@loudstoresa.com;536257740;Active;0;0
Slman;متجر سلمان;;تسويق إلكتروني;https://t.me/storeshahd;https://instagram.com/store1shahd;;xslman606@hotmail.com;501990787;Active;0;0
Hc; حجز موعيد لقاح فايزر ;;أخرى;https://t.me/joinchat/MBLv1T2UCgkwZGVk;;;nayyfggg99@gmail.com;536095955;Active;0;0
;بيع منتجات بسعر مخفض;;تسويق إلكتروني;https://salla.sa/m.262;;;saig400@gmail.com;500265438;Active;0;0
EElectronic servicess;خبيرة خدمات الكترونية66;;حلول إلكترونية;https://wa.me/message/PSRVMJBRT6OGJ1;https://instagram.com/fa_tnn787;;Electronic47solutions@outlook.sa;570201826;Not Active;0;0
CASTOR PERFUMES;كاستر للعطور ;1010670977;أخرى;https://castor-perfumes.com/;;;castor.info1@gmail.com;553439411;Active;0;0
BELLA BRAND ;منتجات عطور وأدوات تجميل ماركات اصلية بأقل الأثمان;;مستلزمات المرأة;https://bellabrands95.com/;;;brands.bella95@gmail.com;590292545;Active;10;2
Mithqal;مثقال;;مطبخ و مخبوزات;https://salla.sa/mithqal;;;mithqalsa@gmail.com;570820629;Active;0;0
concrete najma;نجمة الكونكريت;;الحرف والصناعات اليدوية;https://salla.sa/najma.co;;;areem20002@gmail.com;534437342;Active;0;0
altayfshop;متجر الطيف الفضي;;الحرف والصناعات اليدوية;https://altayf-shop.com;https://instagram.com/hadaya__a;;altayfshop@gmail.com;555886384;Active;0;0
lmas for diamonds and jewelry;لماس للألماس والمجوهرات;1010585651;تسويق إلكتروني;https://www.lmas-sa.com/;https://instagram.com/lmas.sa;https://twitter.com/lmas_lmas;lmas@lmas-sa.com;508188832;Active;0;0
Jamaelbeauty ;جمايل بيوتي للتحف و الهدايا ;;أخرى;https://www.jamael.beauty.com;;;Thamer_168@hotmail.com;583700842;Active;0;0
atafil alraqami;التفعيل الرقمي ;;أخرى;https://salla.sa/bam;;;atafil.alraqami@gmail.com;501846840;Active;0;0
MANAYR STORE;مناير ستور;;تسويق إلكتروني;https://t.me/Manay_Store;;;Ahmadrash@gmail.com;591320876;Not Active;8.4;87
klan;كلان;1010699261;تسويق إلكتروني;https://kllaan.com;;;q.ci@hotmail.com;555772678;Active;0;0
neghsat oud;نغصة عود;;أخرى;https://neghsatoud.com;https://instagram.com/neghsatoud;;neghsaoud@gmail.com;536349920;Active;0;0
 Shaqqara Dates;شقراء للتمور;1131305443;أخرى;https://www.shaqqara.sa;https://instagram.com/shaqqarasa;https://twitter.com/shaqqarasa;order@shaqqara.sa;509199988;Active;0;0
 B E L M A S T O R E;محل بيلما;;تسويق إلكتروني;https://fo4.maroof.sa/;;;fodda322@icloud.com;546725565;Active;0;0
Mini chocolate ;ميني تشوكلت;1010502201;أخرى;https://minichocolatesa.com/;;;Lamiaalsultan@hotmail.com;594487086;Active;0;0
Saudi Follower;سعودي فولور;1010706476;تسويق إلكتروني;https://www.saudifollower.com;;;saudifollower@gmail.com;508889852;Active;10;3
nasimat alwird;نسمات الورد;;أخرى;https://salla.sa/rose96?expires=1618414555&identifier=1674033914&utm_source=dashboard&signature=c53eb6b271ac6376a15fb8f2e3694a2edf920074be474f0ddda041d5ce1a699d;https://instagram.com/nr_s15;https://twitter.com/nr_s15;jj3869060@gmail.com;563489841;Active;0;0
 Electronic Services Office;مكتب انجز للخدمات الالكترونية;5850131316;أخرى;https://www.ElectronicOffice.com;;;ali.libdan@outlook.sa;530974673;Active;0;0
Weird Shop;ويرد شوب;2050127814;أخرى;https://weird1shop.com;;;info@weird1shop.com;570597777;Active;10;3
;طبخه للبهارت;;مطبخ و مخبوزات;https://salla.sa/tkspices;https://instagram.com/tabkhah3;;Aliyahhelal88@hotmail.com;502373292;Active;0;0
REYOFEXPRESS;ريوف اكسبرس ;;أخرى;https://reyofexpress.com;;;REYOFEXPRESS@gmail.com;504598579;Active;0;0
Skinv;سكن في;;تسويق إلكتروني;https://skinvstore.com/;;;skinv9@gmail.com;504800582;Active;0;0
Ltaf store ;متجر لـ طـ ف;;تخطيط مناسبات وحفلات;https://salla.sa/l.s.m.gift?expires=1618534924&identifier=1668896528&utm_source=dashboard&signature=90fb3eb9eef8fecefae6f9785a384dcc40dad1648bc8741eb2f807d2e494972b;;;l.s.m.gift@gmail.com;504543175;Active;0;0
lqwaluria;إقوالوريا الطيب;;أخرى;http://lqwaluria.com;https://instagram.com/oud.k1;;Oud.k@hotmail.com;554483236;Active;0;0
FRESG FOOD;الغذاء الطازج ;1010698308;أخرى;https://2ahwa.com/freshfood/product;;;info@malc.sa;598440005;Active;0;0
Butler Innovation ;الابتكار بتلر;2055011540;أثاث وديكور;https://butlerestore.com;;;customercare@butlerestore.com;566817424;Active;0;0
Velo App;تطبيق فيلو;1010685267;أخرى;https://veloksa.com/;;;fad881@outlook.com;502218089;Active;0;0
SyanaTech;صيانة تك;2050144543;تسويق إلكتروني;https://www.maintinancetech.sa;;;m.alhajri@gmail.com;549999868;Active;0;0
almilad est;مؤسسة ايمان مهدي الميلاد لبيع مواد البناء ;2053112254;أخرى;https://www.almiladest.com/;https://instagram.com/almilad.est;;ALmilad.est@gmail.com;538771877;Active;0;0
Dallah Jamil;دلة الجمايل;;مطبخ و مخبوزات;https://www.snapchat.com/add/arabic-coff2030;https://instagram.com/dallah_jamil;https://twitter.com/gaaa_99;gaaa-99@hotmail.com;530022953;Active;10;1
Shop Shop;محل محل;;مستلزمات المرأة;https://maroof.sa/;;;aqasem1403@gmail.com;552224133;Not Active;0;0
jonat alteeb;جونة الطيب;;أخرى;https://jonaro.com/?expires=1618741585&identifier=1136599320&utm_source=dashboard&signature=31c6edb872e0fd34f0553a3d761c597b5799ccf74c19cb2d7a5bb911286486da;https://instagram.com/jonat_alteeb;https://twitter.com/jonat_alteeb;jonat.teeb@jmail.com;583771622;Active;0;0
Kadiart;كادي ارت;;مستلزمات المرأة;https://salla.sa/kadiart;https://instagram.com/kadiart9;https://twitter.com/kadiart9;Kadiart9@gmail.com;554159897;Not Active;0;0
Testttttttttt188;تجربةةةة اضافه ١٨ ابريل;;أخرى;HTTPS://test.com;;;Test@hotmail.com;509999225;Active;0;0
Aprilbox;ابريل بوكس;;مستلزمات المرأة;https://s.salla.sa/products;;;Aprilboxx@hotmail.com;556814707;Active;0;0
Alefah ;متجر أليفة;1010306661;أخرى;https://www.matjaralefah.com;;;rana@alefah.com;500172424;Active;0;0
Alwan Almanzel;الوان المنزل;;أثاث وديكور;https://salla.sa/alwan_almanzel;https://instagram.com/alwan_almanzel;;k.m.s22310@gmail.com;501269003;Active;0;0
La sucre;لا سكري;;مستلزمات المرأة;https://lasucrei.com/;https://instagram.com/lasucrei;https://twitter.com/Lasucreii;Aljowharaprof@hotmail.com;591553310;Active;0;0
AA88;اي اي ثمانية وثمانون;;أخرى;https://haraj.com.sa/users/abas_8588;;;abas32141@gmail.com;543425647;Active;0;0
Love nebulaa;لوف نبولا;;أثاث وديكور;https://salla.sa/lovenebula?expires=1618728084&identifier=1207758342&utm_source=dashboard&signature=255fe8ab4a413c007d3f3687a07563a000399d0e29ff85d75fa10b267f67c610&_gl=1*juhqyb*_gcl_aw*R0NMLjE2MTg3MjI5OTQuQ2p3S0NBandqdXFEQmhBR0Vpd0FkWDJjajhqeXRQdHk3eHkwUkhHMHhhTHh3WmZUaDYyUVJhaE01ZVZHMEltU0hIWUZZRUtGVHN0dzJ4b0Nvdm9RQXZEX0J3RQ..;https://instagram.com/lovenebulaa;;Officiallovenebula@gmail.com;501771742;Active;0;0
IMPRESSO ESPRESSO;إمبرسو إسبريسو;;إلكترونيات واكسسورات;https://impressoespressosa.com/;https://instagram.com/impresso._.espresso;;business.by.hhbh@gmail.com;561849704;Active;0;0
Ecomers ;بيع بتجزئة ;2050144408;تسويق إلكتروني;http://www.munuruna.com;;;Hawas80008@hotmail.com;532897579;Active;0;0
3eon;عيون;;مستلزمات المرأة;https://3eonshop.com;https://instagram.com/3eon.shop;;i3een.shop@hotmil.com;565724926;Active;0;0
Middlemist;ميدل ميست;;أخرى;https://salla.sa/m.mist2030;;;m.mist2030@hotmail.com;552311389;Active;0;0
Blackbat;مؤسسة الخفاش الأسود التجارية;1132112257;إلكترونيات واكسسورات;https://salla.sa/blackbat;;;blackbat.898@gmail.com;504680898;Active;0;0
sawa3;سواع;;إلكترونيات واكسسورات;https://www.sawa3sa.com;;;sawa3.inf@gmail.com;508090051;Active;0;0
Afaanin shop;متجر افانين ;5901716704;إلكترونيات واكسسورات;https://salla.sa/afaanin-shop;;;Hassan23shbley@gmail.com;577725151;Active;0;0
AugustStore;اوقست ستور;;أخرى;https://salla.sa/agust;https://instagram.com/vcaz.x;;alhumaid9984@gmail.com;533490211;Active;0;0
Public and electronic services;حلول إلكترونية وخدمات شاملة للحكومة الإلكترونية ;;حلول إلكترونية;https://wa.me/message/ARM7ICHO3TCWN1;;;haad19961417@gmail.com;500971110;Active;0;0
Elite Pioneers Store for Business Services;متجر رواد النخبة لخدمات الأعمال;1010660911;حلول إلكترونية;https://www.alnukhbah.com.sa;https://instagram.com/rawadalnukhbah;https://twitter.com/rawadalnukhbha;info@alnukhabh.com.sa;560400005;Not Active;0;0
;سلة الطائف للخضار والفواكة;;أخرى;https://wa.me/message/WQQRV4Y2N4BBA1;;;aboood468@gmail.com;552838827;Active;0;0
Mina;ركن مينا;5850130194;تسويق إلكتروني;https://www.mina.services/;;;i.alahmari88@gmail.com;557677885;Active;0;0
Lafa kaf;لفة كاف;;مستلزمات المرأة;https://salla.sa/lafa_kaf.com;;;Lafa_kaf@hotmail.com;550552246;Active;0;0
Habayeb oud;هبايب عود ;;أخرى;https://hboud.com/;https://instagram.com/hb.oud;;hboud2021@gmail.com;501849443;Active;0;0
JustY;واي فقط;;أخرى;http://salla.sa/www.Just_Y.com;;;yaser07.2008@gmail.com;565410181;Active;0;0
;تكنلوجيا واكسسوارات;;تسويق إلكتروني;https://salla.sa/accesotech;;;accesotech1@gmail.com;534823283;Active;0;0
the nuti sweet;الجوز الحلو;;أخرى;https://salla.sa/nuti;https://instagram.com/tns_sweet;https://twitter.com/tns_sweet;nazstore9@gmail.com;592888108;Active;0;0
Muruj Store;مروج ستور;3550135223;أخرى;https://salla.sa/jawali22.com;;;saltan205000@gmail.com;554069430;Active;10;4
Majarrah;مجرة فن;;أخرى;https://salla.sa/majarrah.sa;https://instagram.com/majarrah.sa;;majarrah.sa@gmail.com;536655495;Active;0;0
Myzonne;منطقتي;;أخرى;https://myzonne.com;https://instagram.com/myzonne_coltd;;myzone.coltd@gmail.com;531007450;Active;0;0
UPremium;يو بريميوم;;أخرى;https://upremiums.com/;;;alhars161@gmail.com;505291480;Active;6;4
Fasterfollow;فاستر فولو للدعم والتسويق ;;تسويق إلكتروني;https://fasterfollow.com;;https://twitter.com/fafollow_;yamnhoms72@gmail.com;502886939;Active;6;2
Aldorbah;الدربة;1010695561;تسويق إلكتروني;https://www.aldorbah.com/;https://instagram.com/aldorbah_;;Info@aldorbah.com;540234665;Active;0;0
alwahtents;مؤسسة العلوة التجارية;;أخرى;https://salla.sa/alwahtents;;;alwahtents@gmail.com;534153898;Active;0;0
Sanaa Abayas;عبايات سناء;;مستلزمات المرأة;https://salla.sa/sanaa_abayas;https://instagram.com/sanaa_abayas;https://twitter.com/Sanaa_Abayas;raghad.wali.1419@gmail.com;591201403;Active;0;0
your special piece;قطعتك المميزه ;;أخرى;https://salla.sa/yourspecilpiece?expires=1618706903&identifier=885686716&utm_source=dashboard&signature=08d536f3239785668b3373838b39704c28ac7569708b7be29945f3825d0360e3&_gl=1*1m4gtwe*_gcl_aw*R0NMLjE2MTM0OTY2NTkuQ2owS0NRaUE5NjJCQmhDekFSSXNBSXBXRUwweHRSY05BVEdmaGVzWHJFT0FuMXdHRDB1cFhqXzEzYXEyQWgyNXJfeFkxNmxuM0xDTGl3Y2FBbkRTRUFMd193Y0I.;https://instagram.com/your_special_piece;;mohammedaldabas.00@gmail.com;552221959;Active;0;0
Store Nology;ستور نولوجي;;تصميم وطباعة;https://salla.sa/store_nology;https://instagram.com/store_nology;https://twitter.com/store_nology;alhassan0x@gmail.com;541437123;Active;10;1
NAQOH;نقوهـ1;4031250885;أخرى;https://naqoh.com;;;naqoh1@hotmail.com;595576744;Active;0;0
Health and electronic services;خدمات الكترونية وصحية;5950122595;أخرى;https://wa.me/message/3IRFVIHUEA4CL1;;;Sfooor99@gmail.com;533299776;Active;0;0
sayariti 2;سيارتي٢;;السيارات;https://salla.sa/mycar2;;;sayariti2@gmail.com;599704113;Active;0;0
Mazad Deals;مزاد ديلز;;تسويق إلكتروني;https://mazaddeals.com;;;MazadDealss@gmail.com;508066686;Active;0;0
Kenan Decoration;مؤسسة كنان للديكور;4650228682;أثاث وديكور;https://www.kenan.com.sa;;;info@kenan.com.sa;505870656;Active;0;0
Banhksa;منتجات بانه الطبيعيه;4650229485;مستلزمات المرأة;https://mapp.sa/banhksa;https://instagram.com/banhksa;;Banh_ksa@hotmail.com;569600666;Active;0;0
KAKAM STORE;متجر كاكم;;تسويق إلكتروني;https://kakam.store/;https://instagram.com/kakam_sa;https://twitter.com/kakam_sa;storekakam@gmail.com;504225766;Active;10;1
Aisha Aqla Moatth AlAnzi ;عائشه عقلاء معطش العنزي;;مطبخ و مخبوزات;https://salsa.sa/bharatamsaad;;;mame67mame@gmail.com;541974527;Active;10;2
Menu Plus;منيو بلص;;حلول إلكترونية;https://menuplus.app;;https://twitter.com/menuplusapp;sales@menuplus.app;530319488;Active;0;0
ASAP;متجر اساب;;تسويق إلكتروني;https://salla.sa/asapstore;;;asapstore.SA@gmail.com;533490780;Active;0;0
Honey abo jehad alzahrani;عسل ابو جهاد الزهراني;;أخرى;https://abojehadhoney.com/;;;abojehad433@gmail.com;550419583;Active;0;0
aseel  art zone;أسيل آرت زون;;الحرف والصناعات اليدوية;https://salla.sa/aseelartzone;https://instagram.com/aseelart_aa;;aseel.a.dalloul@gmail.com;559909016;Active;0;0
Surprised ;سبرايزد;;تسويق إلكتروني;https://t.me/Einstein330;;;azo.jabare3427@gmail.com;500000000;Active;0;0
Tawazon Online;مركز ريم بنت سليمان عودة العودة;;أخرى;https://www.tawazonyoga.com/;https://instagram.com/tawazonstudio;;info@tawazonyoga.com;537551333;Active;0;0
MERCELLO;ميرسيللو;;أخرى;https://mercello.co;https://instagram.com/mercellooo;;info@mercello.co;590407089;Active;0;0
EJ ABAYA;إي جي عباية;;مستلزمات المرأة;https://ejabaya.com;https://instagram.com/ej.abaya;;ej.abaya@hotmail.com;557707061;Active;10;1
Prime Cart;برايم كارت;;حلول إلكترونية;https://prime-cart.com;https://instagram.com/primecart10;;info@prime-cart.com;583732662;Active;0;0
JoJo;جوجو ستور;;إلكترونيات واكسسورات;https://jojo-store.com;;;support@jojo-store.com;597052662;Active;0;0
minicutz;القطع الصغيرة;4030413335;مستلزمات المرأة;https://minicutz.com/;;;minicutz@hotmail.com;534284859;Active;0;0
elegnt style;اليقانت ستايل;;مستلزمات المرأة;https://salla.sa/elegnt_style?expires=1618691771&identifier=1621756138&utm_source=dashboard&signature=20a6a3dac1b3154fab8e7c494b7ef6f30aa303e390c9091928ff3ecb2008bc7f;;;elegnt.style@hotmai.com;582777993;Active;0;0
Chameleon;كاميليون;;تصميم وطباعة;http://www.chameleondz.com/;;;connect@chameleondz.com;554455066;Active;0;0
SP4 STORE;متجر أس بي فور;;تسويق إلكتروني;https://t.me/joinchat/vl93jMNvIP1mNmM0;;;Googoo1234567611@gmail.com;550634806;Not Active;6;2
;متجر 88 ;;أخرى;https://t.me/joinchat/I8EsWy6RnblkZWZk;;;Hbeebalrooh-m@hotmail.com;549775401;Active;0;0
ibrahim telecom shop;ابراهيم للاتصالات;1010686583;إلكترونيات واكسسورات;https://salla.sa/ibrahim.store?expires=1618692443&identifier=1472836336&utm_source=dashboard&signature=59957aa222e91527b590bf22b75c28cad4addeb8411157452d50e0a7296c7ecd;;;ksa-vip-0000@hotmail.com;542783004;Active;0;0
Gamers Solutions;حلول اللاعبين;1010699576;حلول إلكترونية;https://gamerss.net;;;support@gamerss.net;501853997;Active;0;0
;بوديز;;أخرى;https://dbicta8070.expandcart.com/index.php?route=account/forgotten;;;bedoor1401.ks@hotmail.com;541020644;Active;0;0
Golden for honey;المذاق الذهبي للعسل;1010618644;أخرى;https://goldenhony.com/;https://instagram.com/gulden.hny;;goldenhoney921@gmail.com;535111427;Active;0;0
habab shop;متجر حباب;4031249402;تسويق إلكتروني;https://hababshop.com;;;habab2200@gmail.com;563444213;Active;0;0
xxcod store;آكس كود ;;تسويق إلكتروني;https://xxcod.com;;;venomstore7@gmail.com;550833227;Active;10;2
FARYAL;فريال;;مستلزمات المرأة;https://faryall.com/;https://instagram.com/faryal.abaia;;aellh33@gmail.com;568341723;Active;0;0
faisal yaseen m datah;فيصل ياسين محمد دته;;تسويق إلكتروني;https://www.alafkaar.com;;;faisaldatah2019@outlook.com;567785551;Active;0;0
Meshaal Rady Ayed AlMutairi;مشعل راضي عايد المطيري ;;تسويق إلكتروني;https://t.me/joinchat/RmreAT9CjrhjMjQ0;;;Kiiii77155@gmail.com;532836602;Active;0;0
PAC MAN STORE ;باك مان ستور;;أخرى;https://t.me/Pacman_store;;;rafoo3232@gmail.com;559840501;Active;4.2;6
System32 Store;متجر نظام;;حلول إلكترونية;https://system32blog.com/;;https://twitter.com/System32store;system32@system32blog.com;558215668;Active;0;0
Parfumerie ;أوسيف للعطور ;4030371785;أخرى;https://salla.sa/osfi_perfumes;;;Eng_amoudi1@hotmail.com;543804005;Active;0;0
Trateel oud;تراتيل العود;;أخرى;https://www.snapchat.com/add;https://instagram.com/trateeloud?r=nametag;;amo0on3412@hotmail.com;533759422;Active;0;0
My brand 01;ماركتي 01;;مستلزمات المرأة;https://salla.sa/store_mybrand;;;Abomotaz0220@gmail.com;533888996;Active;0;0
kone ;متجر كون لمستلزمات القهوة;;أخرى;https://salla.sa/kone.7;;;Konestore2021@gmail.com;559785957;Active;0;0
cera;سيرا;1010661549;مستلزمات المرأة;https://cera-sa.com;;;netaalmerzn@gmail.com;566701121;Active;10;2
mohammed abduall alharthi;محمد عبدالله حمد الحاثي;;إلكترونيات واكسسورات;https://avns7.com;;;hugoal1213@gmail.com;543035551;Active;0;0
Hikayat alkadi;حكاية الكادي ;;أثاث وديكور;https://salla.sa/hikayat_rif_ng;;;generall2008@hotmail.com;502988228;Active;0;0
Alebda3a3;قمة الإبداع ;;إلكترونيات واكسسورات;https://salla.sa/alebda33;https://instagram.com/alebda3a3;https://twitter.com/alebda3a;Alebda3a3@gmail.com;507351069;Active;0;0
SpaceRoute;سبيس روت;;تسويق إلكتروني;https://spaceroute1.com/;https://instagram.com/spaceroute20;;Spaceroute2020@gmail.com;555667473;Active;10;3
My Shoes;شوزاتي 1;;تسويق إلكتروني;https://my-shoes1.com/;https://instagram.com/myshoes.ksa;;my.shoes.store2021@gmail.com;549749728;Active;0;0
OffWhiteSA;أوف وايت;;تسويق إلكتروني;https://t.me/OffWhiteSA1;;;Shougmeaily77@gmail.com;541494331;Active;0;0
luminol;لومينول;;إلكترونيات واكسسورات;https://zid.store/luminol;https://instagram.com/luminol_21;;Abdazizhilayel@hotmail.com;536685726;Not Active;0;0
 Huda;هدى حسين ;2031105861;السيارات;https://www.hoda.sa;;;a.z.0544807740@gmail.com;559399643;Active;0;0
Lusso for your Luxury ;لوسو للشنط ;;مستلزمات المرأة;https://lussoar.com/;;;Dolcelousso@gmail.com;539528490;Active;0;0
WD8Shop;متجر ودق الاكلتروني;;أخرى;https://salla.sa/wd8;https://instagram.com/wd8shop;https://twitter.com/WD8Shop;wd8shop@gmail.com;503859144;Active;0;0
Suhail Shop;سهيل شوب;1010637083;تسويق إلكتروني;https://suhailshop.com/;https://instagram.com/suhailshopsa;https://twitter.com/SuhailShop;suhailshop.contact@gmail.com;560348306;Active;0;0
Salla Smart;منصة السلة الذكية ;;حلول إلكترونية;https://sallasmart.com/;https://instagram.com/sallasmart;;sallasmart1@gmail.com;503920705;Active;0;0
alaown for oud;العون للعود;4030384834;تسويق إلكتروني;https://alaownforoud.com/;;;alaownforoud@gmail.com;565591117;Active;0;0
soft outfit;الزي الناعم;1010695681;مستلزمات المرأة;https://salla.sa/soft.outfit?expires=1618650406&identifier=2135137798&utm_source=dashboard&signature=a65b4c4a3e5bcd4fb25884e6ce9c2f235f7c45c86819aa4f57b0784fdcb2aff6;https://instagram.com/soft_outfit_ksa;https://twitter.com/soft_outfit;soft.outfit@gmail.com;504615344;Active;0;0
KAITO STORE;متجر كايتو;;أخرى;https://t.me/kaitostore;;;nasser11r1@gmail.com;551140389;Active;0;0
Agostonoble;أقوستو نوبليه;1010928443;تسويق إلكتروني;https://agostoksa.com/;;;m@agostonoble.com;502711142;Active;0;0
DOUS SHOP;متجر دوس;;تسويق إلكتروني;https://salla.sa/dous;;;aldosi077@gmail.com;509609509;Active;0;0
Aritunstudio8 ;زحل والمريخ;;أخرى;https://salla.sa/aritunstudio8;https://instagram.com/aritunstudio8;;JoeldSmith28@gmail.com;547550457;Not Active;0;0
BR store;متجر بي ار;;أخرى;https://t.me/BR_store_4;;;Bashayer_nu@icloud.com;564146094;Active;7.3;3
Jawdat Ghelaf;جودة غلاف;;الحرف والصناعات اليدوية;https://kwaidi.com/JawdatGhelaf;;;abrar--2016@hotmail.com;596665064;Active;0;0
Logan stoory;متجر لوجان;4030602512;مستلزمات المرأة;https://loganstoory.com;https://instagram.com/logan.stoory;;logan.stoory@gmail.com;566752504;Active;0;0
Cherry shop;كرزة شوب;;تصميم وطباعة;https://salla.sa/cloud0_store;https://instagram.com/i4m70;;Meeem9500@gmail.com;508286164;Active;0;0
Rank store;متجر رانك;;أخرى;https://t.me/RankStore;;;hassanovic.101@gimal.com;508445452;Active;10;1
Abaq Allaban and aloud;عبق اللبان والعود;;أخرى;Https://www.abaqlopan.sa;;;www.hussain2040@gmail.com;535578526;Active;0;0
teebalsaraya;طيب السرايا;2031105822;تسويق إلكتروني;https://salla.sa/teebalsaraya;;;teebalsaraya@gmail.com;552794002;Active;0;0
always and forever;الويز اند فوريفر;;أخرى;https://salla.sa/alwaysandforever;;;always.and.forever99@hotmail.com;504623801;Active;0;0
Espresso machine accessories and spare parts;ثامر لأدوات القهوة وقطع غيار مكائن الإسبريسو;;أخرى;https://beta.haraj.com.sa/users/th_th;https://instagram.com/thamer_coffee_market;;bigboos_2000@hotmail.com;505770581;Active;0;0
TSshoooter;تي ااس شوتر;;حلول إلكترونية;https://tsshooter.com;;;somytoday123456@gmail.com;590969509;Active;0;0
DIRIYAH PERFUMES;الدرعية للعطور ;1010695143;تسويق إلكتروني;https://diriyah11.com/;https://instagram.com/diriyah11;;diriyah11@gmail.com;509300014;Active;0;0
noch;نوتش;;أخرى;https://salla.sa/noch;;;nochs8877@gmail.com;555692013;Active;0;0
joo curls ;جو كيرلز;;كوافيرة و تجميل;https://salla.sa/joo.curls;https://instagram.com/joo.curls;;joocurls15@gmail.com;503661370;Active;0;0
Mikyagek boutique;مكياجك بوتيك;;كوافيرة و تجميل;https://salla.sa/mikyagek;;;Mikyagek@gmail.com;563292959;Active;0;0
Neo;نيو;;مستلزمات المرأة;https://www.neobynou.com;https://instagram.com/neo.bynou;;Noura.sulaiman@gmail.com;554991603;Active;0;0
Ajcosmetics2021;متجر أي جي ;;مستلزمات المرأة;https://salla.sa/ajcosmetics2021;https://instagram.com/aj.cosmetics2021;;ajcosmetics.2021@gmail.com;538082182;Active;0;0
professional Arts;برو آرت;;الحرف والصناعات اليدوية;https://salla.sa/lamasarr;https://instagram.com/pro.arrt;;Paiint2do@gmail.com;553002286;Active;0;0
;عمل موقوف1 ;;تسويق إلكتروني;https://t.me/DefStore;;;Moohanad3@hotmail.com;544317790;Not Active;3.8;13
fenerastore;فينيرا ستور ;;مستلزمات المرأة;https://fenerastore.com;;;fenerastore@gmail.com;597918545;Active;0;0
Fresh Vibe;فريش فايب;;إلكترونيات واكسسورات;https://salla.sa/freshvibe;https://instagram.com/freshhvibe;;Fbnstop@gmail.com;504617282;Active;0;0
YourWall;يور وال;4042100514;أثاث وديكور;https://YourWallstore.sa;https://instagram.com/1yourwallstore;https://twitter.com/YourWallstore;sztve1@gmail.com;550540907;Active;0;0
Color shoes and bag;لون للأحذية والشنط;4030109921;تسويق إلكتروني;https://colorshoes1.com/;https://instagram.com/color_shoes1;;Colorshoes1@outlook.com;549133108;Active;0;0
Ema designs;تصاميم إيما;;تصميم وطباعة;https://ema-designs.business.site/?m=true;;;Ema.designs21@gmail.com;590930744;Active;0;0
ZIKRA BRACELET STORE;متجر سوار ذكرى;4030414889;مستلزمات المرأة;https://www.zikra-bracelet.com/;https://instagram.com/zikra_bracelet;;zikra.bracelet@gmail.com;570573698;Active;9;1
;متجر العرب لبيع حسابات ببجي وشدات;;أخرى;https://t.me/a12bq1212;;;Kald100155@gmail.com;540591283;Active;0;0
mn7 storee;متجر ام ن٧;;تسويق إلكتروني;https://t.me/MN7store;;;mn7storee1@gmail.com;501831461;Not Active;10;2
nagahsa;موقع ناقة ;;تسويق إلكتروني;https://www.nagahsa.com;;;joody2332@hotmail.com;538333335;Active;0;0
Alhaibah Designer;الهيبه;;تصميم وطباعة;https://alhaibahdesign.com;https://instagram.com/alhaibahdesigne?igshid=18r4odvz0ld81;https://twitter.com/alhaibahdesigne;alhaibahd.d@gmail.com;564354386;Active;0;0
SG Abaya;س غ عباية ;;مستلزمات المرأة;https://salla.sa/sg_abaya;https://instagram.com/sgabayas;https://twitter.com/sg_abaya;sgabaya@outlook.sa;501046074;Active;0;0
HarrashPlaza Center;مركز الهراش بلازا ;4031091639;أخرى;https://harrashplaza.com;https://instagram.com/harrashplaza;https://twitter.com/HarrashPlaza;harrashplaza@gmail.com;500370555;Active;0;0
Pink Readymade Garments Est;مؤسسة بينك للملابس الجاهزة ;1131306242;تسويق إلكتروني;https://salla.sa/pinkboutique;;;pinkboutique000@gmail.com;551018095;Active;0;0
Anwar services;خدمات أنور;;تسويق إلكتروني;https://salla.sa/servicesanwar;;;An0r@hotmail.com;508273211;Active;0;0
NAWDER ALOUD;نوادر  العود;;تسويق إلكتروني;https://nawderaloud.com/;;;nawder.aloud@gmail.com;502523474;Active;10;2
Jbarah;جبارة;;أخرى;https://jbarah.com/;;;info@jbarah.com;504363607;Active;0;0
Malaffaty Store;متجر ملفاتي;4031249215;أخرى;https://www.malaffaty.com;;;info@malaffaty.com;594307710;Active;0;0
Arcelia Boutique;ارسيليا بوتيك;;مستلزمات المرأة;https://salla.sa/arcelia;https://instagram.com/arceliaboutiq;;arceliaboutiq@gmail.com;581592434;Active;0;0
Watch22;متجر ساعات وواتش;3350153182;تسويق إلكتروني;https://salla.sa/watch_applee;;;fff2010fffx@gmail.com;599331641;Active;0;0
astra;آسترا;;تسويق إلكتروني;https://zid.store/astra;;;astra1stor@gmail.com;562233460;Not Active;0;0
General Marketing Services;خدمات تسويقيه عامة ;;تسويق إلكتروني;https://e-wasp.com/marketing;;;Mariamalhumied@hotmail.com;507611568;Not Active;0;0
GameSooq;جايم سوق;4030413988;تسويق إلكتروني;https://www.gamesooq.com;;;info@gamesooq.com;560677333;Active;0;0
Lmmh store for electronic marketing;لمة للتسويق الالكتروني;1132111416;تسويق إلكتروني;http://lmmh1.com/;;;info@lmmh1.com;559522383;Active;0;0
Heavy Equipment Rental;تأجير معدات ثقيلة;;تسويق إلكتروني;https://e-wasp.com/sa;;;Mariamalhumied@hotmail.com;507611568;Active;0;0
Raseel Al Reem Trading est;مؤسسة رسيل الريم للتجارة;2031105717;مستلزمات المرأة;https://raseel-al-reem-trading-est.com/;;;alreemraseel@gmail.com;539055500;Active;0;0
Maddh ;مؤسسة مدة للتجاره;4030369493;أثاث وديكور;https://mddhsa.com/;;;m.zafr@hotmail.com;595959168;Active;0;0
patch perfume;باتش للعطور;1010695513;أخرى;https://www.patchperfume.com;;;patch.perfume@hotmail.com;502644746;Active;10;4
The tree;الشجرة;1010480744;أثاث وديكور;https://thetree-sa.com/;https://instagram.com/the_tree312;;khh.0777722407@gmail.com;557280677;Active;0;0
Freshness beauty;فرشنس بيوتي;;تسويق إلكتروني;https://freshnessbeauty.com;https://instagram.com/freshnessbeauty.ksa;https://twitter.com/freshnessbeauty;freshnessbeauty@hotmail.com;504357548;Active;0;0
Toop store;متجر توووب;;أخرى;https://salla.sa;;;Tari820@gmail.com;506028729;Not Active;0;0
;خمسة و اربعين سبح خواتم و اكثر;1010602141;تسويق إلكتروني;http://www.by45ksa.com;https://instagram.com/by45ksa;https://twitter.com/by45ksa;by45ksa@gmail.com;534545645;Active;0;0
Reemah Ibrahim Aljehani;ريمه ابراهيم الجهني;4030356681;أخرى;https://joggingdog.store/;;;faisalibrahim999@hotmail.com;567845666;Active;0;0
tyzm;تايزم;;تصميم وطباعة;https://tyzmstore.com/;https://instagram.com/tyzm.store;;tyzmstore@gmail.com;564923770;Active;0;0
 Cotton 5;قطن 5;;مستلزمات المرأة;https://salla.sa/cotton.com;;;Ahsfm55@hotmail.com;502025157;Active;0;0
ekleel aljamal;اكليل الجمال;4030408169;مستلزمات المرأة;https://salla.sa/ekleelaljamal;https://instagram.com/ekleel_aljamal;;ekleelaljamal@gmail.com;542494601;Active;0;0
kiyallmoha;خيال موحا;;إلكترونيات واكسسورات;https://salla.sa/kiyallmoha;https://instagram.com/kiyallmoha;https://twitter.com/kiyallmoha;mohh_1990@hotmail.com;507075031;Active;0;0
GODEV;جوديف;;مستلزمات المرأة;https://godevcare.com/;https://instagram.com/godevcare;https://twitter.com/godevcare;godevcare@gmail.com;502210618;Active;0;0
Home Oasis Store;متجر واحة المنزل;;تسويق إلكتروني;https://homeoasis-store.com/;;;support@homeoasis-store.com;558848805;Active;0;0
FDDOO MALL;فدو مول;;تسويق إلكتروني;https://fddoomall.com/;;;fddoomall@gmail.com;562981008;Active;0;0
elite technology;متجر النخبة تك;;إلكترونيات واكسسورات;https://elite-sa.net;;;ayed@gmail.com;532376973;Active;0;0
Lama Almohammed;لمى المحمد;;مستلزمات المرأة;https://salla.sa/lamaalmohammed;https://instagram.com/lamaalmohammed;;lama__h@hotmail.com;565208500;Active;0;0
eleven eleven store;ايليفين ايليفين ستور;1010706246;أخرى;http://www.elevenelevenstore.net;;;halasbussiness0@gmail.com;581298796;Active;0;0
Account PlayStation ;حسابات بلاستيشن;;أخرى;https://salla.sa/accountf;https://instagram.com/mtgrsrb;;xnoodiiy@gmail.com;501997492;Active;0;0
;تسويق الإلكتروني;;تسويق إلكتروني;https://aloevera-a.com/;https://instagram.com/_hooriya_alhashem_;;sfint.alnjat5@gmail.com;542939796;Active;0;0
Royalnails ;اظافر رويال;;كوافيرة و تجميل;https://salla.sa/www.royalnails.com;;;Remas.f77@gmail.com;530404082;Active;0;0
The Bisc0 electronic service store;متجر بيسك للخدمات الإلكترونية;;أخرى;https://bisc0.com/;;;m6l8aaa@gmail.com;597274070;Active;0;0
La vanille;لا فاني;;مطبخ و مخبوزات;https://lavanille.co/;;;Maha@lavanille.co;557772027;Active;10;1
Elite Food Trading;موائد النخبة للتجارة;4030353440;تسويق إلكتروني;https://nokhba.sa;;;afkalam@nokhba.sa;557768822;Active;0;0
SweetStation;مؤسسة منصة الحلا للتجارة;1010685249;أخرى;https://sweetstation.sa/;https://instagram.com/sweetstationco;;info@sweetstation.sa;536909001;Active;0;0
;ستار;1131308653;تسويق إلكتروني;https://s0ke.com/;https://instagram.com/star.kem1;;i7keem123@gmail.com;554457527;Active;0;0
Telefood;تيليفود;5855351229;مطبخ و مخبوزات;https://telefoodsa.com/;;;Abusalh44@hotmail.com;545636105;Active;0;0
jinanalmaa;عسل جنان ألمع ;1010698238;أخرى;https://salla.sa/gnan_almaa?expires=1618574945&identifier=1764217773&utm_source=dashboard&signature=2440a1028c2eeb0c51f0f158afe81293830590ecd201c1be13f3be51a3740485;;;store@jinanalmaa.com;553217336;Active;10;1
Cardamom  Grains;حبة الهيل;4030413851;مطبخ و مخبوزات;https://cardamomgrains.com;https://instagram.com/cardamomgrains;;cardamomgrains@gmail.com;505213880;Active;0;0
Store lorset Digital products;متجر لورست المنتجات رقمية;;تسويق إلكتروني;https://salla.sa/store_lorset;;;Rkgg96@gmail.com;551518251;Active;0;0
niiisb;مؤسسة اناسب التجارية ;1010701212;أخرى;https://www.niisb.com;;;niisb969@gmail.com;504322519;Active;0;0
the best86;ذا بست ٨٦;;أخرى;https://thebest86.com;;;the.best86y@gmail.com;547793586;Active;0;0
966on;ناين سيكس سيكس اون;;تسويق إلكتروني;https://966on.com/;;;Nine66on@hotmail.com;593882841;Active;0;0
ATTRACTIVE SHELVES;متجر رفوف مغريه;;أخرى;https://salla.sa/attractive_shelves;;;leencveeer55@gmail.com;532831847;Active;0;0
Promar;عطر عمر ;1010692397;أخرى;https://pr-omar.com/;;;Moath.o.alshammari@gmail.com;508000006;Active;0;0
ANTHI;أنثيا ستور;;أخرى;https://salla.sa/anthi;https://instagram.com/anthi_store;;f0rever.hs112@gmail.com;504346219;Active;0;0
Marvel oil;زيت اعجوبة ;;مستلزمات المرأة;https://iwtsp.com/s/966504513863;;;gome71902@gmail.com;504513863;Active;0;0
helens;الأكواب الأنيقة;;تسويق إلكتروني;https://salla.sa/helens;;;nouraals21@gmai.com;593503770;Active;0;0
fragrances elegance;متجر الروائح الأنيقة;;تسويق إلكتروني;https://fragranceselegance.com/;https://instagram.com/fragrances.77;https://twitter.com/fragrances77;fragrane.elegance7@gmail.com;553538060;Active;0;0
Salma Perfume Exhibition;معرض عطورات سلمى;4031015169;أخرى;https://akifdahlawi.com;;;Akifaldahlawi@gmail.com;591665528;Active;0;0
Perfumes Lion;عطور لاين ;;تسويق إلكتروني;https://salla.sa/perfumes_lion/redirect;https://instagram.com/perfumeslion;https://twitter.com/PerfumesLion;Ahmad.Ali.alalawi@gmail.com;548934468;Active;0;0
Cosmertic lens freshtone;عدسات فريشتون;;كوافيرة و تجميل;https://salla.sa/freshtone.ksa?expires=1618376186&identifier=895278290&utm_source=dashboard&signature=fed897e951c9a4aca1399dc3dde0ddf72dd29bc4c5c3be84a0bd37c8b8c7912a;;;Jawaher28m@gmail.com;599014575;Active;0;0
;مؤسسة نصف الوقت التجارية;1128185577;أخرى;http://www.halftimee.com;;;alwqtnsf@gmail.com;581614746;Active;0;0
m5 ;مخزن العطور;;أخرى;https://m5-store.com/;;;m5.store@outlook.com;560001572;Active;0;0
capital L;كابيتال أل;1010699076;مستلزمات المرأة;https://capittall.com/;https://instagram.com/capittal.l;;capittal.l.sa@gmail.com;556723010;Active;0;0
;ا عذبة ا;;مستلزمات المرأة;https://salla.sa/sweet_11;;;bandar91256@gmail.com;506634079;Not Active;10;1
DEVS;ديفز;;أخرى;https://devs20.com/;;;Devaperfumes@gmail.com;550060314;Active;0;0
;النوى للتمور ;;تسويق إلكتروني;https://naoua.com/;;;mohammeddkh7@gmail.com;500533989;Active;0;0
SMO store For pubg account;متجر سمو لبيع حسابات ببجي;;تسويق إلكتروني;https://t.me/SMOPUBG3;;;azooz-050-@hotmail.com;532159728;Active;0;0
Bireet;برييت;;كوافيرة و تجميل;https://wa.me/message/VYMYP6OOO3VGK1;https://instagram.com/bireet1;;ssm1414@hotmail.com;501899521;Active;0;0
SSSSjjjjjj;ااافففففكك;;تسويق إلكتروني;https://t.me/BRLEEN_AS;;;ksadtaee22@gmail.com;569141824;Active;5.2;10
Amaal ;امال سبيل السهلي ;;مستلزمات المرأة;https://www.facebook.com/profile.php?id=100041289093395;;;alshlyamal8@gmail.com;597904017;Active;0;0
;مؤسسة كساء الفخامة;4032249057;مستلزمات المرأة;https://salla.sa;;;workb3@gmail.com;544780835;Active;0;0
Shopelegancia;الاناقة شوب;;مستلزمات المرأة;https://salla.sa/store_elegancia;https://instagram.com/shop_elegancia1;;elegancia3028@gmail.com;544291198;Active;0;0
iBrilliance;موقع آي بريليانس;4030385635;أخرى;https://www.iBrilliance.org;https://instagram.com/ibrilliance.sa;;info@ibrilliance.org;501308087;Not Active;0;0
shouqbeautystore;شوق بيوتي ستور;;مستلزمات المرأة;https://shouqbeautystore.sa;;;shouq4353@hotmail.com;550985627;Active;0;0
;رفعه هادي النتيفات ;;مستلزمات المرأة;https://salla.sa/altharbah;;;n3s3r3@icloud.com;552836576;Active;0;0
So Sweet ksa;سو سويت المملكة العربية السعودية;1010694181;أخرى;https://salla.sa/sosweet.ksa;https://instagram.com/sosweet.ksa;https://twitter.com/SoSweetksa1;sosweetcorporation@gmail.com;533177927;Active;10;1
Keok;كيوك;;مطبخ و مخبوزات;https://salla.sa/keok?expires=1618529530&identifier=902884311&utm_source=dashboard&signature=51ac32835e1dd9ad3f4559586693204df4f2018fe62864eb78ccec89164ae5d7;;;nourashed.11@outlook.sa;556239973;Active;0;0
yan perfumes est;مؤسسة يان للعطور;1010693572;تسويق إلكتروني;https://yan.sa/;https://instagram.com/yan.perfumes;https://twitter.com/YanPerfumes;yan.perfumes2030@gmail.com;502602964;Active;0;0
Soft Moon;سوفت مون;;تسويق إلكتروني;https://softmoonsa.com;;;Softmoonsa@gmail.com;583820950;Active;0;0
YellowBoxStores;متاجر الصندوق الاصفر ;1010701419;تسويق إلكتروني;https://yellowboxstores.com/;;;alhumaidhi@windowslive.com;556756337;Active;0;0
frank fort;فرانك فورت;;أخرى;https://frankfortsa.com;;;frankfurt292@icloud.com;550037949;Active;0;0
Codak 3la Moodak ;كودك على مودك ;;حلول إلكترونية;https://moayad1981.wixsite.com/qrc3m;;;moayad_1981@hotmail.com;590679729;Active;0;0
Bany Lam store;متجر بني لام ;2055127835;أخرى;http://banylam.com/;;;tawfiq.al.fadhli@gmail.com;552522237;Active;0;0
samasim kitchen;مطبخ سماسم;;تسويق إلكتروني;https://app.wuilt.com;;;rehamali.s.m@gmail.com;566286069;Active;0;0
Protech stores;متاجر بروتك;4030401725;إلكترونيات واكسسورات;https://protechstores.com/;https://instagram.com/pro.techstores;;iprotech2030@gmail.com;501090980;Active;0;0
Clevard for Digital Marketing Solutions ;كليفرد للحلول التسويق الرقمي;1010694119;تسويق إلكتروني;https://clevard.com;;;info@clevard.com;591559575;Active;0;0
Areeb aloud;اريب العود;;أخرى;https://areebaloud.com/;https://instagram.com/areebaloud;https://twitter.com/areebaloud;areebaloud@gmail.com;500887363;Active;0;0
Healthy dakkan;الدكان الصحي;1122102983;أخرى;https://salla.sa/h_dakkan;https://instagram.com/h_dkkan;;Hdakkan1@gmail.com;501474218;Active;0;0
aseef platform;أسعف;1010659406;خدمات أكاديمية;https://www.as3ef.com/;;;As3efsa@gmail.com;548325659;Active;0;0
THIRTY;ثيرتي;;مستلزمات المرأة;https://salla.sa/thirty?expires=1618520102&identifier=1692777387&utm_source=dashboard&signature=1e0f770223ea3360af0c76166b2562590277fdd58f2be57089d2fda4f5e76f75;https://instagram.com/thirty.saw;https://twitter.com/THIRTY_saw;thirty.saw@gmail.com;550909225;Active;10;5
 Clean Power SA;قوة النظافة ;4700113232;أخرى;http://cleanpower-sa.com/;https://instagram.com/cleanpower_sa;https://twitter.com/CLEANPOWER_SA;telksa4141@gmail.com;560509052;Active;0;0
Aromance;متحر أرومنسي;4031249362;أخرى;https://aromanc.com;;;Alhmymy11@gmai.com;553758927;Active;0;0
Mohammed bin saad;الوسيط محمد بن سعد ;;تسويق إلكتروني;https://haraj.com.sa/1166476063;;;binsaad111@gmail.com;508758450;Active;10;1
Almazyonah;صالح بن مصلح العمري;;مستلزمات المرأة;https://salla.sa/almazyonah.com;https://instagram.com/almazyonah_girl;;almazyonah2030@gmail.com;502418899;Active;0;0
;غير للاستشارات الاسرية والنفسية;;أخرى;http://www.ghier.net/;;;info@ghier.net;502213069;Active;0;0
libaye hisabat bibajiyin w alwasatih;لبيع حسابات ببجي و الوساطه ;;أخرى;https://t.me/amyr1235;;;aabbo6512@gmail.com;500288957;Active;10;1
ALReef Boutique ;بوتيك الريف;;مستلزمات المرأة;https://salla.sa/dressalreef;https://instagram.com/dressalreef;;X4sha_@hotmail.com;556638821;Active;0;0
WHIFFS;متجر ويفز;1010678777;تسويق إلكتروني;https://whiffs.sa/;https://instagram.com/whiffs.sa;;Whiffs.sa@gmail.com;570750990;Active;0;0
tqryr for Information Technology; تقرير لتقنية المعلومات و الفواتير الإلكترونية;4031249364;حلول إلكترونية;https://tqryr.com.sa/;;;info@tqryr.com.sa;555744807;Active;10;7
SB Beauty;اس بي بيوتي;;مستلزمات المرأة;https://salla.sa/shad_beauty;;;Shad36502@gmqil.com;593900646;Active;0;0
appbaye;مؤسسة بيع للتسويق الالكتروني;3350153163;تسويق إلكتروني;https://appbaye.com;;;info@appbaye.com;583741446;Active;0;0
 Strawberry Care;ستروبري كير;4032249061;السيارات;https://ksastrawberrycare.com/;;;strawberrycare.ksa@gmail.com;560075779;Active;0;0
Elegantabaya2;القنت عباية;;مستلزمات المرأة;https://salla.sa/elegantabaya;;;elegantabaya12@gmail.com;549403163;Active;0;0
Ordella;اورديلا;;تسويق إلكتروني;https://salla.sa/ordella_jewelery88;;;Ohodi891@gmail.com;560353045;Active;0;0
 RIVERS MARKETING SOLUTIONS ;مؤسسة أنهار للتسويق الرقمي ;4700111567;حلول إلكترونية;http://www.rivers.sa/;;;BM@rivers.sa;558245122;Active;0;0
RAAN;راان;1010918113;تسويق إلكتروني;https://raanbrand.com;;;raan.20.sa@gmail.com;545588455;Active;0;0
Joymoor;جوي مور;;مستلزمات المرأة;https://joymoor.com/;;;jo.dy2012@hotmail.com;505245864;Active;0;0
Enteqa;انتقاء 1;;مستلزمات المرأة;https://salla.sa/enteqa1;https://instagram.com/enteqa.sa;;D.a.nawal01@gmail.ocm;544886595;Active;0;0
M8fl;مقفل تم تقفيله;;أخرى;https://t.me/twthy;;;3dm2314@gmail.com;501832339;Not Active;2;5
woowlish;نجاح باهر ;;تسويق إلكتروني;https://salla.sa/woowlish?expires=1618500194&identifier=1633020560&utm_source=dashboard&signature=85ddb47c45825fc24870ec7d7153d266cb3cbc5fa24f48f0024d41db4a53ce0e;https://instagram.com/woowlish1;;majed8273@gmail.com;532362588;Active;0;0
Valley;فالي السعودية;;إلكترونيات واكسسورات;https://www.valley-ksa.com;https://instagram.com/valley_ksa;https://twitter.com/valley_ksa;Info.valleyksa@gmail.com;599994877;Active;0;0
Fatorah pro platform ;منصة فاتورة برو;1010634507;حلول إلكترونية;https://fatorah-pro.com;;https://twitter.com/FatorahPro;info@fatorah-pro.com;550744660;Active;10;1
;متجر  ريان العطر للتجارة ;1010706556;تسويق إلكتروني;https://rayanshop.online/;;;hello@rayanshop.online;545606818;Active;0;0
rubeauty;رو بيوتي;;أخرى;https://rubeautys.com;;;ssaduu77@gmail.com;502620767;Active;0;0
alballaa for trading;مؤسسة البلاع التجارة نظارات فرزة;;إلكترونيات واكسسورات;https://www.farzaoptical.com/;;;ahmedmaher@farzaoptical.com;503225050;Active;0;0
Zahba Muhammad Ali Khabrani Trading Est;متجر كلوك وايز ;1010699295;أخرى;https://clockwiseco.com;https://instagram.com/cl_wis;;lamtywn@gmail.com;509794462;Active;10;2
Bee Taste;مذاق النحل;4030414035;أخرى;https://bt-honey.com;;;beetastehoney@gmail.com;536683777;Active;10;1
8qus store;قوس ستور;;أخرى;https://8qus.com;https://instagram.com/8qus_store;;x8qus@hotmail.com;580074711;Active;10;3
rqsh;رقش اس اي;;مستلزمات المرأة;https://salla.sa/rqsh1sa?expires=1618492572&identifier=621538139&utm_source=dashboard&signature=f387fc333fe10dd3818d4ef2a2e80b276171eb40c4ed140e3c619465f55a5ffc;https://instagram.com/rqsh1sa;;rqsh.sa@gmail.com;544562541;Active;0;0
LUFT;لوفت;;أخرى;https://salla.sa/luft;https://instagram.com/luft.sa;;Luft.sa@gmail.com;558060804;Active;10;1
rsmaty;منصة رسمتي;1010699977;الحرف والصناعات اليدوية;http://rsmaty.com/ar;;;info@rsmaty.com;505897070;Active;0;0
layancoom;ليانكم;1010685058;تسويق إلكتروني;https://www.noon.com/saudi-ar/;;;bawazeer34@gmail.com;557093709;Active;0;0
beautshe;بيوتشي;1010632832;مستلزمات المرأة;https://www.beautshe.net;;;info@beautshe.net;564020008;Active;0;0
Bemarca;بي ماركا;2053118421;تسويق إلكتروني;https://bemarca-design.com/;;;Bemarca-design@hotmail.com;563755900;Active;0;0
Sadeen;سدين للعسل و الاغذية الصحية ;;أخرى;https://sadeen-org.com;https://instagram.com/sadeen_org;;Sadeen.org@gmail.com;556931680;Active;0;0
plus take;بلس تيك;4031248978;أخرى;https://www.plustake.com;;;moh-023@hotmail.com;545540731;Active;0;0
Rose for oud;روز للعود;5900126257;أخرى;https://salla.sa/rooz-oud;;;Roz_oud1@gmail.com;558729637;Active;0;0
Tumorna;تمورنا;4030402777;أخرى;https://tumorna.com/;;;tumornaksa@gmail.com;503863023;Active;0;0
 Hello sunshine sa;هاللو سنشاين;;أخرى;https://salla.sa/hello.sunshine;https://instagram.com/hello.sunshine.sa;;Hello.sunshine.Sa@Hotmail.com;567564061;Active;10;1
International Oilfield for trading EST;مؤسسة حقول النفط العالمية للتجارة ;2051041439;تسويق إلكتروني;https://www.oilfieldsmarket.com;;;abosultan-8888@hotmail.com;555083555;Active;0;0
baladiat ghamiga;تنسيق وطباعة;;تصميم وطباعة;https://www.maroof.sa;;;saltanalh2019@gmail.com;548434646;Active;0;0
DSD;وسيط معر;;أخرى;https://maroof.sa/;;;assassin333@gmail.com;547605162;Active;7.3;6
Izzat daouk;عزت الداعوق;4030166563;مستلزمات المرأة;http://www.daouk.store;;;info@daouk.store;541959956;Active;0;0
clicks lab;مختبر النقرات;2050137562;أخرى;https://clickslab.org;;;admin@clickslab.org;539464992;Active;0;0
Your logo is on us;شعارك علينا;;تسويق إلكتروني;https://vm.tiktok.com/ZSJhY38vc/;;;Bothyna166@gmail.com;567141978;Active;0;0
CHEMEX;كميكس;;أخرى;https://salla.sa/chemex.2?expires=1618459290&identifier=877056249&utm_source=dashboard&signature=1d4f0f0c07bc136db15d59f0c1be48d32a53819e33c4066ac0217127d995a7be;https://instagram.com/chemex.2;;Nalablani@hotmail.com;503521282;Active;0;0
YOURSIRass;متجر يور سير لعرض الحسابات ;;تسويق إلكتروني;https://t.me/YOURSIR_Acc;;;BADRSH878@gmail.com;504118745;Active;0;0
GGGG;الحكمي ستور;;تسويق إلكتروني;https://salla.sa/alhakami_store?expires=1618463465&identifier=7864766&utm_source=dashboard&signature=72344538ff0bb9bdc84eb777dfb5dc1edea83495ceeb526ade5e16c57b1f9155;;;khldld899@yahoo.com;595464870;Active;0;0
yemen2;يمن2;;أخرى;https://salla.sa/yemen2;;https://twitter.com/yyumhony;asmaff40@jmail.com;560016989;Active;0;0
Aqhwana;اقحوانه;;تسويق إلكتروني;https://aqhwana.com;https://instagram.com/aqhwana_1;;aqhwanah@gmail.com;504680224;Active;0;0
Faisal bakheet bashah almalki;فيصل بخيت باشه المالكي;;تسويق إلكتروني;https://aqhwana.com;;;aqhwanah@gmail.com;549510100;Not Active;0;0
Exclusive products054;متجر أم ترف;;تسويق إلكتروني;https://www.a0546078z84@gmail.com;;;a0546078z84@gmail.com;546078736;Active;0;0
;متجر ريان الشرق;;إلكترونيات واكسسورات;https://rayan-alshrq.com;;;raeed203055@gmail.com;550931416;Active;0;0
palam ;نخلة الرصافة ;1129104789;تسويق إلكتروني;http://zid.store/6horse/;;;ab.dh1416@hotmail.com;583850114;Active;0;0
Oudliah;العودلية;;أخرى;https://oudliah.com;https://instagram.com/oudliah;https://twitter.com/oudliah;aloudliah@gmail.com;505573170;Active;0;0
tolah and bkor;متجر توله وبخور;;تسويق إلكتروني;https://tolahb5or.com;;;falhasaeed15@gmail.com;553292774;Active;10;6
Gamerstrory Cards;بطاقات قيمر ستوري;;تسويق إلكتروني;https://gamerstory.cards/;;;Support@gamerstory.com;551708466;Not Active;0;0
SF candles ;س ف شموع;;أخرى;https://salla.sa/sf.candles?;;;sf.candles1@gmail.com;504324047;Active;0;0
The best moment ;ذا بيست مومنت;;مستلزمات المرأة;https://vm.tiktok.com/ZSJhNUx8p/;;;Arwafahd77@gmail.com;564545232;Active;0;0
Glow and Go;تألقي و إنطلقي;4030413840;مستلزمات المرأة;Http://www.glowandgostore.com;https://instagram.com/glow.and.go.store;;Glow.and.go.inquiry@gmail.com;561110139;Active;10;1
  Diamond Sky for Medical Services;السماء الماسية للخدمات الطبية;1131313021;تسويق إلكتروني;https://salla.sa/laboffers;;;Abdalwadood2030@gmail.com;547705203;Active;0;0
RahajCoffee;رهج للقهوة ;;أخرى;https://rahajcoffee.com/;;;wseet50@gmail.com;591665573;Active;0;0
Flavor Makers;صناع النكهة;4030358081;أخرى;http://zid.store/flavormakers/;https://instagram.com/fm.eshop;;info@fm-eshop.com;505353496;Active;0;0
Habkah for Arabic coffee;حبكة للقهوة العربية;;أخرى;https://salla.sa/hbkah;;;7bkah.sa@gmail.com;559718687;Active;0;0
Flower Store;متجر فلور;1010697939;مستلزمات المرأة;https://flowerstoresa.com/;;;store.flower9@gmail.com;566573466;Active;0;0
HONEYBEE Store;متجر عسل النحل;;تسويق إلكتروني;https://salla.sa/honeybeestore;https://instagram.com/honeybee_ms;;honeybeestore0@gmail.com;547434301;Active;0;0
Digital Core;النواة الرقمية ;;أخرى;https://salla.sa/digitalcore.com..;;;support@digitalcore.sa.com;536062343;Active;0;0
Amal store for natural mixes;متجر أمل للخلطات الطبيعيه ;;تسويق إلكتروني;https://salla.sa/www_amal.com;;;aaml05444@gmail.com;543737743;Active;0;0
Glonars;جلونار ;;تسويق إلكتروني;https://glonars.com;;;Baarmah84@hotmail.com;500156700;Active;10;2
The Lion Store;ذا ليون ستور;;أخرى;https://thelion-store.com/;;;Thamer12af@gmail.com;502662588;Active;0;0
Fana;فانا;;كوافيرة و تجميل;https://fana2021.com/;https://instagram.com/fashn.sr;;Malllak2021m@gmail.com;553900675;Active;0;0
Mom's coffee;قهوة اأمي;;مطبخ و مخبوزات;https://mapp.sa/coffeear;;;elhamxx44@gmail.com;540867711;Active;0;0
abq alward altaif;عبق الورد الطافي;4032249044;أخرى;https://3bqalwardaltaif.com/#;https://instagram.com/abq_alward_altaif;;soapera3@gmail.com;551167371;Active;0;0
hot sour4;حامض حار;;مطبخ و مخبوزات;https://salla.sa/hotsour?expires=1616898034&identifier=1142264738&utm_source=dashboard&signature=9145da7428c02ccb563e62ada9ecfe0c8e2b6bdef5420f18c86434213a1c7185;https://instagram.com/hotsour4;;hotsour20@gmail.com;536288075;Active;0;0
RACKS SHOP;متجر ارفف;;تسويق إلكتروني;https://racks-shop.com;;;M0548399948@gmail.com;504476629;Active;10;1
Ra7h;راحة;;أثاث وديكور;https://salla.sa/sobat?expires=1618433944&identifier=2032677531&utm_source=dashboard&signature=cb3f7b79318c787d8a3c256bc0d064f9b49be212859998d8a5e8273d07a40f12;;;b.sobat@outlook.com;501199682;Active;0;0
pink Sky Bauty Salon;صالون السماء الوردية للتزيين النسائي;1010563289;كوافيرة و تجميل;https://salla.sa/pink_sky_center;;;pinkskysalon.2030@gmail.com;550884058;Active;0;0
kayishha;كيشها;4030275262;السيارات;https://kayishha.com;;;h.alfatayerji@kayishha.com;560002340;Active;0;0
Petzone Limited Company;شركة بيت زون المحدودة;1010589329;تسويق إلكتروني;https://petzone.com/ksa/;https://instagram.com/petzoneksa;;contact@petzone.com;553886603;Active;0;0
Lynxx;ليينكس;;تسويق إلكتروني;https://salla.sa/lynxpubg;;;Dr-ali2008@hotmail.com;568777276;Active;0;0
;لايوجد عمل;;أخرى;Https://salla.sa/enarataltaqaa;https://instagram.com/enarat_altaqaa;https://twitter.com/enarataltaqaa;azmh55@hotmail.com;533889386;Active;0;0
DEVANO;ديفانو;2050136607;أثاث وديكور;https://devano-sa.com;;;devano.sa1@gmail.com;531372172;Active;0;0
bulbul store for bird;متجر بلبل للطيور;;أخرى;https://salla.sa/bulbul-1;https://instagram.com/hasan14254321;;hasan14254321@gmail.com;540574662;Active;0;0
Maaaw;ماو;;مستلزمات المرأة;http://www.maaaw.com;;;maaaw.com@gmail.com;562934663;Active;0;0
 Dates gardens;بساتين التمر ;1134102454;تسويق إلكتروني;https://dates-gardens.com/;;;datesgardens@gmail.com;500511707;Active;0;0
Rose Gift Shop;متجر روز للهدايا;;أخرى;https://salla.sa/rosegiftshop;;;mnerh_21@hotmail.com;502493194;Active;0;0
OVTOP Store;اوفر توب;1010701300;تسويق إلكتروني;https://www.ovtop.net;;;drbelaldrbel@gmail.com;590565028;Active;10;1
mesksajadat;مسك للسجادات;;أخرى;https://salla.sa/mohgah_1;https://instagram.com/mohgah_1;;ft0_@hotmail.com;503737841;Active;0;0
Hypeiyeezy;ضجيج الييزي;;أخرى;https://salla.sa/hypeyeezy;https://instagram.com/hypeyeezyv2;;Haya.nk566@gmail.com;556847208;Active;10;1
Hadyah;هدية الصالحين;4032249047;مستلزمات المرأة;https://hadyah1.com/;;;Hmood012@gmail.com;594555198;Active;0;0
 mubkharati store;متجر مبخرتي ;;أخرى;https://salla.sa/mubkharati;https://instagram.com/mubkhar.m;;basalamahanas@gmail.com;580560759;Active;0;0
bayan7003;بيان7003;;تسويق إلكتروني;http://www.bayansam.com;;;samibayan17@gmail.com;568539958;Active;0;0
bayan sami albradei;بيان سامي  محمدسعيد شاهر البرادعي;;تسويق إلكتروني;http://www.bayansam.com;;;samibayan17@gmail.com;568539958;Active;0;0
NEEDLEsa;نيدل;;تصميم وطباعة;https://salla.sa/needleesa;https://instagram.com/needleesa;;needleesa@gmail.com;553659597;Active;0;0
Subscriptions;اشتراكات;;أخرى;https://salla.sa/altmimi;https://instagram.com/vv506s;https://twitter.com/2_nzv;Nfan506@gmail.com;581274192;Active;0;0
;متجر قطب السعودية للعناية بالسيارات;;السيارات;https://qtpksa.com;;;abdulmageed-mm@hotmail.com;566906932;Active;0;0
TOHFAH;متجر تحفة;;تسويق إلكتروني;https://tohfahksa.com;;https://twitter.com/Tohfah6;info@tohfahksa.com;577753310;Active;0;0
Section Wow;سكشن واو;;تسويق إلكتروني;https://salla.sa/sectionwow-store;;;MDjeddahstore@gmail.com;560627265;Active;0;0
World of colors;عالم الألوان ;1010696213;تصميم وطباعة;https://salla.sa/faisal.abdullh.com;https://instagram.com/f500ta;;faisalabdullh28@gmail.com;500268729;Active;0;0
learning seekers;التعلم الالكرتوني;;خدمات أكاديمية;https://elearningseekers.com;;;becool@mail.net.sa;556277755;Active;0;0
kshky;كشكيي;;أخرى;https://ksh-ky.com;https://instagram.com/kshkystore;;kshkystore@gmail.com;532907164;Active;0;0
Tsubaki;تسوباكي;;أخرى;https://tsubaki-store.com/;https://instagram.com/tsubaki.store;https://twitter.com/Tsubaki_Store;tsubaki.store.sa@gmail.com;501406899;Active;0;0
iMalakstoree;ملاك ستور ببجي;4030367291;تسويق إلكتروني;https://t.me/iMalakStoree;;;Kareem.sinno@live.com;508581601;Active;4;4
Thamarah Agricultural;ثمرة الزراعية;4030404883;تسويق إلكتروني;https://www.thamarah.sa;https://instagram.com/thamarah_sa;https://twitter.com/thamarah_sa;sales@thamarah.sa;505437566;Active;10;1
ShozBrandz;شوز براندز;;تسويق إلكتروني;https://salla.sa/shozbrandz;;;yengineer9@gmail.com;559963168;Active;0;0
johi market;جوهي ماركت;;أخرى;https://johimarket.com/;https://instagram.com/johi.market;https://twitter.com/JohiMarket;assjohi@gmail.com;560020474;Active;0;0
;القدية للوازم الرحلات;1010600004;أخرى;https://algedya.com;;;bin_basri@hotmail.com;594449353;Active;0;0
Asoo des;آسو للتصميم;;تصميم وطباعة;https://salla.sa/asoo.des;https://instagram.com/asooo.des?igshid=17miy1tl2b26h;;Asia.alblwi@gmail.com;551516439;Active;0;0
Maqam Music;مقام للموسيقى;1010673559;أخرى;https://maqam.io/ar;;;info@maqam-music.net;538636360;Active;0;0
iTHRU;اي ثرو;1010699116;أخرى;https://ithru.net;;;support@ithru.net;567773809;Active;0;0
EOP FREELANCE;أيوب للأعمال الحرة;;تسويق إلكتروني;https://eopfreelance.com/;;;admin@eopfreelance.com;504801396;Not Active;0;0
Atyabazrqaloud;أطياب أزرق الـعـود ;;تسويق إلكتروني;https://atyabazrqaloud.com/;https://instagram.com/atyabazrqaloud;;Momd567@gmail.com;537605505;Active;0;0
The Specialist for Decoration;متجر المختص للديكور;4032241671;أثاث وديكور;https://www.sdecorationsa.com;;;care@sdecorationsa.com;555148347;Active;0;0
Pubg AboSalman;ببجي ابو سلمان;;أخرى;https://t.me/PGSALMAN;;;Abusalmanpg@gmail.com;505600247;Not Active;2;1
has cla;اتش إيه اس كلاسك;;تسويق إلكتروني;https://salla.sa/has-cla;;;hascla196@gmail.com;543984535;Active;0;0
;نكهة الذوق;3453103579;تسويق إلكتروني;https://al-doq.com;https://instagram.com/aldoqstore;https://twitter.com/aldoqstore;assaf3132@gmail.com;503497942;Active;0;0
rchocolate sa;آر تشوكلت;;أخرى;https://salla.sa/rchocolate.sa?expires=1618390408&identifier=1708155051&utm_source=dashboard&signature=b75b57dd3c3038e347ff5bcf11cf4ce859bf93f4e0bf75f16b9901b7120ea6ee&_gl=1*1t7jllt*_gcl_aw*R0NMLjE2MTQwNjU5MzYuQ2p3S0NBaUF5YzJCQmhBYUVpd0E0NC13VzdNREdUdTZCVE9KRkNFZzF5UGJjMkpFQ2NEUHVhMGE4ZGNPdktTaXpXZGxsVzFOUDJnb2dSb0NUTElRQXZEX0J3RQ..;;;rchocolate.sa@hotmail.com;530230562;Active;0;0
JAZAR ALMAZRAH CO;شركة جزار المزرعة للحوم;1010229767;أخرى;https://jazaralmazrah.com/;;;sarah@jazaralmazrah.com;508065030;Active;0;0
Power Fast Wheels;عجلات سريعة القوة;2053118403;السيارات;https://powerfastwheels.com/;;;support@powerfastwheels.com;504841766;Active;0;0
Pixel SA Store;متجر بيكسل سعودي;;حلول إلكترونية;https://www.Pixel-SA.com;https://instagram.com/pixel5_sa;https://twitter.com/Pixel5_SA;info@Pixel-SA.com;504279149;Active;0;0
MALATH PERFUMES;ملاذ العطور;;أخرى;https://salla.sa/malath_perfume;;;j.y.sh@hotmail.com;533648278;Not Active;0;0
sakurKsa;ساكورا السعودية;;مستلزمات المرأة;https://www.sakurksa.com/;;;ebtisam-2@hotmail.com;501899836;Active;0;0
Samattech ;متجر سما تيك;4650227363;حلول إلكترونية;https://samattech.com/;;;samattech1@gmail.com;597552200;Active;0;0
Alatheyah;جلابيات العذية;;أخرى;https://salla.sa/alateyahh;;;Sultan911aa@gmail.com;550281074;Active;0;0
Designs and montages;تصاميم ومونتاج ;;تصميم وطباعة;https://linktr.ee/bymaj;;;bymajdes@yahoo.com;551599978;Not Active;0;0
 alsharqia noor  store;متجر نور الشرقية;2053116160;تسويق إلكتروني;https://vapenoor.com/p/vXwAz;;;mssh2030@gmal.com;567851326;Active;0;0
Aldahar;الدهر;;تسويق إلكتروني;http://www.aldahar.me/;https://instagram.com/aldahar.sa;https://twitter.com/Aldahar_sa;aldahar.co@gmail.com;551442939;Active;0;0
PerfectAccounts0;حسابات متميزه;;أخرى;https://t.me/lilFun11;;;zz_-_xx@hotmail.com;535962315;Active;2;6
;عنايتي الكاملة ;;مستلزمات المرأة;https://salla.sa/s.e21.sa;;;S.E21@outlook.sa;595424119;Not Active;0;0
ebaiyaa;عبيييه;;مستلزمات المرأة;https://salla.sa/ebaiya;https://instagram.com/ebaiya_1;https://twitter.com/ebaiya_1;ebaiya22@gmail.com;591274579;Active;0;0
mince store;متجر مينس;4030413334;مستلزمات المرأة;https://mince0.com/;https://instagram.com/mince_sa;https://twitter.com/mince_sa;miince.00@gmail.com;503821363;Active;0;0
vero amore;فيرو آموري;;أخرى;https://salla.sa/veroamore.com?expires=1618369497&identifier=776206990&utm_source=dashboard&signature=64de01f070bd886759dea15796a81d85a1b705785d46dcecef80489b444d6004;https://instagram.com/vero.amore20;;veroamore41@gmail.com;565542779;Active;0;0
 bergamot parfum;عطور برغموت ;;أخرى;https://www.maroof.sa;;;alwakeeldedign@gmail.com;548888477;Active;0;0
abdullah hamed soliman kassar;عبدالله حامد سليمان كسار;;مستلزمات المرأة;https://mlk-beauty-shop.com;https://instagram.com/mkl.beauty.shop;;mlk.beauty.shop@gmail.com;541304079;Active;0;0
treperstore ;متجر تريبر;;إلكترونيات واكسسورات;https://treperstore.com/;;https://twitter.com/treper_sa;treper.ksa@gmail.com;503910223;Active;10;1
 oil taj aljamal;زيت تاج الجمال;;مستلزمات المرأة;https://iwtsp.com/966565140461;;;taj.aljamal3@gmail.com;565140461;Active;0;0
Mtjr rshah;متجر رشه;;تسويق إلكتروني;https://salla.sa/rshah;https://instagram.com/mtjr_rshah;;rrshhah@gmail.com;557877886;Active;10;1
mango jazan1;متجر مانجو 1;;مطبخ و مخبوزات;http://mango-jazan.com;;;mangoksa1@gmail.com;583801076;Active;0;0
Noor style ;نورستايلي;;مستلزمات المرأة;https://salla.sa/style10;;;najmahalshrari@gmail.com;500249035;Active;0;0
Cups and coffee supplies ;أكواب و مستلزمات القهوة;;أخرى;https://salla.sa/deerstore2?expires=1616259833&identifier=1583630774&utm_source=dashboard&signature=4d87f61a1663ed0eba7446ebb8af23da2a1e94969f00d16cda539d99effafb75;;;Deer2store@gmail.com;541976310;Active;0;0
dropping off customer to the airport ;توصيل المطار ونقل المعتمرين ;4031249036;السيارات;https://salla.sa/karwa/;;;hamed.university1@gmail.com;552491391;Active;0;0
tashlih aldaman;تشليح الضمان ;1131039322;السيارات;http://tashlih-aldaman.com/;;;Jeep.757@hotmail.com;555301201;Active;0;0
;الكرم للعود;;تسويق إلكتروني;https://salla.sa/kad4.9;;;kemo0o167@gmail.com;552355977;Active;10;3
GgjshiidNothing;لاشي ابدا;;تسويق إلكتروني;https://t.me/maxsshop77;;;abonasernnnn@gmail.com;500000000;Not Active;0;0
Thunaey  electronics;ثنائي للاكترونيات;;تسويق إلكتروني;https://thunaey.com;;;OOMM1412@gmail.com;590777904;Active;0;0
TOAN APPAREL;مؤسسة ثياب الشهرة للتجارة;2050144447;أخرى;https://www.toanapparel.com/;https://instagram.com/toanapparel;;z3z3s@live.com;596770100;Active;0;0
randomx;راندوم أكس ;;أخرى;https://salla.sa/upto?expires=1618355797&identifier=1200856492&utm_source=dashboard&signature=3f2f4ce7f57ad87cc9e6e80b5027e28bb67c51793a2a73028c2277ede358f63c;https://instagram.com/official.randomx;;upto@randomx.co;503056523;Active;0;0
;الدانة بيوتي;;مستلزمات المرأة;https://salla.sa/aldanah-beauty;;;aldanah-2030@hotmail.com;503302434;Active;0;0
;أول حساب لبيع المانجا بالعربي  الباحة الشعراء  ل;;أخرى;https://wa.me/966550996601;;;mr9382162@gmail.com;550996601;Active;0;0
Abha;أبهى;;الحرف والصناعات اليدوية;https://salla.sa/abhacare?expires=1618352773&identifier=2147306162&utm_source=dashboard&signature=688d21743ab1173bb0fdda1a5f4c5f8d80f5c10e94c703937cc523c3b79916f6;https://instagram.com/abhacare21;;safih.9595@gmail.com;553983633;Active;0;0
almada alakher;مؤسسة المدى الاخير للمقاولات العامة;4032249024;أخرى;https://jedariat.com;;;jedarait@gmail.com;503969868;Active;0;0
FATIMH HASAN ALAMRI;فاطمه حسن العمري;;تسويق إلكتروني;https://salla.sa/barawh;;;barawh701@gmail.com;502199381;Active;0;0
VenomStore;متجر فنيوم ;;تسويق إلكتروني;https://venomstores.com;;;venomdesigner7@gmail.com;548975406;Active;0;0
goraa;جرعة;;أخرى;https://salla.sa/goraa.com;;;s.t.m-1220@hotmail.com;550896600;Active;0;0
Ahlam Beauty store ;متجر احلام بيوتي;;مستلزمات المرأة;https://ahlambeautystore.com/;https://instagram.com/ahlambeauty77;;Ahlambeauty77@hotmail.com;544789122;Active;0;0
3pElegant;ثري بي ايليجينت;4030376526;أخرى;https://3pelegant.com/;;;threeppps333@gmail.com;548312256;Active;0;0
digital book sale;بيع كتاب رقمي;;تصميم وطباعة;https://salla.sa/sweaileh;;;Swellhzz87@gmail.com;535583181;Active;0;0
;متجر فلانك ستور;;تسويق إلكتروني;http://flank-store.com;;;hassan.geran.077@gmail.com;535252347;Active;10;5
alwkri;الوكري;;حلول إلكترونية;https://alwkri.com;;;mmssz1413@gmail.com;532891210;Active;0;0
your perfume;متجر يور برفيوم;;أخرى;https://salla.sa/yourperfume1;https://instagram.com/your_perfume8;;aabwb64@gmail.com;509081533;Active;0;0
;مؤسسة العلاج الشامل التجارية;1010710317;أخرى;https://anahia.com;;;tjarrah@totalcure.biz;539070777;Active;0;0
;بيع الاجهزة الكهربائية المنزلية ;4030202058;أخرى;https://.te-fix.com;;;naif5551854@gmail.com;591199559;Active;0;0
mansa mosa;مانسا موسى;4650228686;أخرى;https://www.mansamosa.com;;;abdulaziz.noor@live.com;542424989;Active;0;0
Cloud Plus;كلاود بلس;;أخرى;https://cloudplus4u.com;;;razx880@gmail.com;540292392;Active;0;0
all traders for electronic marketing;موقع كل التجار للتسويق الالكتروني;4650212848;تسويق إلكتروني;https://all-traders.com/;;;alltradersk@gmail.com;502795795;Active;0;0
By Rahad Studio;مؤسسة رهد فهد غزاوي للتصميم الداخلي و المقاولات;;أثاث وديكور;https://www.by-rahad.com;https://instagram.com/by.rahad;;by.rahad@gmail.com;550504024;Active;0;0
SEERA SILVER SHOES EST;موسسة سيرة الفضية للاحذية ;4030200731;أخرى;https://www.seera-sa1.com;;;seera-2030@hotmail.com;535354119;Active;0;0
Smart play;اللعب الذكي;;أخرى;https://salla.sa/smart_play;;;almulhem@ymail.com;554922722;Active;0;0
Lion Teco for IT Services;تقنيات الأسد لخدمات تقنية المعلومات;;حلول إلكترونية;http://lionteco.com;;;info@lionteco.com;569668176;Active;0;0
Alamirh;الاميره;;أخرى;https://salla.sa/store_alamirah?expires=1618347524&identifier=1900418846&utm_source=dashboard&signature=e64590c46b3df7492d7a6a3f878dfb87aef8a9954637e4644446c0db6089a8bd;;;Fatoom02ksa@gmail.com;531476401;Active;0;0
Digital products for photography and design;منتجات رقمية في مجال التصوير و التصميم ;;أخرى;https://salla.sa/courses11;;;talalalhammoud3@gmail.com;593681438;Active;0;0
7tones;سبع نغمات;4650223926;مطبخ و مخبوزات;http://7tones.net;https://instagram.com/maxabi.sa;;sa7tones@gmail.com;566640868;Active;0;0
;مؤسسة جوهرة العدسة للتجارة;1010472865;حلول إلكترونية;https://lindalenses.com/;https://instagram.com/lindalenses;;info@lindalenses.com;580374444;Active;0;0
Ali Hussain Alqahtani ;علي حسين عبدالهادي ضباح القحطاني ;1010563129;تسويق إلكتروني;https://awqyah.com/;;;3lwwka@gmail.com;562095025;Active;0;0
Kadammat;خدمات اكاديميه طلابيه;;خدمات أكاديمية;http://zid.store/ktulabyh/;;;ktulabyh@gmail.com;534200959;Active;0;0
Nuts Connoisseur;كونيسر;1010672504;مطبخ و مخبوزات;https://www.nuts-connoisseur-ksa.com;https://instagram.com/connoisseur_ksa;;nutsconnoisseur@gmail.com;563061068;Active;0;0
;هوى العود والعطور;5851875718;تسويق إلكتروني;https://salla.sa/hawa_1oud;;;Bdahalshranee123@gmail.com;543267010;Active;0;0
Kuwaiti fabrics;اقمشة كويتية;;أخرى;http://www.kuwait-fabric.com/;;;maaaabbb140@gmail.com;558228216;Active;0;0
Etrak AlSafi website;متجر عطرك الصافي;1010405819;أخرى;https://etrakalsafi.com/;https://instagram.com/etrakalsafi;;alsafiperfume@gmail.com;504100677;Active;0;0
Saif;فلير ستور;;أخرى;https://salla.sa/flare-store;;;Sa_if_501@yahoo.com;533431811;Active;0;0
Lamor Store;متجر لامور لبيع حسابات ببجي;;أخرى;https://t.me/lamorstore;;;Lujainfahad76@gmail.com;556618755;Active;0;0
;متجر جنة الحدائق;1131312103;أخرى;https://jnnah.com/;https://instagram.com/jnnah_sa;https://twitter.com/jnnah_sa;Jnnah2021@gmail.com;503958044;Active;0;0
Hand games;العاب اليد;;الحرف والصناعات اليدوية;https://hand-games.myshopify.com/;https://instagram.com/hand_games_;;dvxb522@gmail.com;581204605;Active;0;0
Lulwah headbands;أطواق لولوة;;الحرف والصناعات اليدوية;https://salla.sa/lulwah.headband;https://instagram.com/lulwah.headbands;;Anwar.alsayed@outlook.com;580820489;Active;0;0
;تنسيق حدائق و تصميم جلسات خارجيه مودرن ;;أخرى;https://5fec3bef36513.site123.me/;;;Zahretalbostan10@gmail.com;538890616;Active;10;1
;برمجة منصات إلكترونية;4030413798;حلول إلكترونية;https://www.althara2030.com;;;althara2030@gmail.com;544688899;Active;0;0
Bestshow919;افضل عرض;;أخرى;https://salla.sa/best_show/pending_orders;;;aag919@live.com;543684253;Active;0;0
ABAYA1122;عبايه فلور;;أخرى;https://salla.sa/com.flow.er6351;;;Rhoom_alz@hotmail.com;541531314;Active;0;0
Aghrab;أغراب;;أخرى;https://salla.sa/aghrab;https://instagram.com/aghrab_sa;;sultanakeeli@gmail.com;544600663;Active;0;0
Freesia Perfumes;فريزيا للعطور ;;أخرى;https://salla.sa/freesia_fragrance;https://instagram.com/fre.perf;https://twitter.com/FreesiaPerfumes;fre.perf@gmail.com;595796111;Active;0;0
;مجوهرات عقد النخبة;1010478969;أخرى;https://jeweleryen.com;https://instagram.com/jeweleryen;https://twitter.com/JeweleryEN;jeweleryen@gmail.com;500800218;Active;0;0
Ababel Store;متجر أبابيل;;أخرى;https://salla.sa/store_ababel;;;Ababel.store1@gmail.com;546766647;Active;0;0
specical one;سبيشل ون;;أخرى;https://salla.sa/special.1;https://instagram.com/_special1.one;;1spicial.one@gmail.com;500869309;Active;0;0
Skyforst;سكاي فورست;;تسويق إلكتروني;https://skyforst.com/;;;xgamer8000@gmail.com;536405645;Active;0;0
Abdullah bin Ibrahim AlOtaibi Car Maintenance Est;مؤسسة عبدالله بن ابراهيم العتيبي لصيانة السيارات;1010519202;السيارات;http://maroof.alateebe.com.sa;;;mwsshlltjarh@gmail.com;582742601;Active;0;0
stor crystal;متجر كريستل;;مستلزمات المرأة;https://salla.sa/crystal22.com;https://instagram.com/stor_crystal;https://twitter.com/stor_crystal;3yooshee@gmail.com;554102771;Active;0;0
givingsa;قيفينق;1010932105;أخرى;https://giving-sa.com;;;bashayeralsheddi@gmail.com;535330633;Active;0;0
Alshammasi Furn;مفروشات الشماسي;2050057303;أثاث وديكور;https://www.alshammasifurn.com;https://instagram.com/alshammasifurn;https://twitter.com/Alshammasifurn;contactus@alshammasifurn.com;548554222;Active;0;0
URSTORE;يورستور;;إلكترونيات واكسسورات;https://urstoresa.com;https://instagram.com/openedstore4u;;Rood.3x1@gmail.com;500491399;Active;0;0
Gulf Pixels For Product Photography;بكسل الخليج لتصوير المنتجات;;تصوير;https://www.gulfpixels.com;https://instagram.com/gulfpixels.photo;;contact@gulfpixels.com;508083038;Active;0;0
Thamaratalsalla;ثمرات السلة;4030385823;تسويق إلكتروني;https://www.thamaratalsalla.sa.com/;;;thamaratalsalla@gmail.com;566797933;Active;0;0
rabab abubaker alshairi;رباب أبوبكر بلغيث الشاعري;;أخرى;https://www.rabroba.com;https://instagram.com/raboba44;;rubybusiness90@gmail.com;554144579;Active;0;0
;مكس ستور;;إلكترونيات واكسسورات;https://salla.sa/mix.store;;;munwwa3@gmail.com;504168635;Active;0;0
amyal store;متجر أميال;;تسويق إلكتروني;https://amyal-store.com/;https://instagram.com/amyal.jewelry;https://twitter.com/amyal_store;sales@amyal-store.com;533588994;Active;0;0
oneVone;ون في ون ;1010699932;إلكترونيات واكسسورات;https://www.onevone.co;;;oneVone.Store@gmail.com;502300583;Active;0;0
PUBG account sale channel;قناة بيع حسابات ببجي 1;;تسويق إلكتروني;https://t.me/joinchat/ibme60Bvpt9lYzQ0;;;Mater119sau@gmail.com;552838491;Active;0;0
MnwahAbaya;عبايات منوه;;مستلزمات المرأة;https://salla.sa/solarabaya1;;;meeem_qh11@outlook.sa;561054767;Active;0;0
Zidtech;زد تيك;;إلكترونيات واكسسورات;https://zid.store/zidtech;;;aziz.tayeb@gmail.com;591330906;Not Active;0;0
dahab altabiea;ذهب الطبيعة;;أخرى;https://salla.sa/dahab_altabiea;;;dahabaltabiea2030@gmail.com;503205163;Active;0;0
Ghaith Art;غيث آرت;4030385975;تصميم وطباعة;https://ghaithsa.com;;;coffeedropsa@gmail.com;566977337;Active;0;0
the pink stuff store;متجر منظف ذا بينك ستاف السحري ;;أخرى;https://salla.sa/thepinkstuff.sa;https://instagram.com/thepinkstuff.sa;;lujain.business101@gmail.com;556040708;Active;0;0
tamm store;متجر تم للتسوق;;أخرى;https://tammstore.net/;;;pilot.fs@hotmail.com;598085039;Active;0;0
Earob;يعرب;;أخرى;https://salla.sa/earob;;https://twitter.com/_m772d;Emkkg10@gmail.com;502159684;Active;0;0
D3jem;دعجم ;;تسويق إلكتروني;https://salla.sa/d3jem;;;Bendageem@gmail.com;539255502;Not Active;0;0
Little Land;المدينة الصغيرة;;مستلزمات المرأة;https://salla.sa/littleland;;;Little__Land@outlook.com;557813398;Active;0;0
Mohammed Alhuwaysin;محمد الهويسين;;تصوير;https://malhuwaysin.com/;;;m.alhuwaysin@gmail.com;532443432;Active;0;0
abdulmalik altaysan;عبدالملك التيسان;;أخرى;https://s.salla.sa/products;;;malik.m.t.1990@gmail.com;567040466;Active;0;0
abyah athar;اذار للعبايات;;مستلزمات المرأة;https://abyah-athar.com;https://instagram.com/abyah_athar;;abyahathar@gmail.com;500190803;Active;0;0
;الفيصل ستور;;أخرى;https://salla.sa/f2021;;;alfaisalstore7@gmail.com;565681805;Active;0;0
Roshenaloud;روشن العود;4030410173;أخرى;https://roshenaloud.com;https://instagram.com/roshen.aloud;;roshen.aloud@gmail.com;544844611;Active;0;0
lieden;ليدن;1010454306;أخرى;https://leidenksa.com/;;;leiden.ksa@gmail.com;555504129;Active;0;0
;أسيمنس;2055130234;أخرى;https://s.salla.sa/acmence;;;aaacmence@gmail.com;505862653;Active;0;0
Moja;موجا;;تسويق إلكتروني;https://salla.sa/moja.socks;https://instagram.com/moja.socks;https://twitter.com/MojaSocks;moja.fashion2002@gmail.com;576587007;Active;0;0
Clix;كليكس;2050117605;تسويق إلكتروني;https://clixgaming.com;;;Info@clixgaming.com;530160010;Active;0;0
Lamolina;لامولينا ;;مطبخ و مخبوزات;http://wa.me/966501816797;https://instagram.com/lamolina.sa?igshid=1deswch2nkhk8;;Lamya1122@outlook.com;501816797;Active;0;0
Weam Hamid ALnakhli;وئام حامد حمدان النخلي;;مستلزمات المرأة;https://mapp.sa/twryd;https://instagram.com/mtjrtwryd;;milaaa1115@gmail.com;551770974;Active;0;0
Roze breezes;نسائم الورد والطيب;;أخرى;https://salla.sa/rose-breezes;;;Roze-breezes@hotmail.com;500599974;Active;0;0
VIEW LETINO;في لاتنيو;;أخرى;https://salla.sa/view_latino;;;moathas008@gmail.com;555357877;Active;0;0
HalSweet;حلى سويت;1010691567;مطبخ و مخبوزات;https://halsweet.com;https://instagram.com/halsweet.sa;;halsweet.com@gmail.com;556123173;Active;0;0
Reemango;ريمانقو;;الحرف والصناعات اليدوية;https://salla.sa/reemango;https://instagram.com/remango0;https://twitter.com/remango0;Reemango2020@gmail.com;505854898;Active;10;2
Jarrah Electronic Store ;متجر جراح ;4030398897;أخرى;https://jrahstore.com/;https://instagram.com/jrahstore;;info@jrahstore.org;559962951;Active;10;1
Delight4u;ديلايت فور يو;;تصميم وطباعة;https://delight-4-u.com/;;;besat001@gmail.com;541447790;Active;0;0
Showbisha;سناب عروض بيشة  ;;تسويق إلكتروني;https://www.snapchat.com/add/show.bisha;;;Mjahd6000@gmail.com;550004679;Active;0;0
matjar haybah;متجر هيبة;;تسويق إلكتروني;https://t.me/matjar_haybah;;;matjar.haybah@gmail.com;536405103;Active;0;0
pilot;بايلوت لزينة السيارات ;;السيارات;https://salla.sa/pilot.www.com;;;saaud2773@gmail.com;530945476;Not Active;0;0
4ever 1;فور ايفر 1;;أخرى;https://t.me/Yaaqob_s;;;alwdani2233@gmail.com;532134983;Active;0;0
WasetaNad;وسيطة ناد;;تسويق إلكتروني;https://twitter.com/wasetanad?s=21;;https://twitter.com/WasetaNad;Njoud95sh@outlook.com;533528280;Active;10;2
Do7a;دوحا;;تسويق إلكتروني;https://salla.sa/doha1;https://instagram.com/8.quarter;;Alkng.gge@gmail.com;533513105;Active;0;0
Alreem Cofee;قهووة الرريم ;;مطبخ و مخبوزات;https://www.snapchat.com/add/khtl_lrym21;;;nnoorroo@aicloud.com;506008103;Active;0;0
Life Scent;لايف سينت;;أخرى;https://lifescentksa.com;;;LifeScentKSA@gmail.com;549255502;Not Active;0;0
Pool Shop;مسباح مستقبل ;;إلكترونيات واكسسورات;https://salla.sa/2030_sb_ksa;https://instagram.com/2030_sb_ksa;;mhrjjenv@gmail.com;564107928;Active;0;0
Sit;عطور صيت;;أخرى;https://salla.sa/by.sit;;;ead.sit.94@gmail.com;559964237;Active;0;0
Breathless ;بريثليس;;أخرى;https://salla.sa/breathless?expires=1618275270&identifier=1954652951&utm_source=dashboard&signature=fdc911ca2d2870b67dfb462da00ffb4368ae72479817b7e29dccbb364f4d8dfc;https://instagram.com/breathless.sa;https://twitter.com/BreathlessSa;khozamaalkhamis11@gmail.com;548373179;Active;0;0
Khannh Alteeb;خنة الطيب ;1010706845;تسويق إلكتروني;https://salla.sa/khannh-alteeb;;;ibrahiim502@icloud.com;592804484;Active;0;0
World of women;المرأة عالم;;مستلزمات المرأة;https://salla.sa/women.com;;;omsajo205@gmail.com;502266275;Active;0;0
Betal;بيتال;4030326739;تسويق إلكتروني;https://salla.sa/petal.sa21;;;Petal.sa21@gmail.com;543417017;Active;0;0
;قناة المملكة للوساطة وعرض الحسابات;;حلول إلكترونية;https://t.me/de_vn5;;;Satwah1410@gmail.com;503544669;Active;0;0
Goldenn store;قولدن ستور1;;أخرى;https://salla.sa/gentles;;;moneeffaiz@gmail.com;503206204;Active;10;2
Shahdan;متجر شهدان للعسل;1010661549;أخرى;https://Shahi-sa.com;;;helpshahisa@gmail.com;501301419;Active;0;0
wavy drop;قطرة مموجة;4030411774;أخرى;https://wavydrop.com/;https://www.instagram.com/wavydrop.sa/?igshid=xf3r5i375khr;;m7sen.bs@gmail.com;544850887;Active;0;0
GOLDEN MOON;متجر القمر الذهبي;;مستلزمات المرأة;https://salla.sa/moon577775;https://instagram.com/moon577775;https://twitter.com/moon577775;moon577775@gmail.com;503628630;Active;0;0
Ram grape leaves;ورق عنب رام ;;مطبخ و مخبوزات;https://salla.sa/ram_store;;;Mf0509463414@gmail.com;509463414;Active;0;0
BlindSpotStore;متجر بلندسبوت ستور;;تسويق إلكتروني;https://t.me/BlindSptoStore;;;fai9al00.f12@hotmail.com;580016795;Not Active;8.8;55
Alwan home care;متجر ألوان لرعاية المنزل;1016100196;أخرى;http://salla.sa/alwan2021.com;;https://twitter.com/m3m8PcbXz3AN3vM;mbm1495@gmail.com;583002762;Active;0;0
KOTHBAN ALMSK;كثبان المسك;4031249197;تسويق إلكتروني;https://salla.sa/kothban.com;https://instagram.com/kothban_almsk11;;yasser_14302009@hotmail.com;502655647;Active;0;0
;بوابة الرس للتسويق الالكتروني ;1132112233;تسويق إلكتروني;https://www.alrassgate.com;;;alrassgate@gmail.com;539364887;Active;0;0
Aster store ;استر للهدايا و الورد;1129103627;أخرى;https://zid.store/aster-a9;;;asterflowers.a9@gmail.com;550988158;Active;0;0
For Last Store;متجر فور لست;;تسويق إلكتروني;https://t.me/Clan4L;;;vpmz2281@gmail.com;553757966;Not Active;0;0
Rahomful;رهومفول;1010699075;أخرى;https://rahomful.com/;https://instagram.com/rahomful;https://twitter.com/rahomful;rahomful@gmail.com;503765456;Active;0;0
matagertek;متاجر تيك;;تسويق إلكتروني;http://matagertek.com/;;;matagertek.sa@gmail.com;500220829;Active;0;0
T1 Store ;متجر تي ون للساعات والعطور ;;إلكترونيات واكسسورات;https://mapp.sa/t_1;;;Ab.778889@gmail.com;553371307;Active;0;0
snamApp;تطبيق سنام سوق الإبل الذكي ;1010628925;تسويق إلكتروني;https://www.snam.sa/;;;info@snam.sa;533202606;Active;0;0
;التواصل الذكي الإتصالات;1010647037;أخرى;http://zid.store/smartcommunication/;;;altawsel3@gmail.com;555564593;Active;0;0
Table store;متجر طاولة الإلكتروني;1010699852;تسويق إلكتروني;http://tablestore.net/;;;info@tablestore.net;505525411;Active;0;0
 Mima beauty;ميما بيوتي;;مستلزمات المرأة;https://vm.tiktok.com/ZSJMFWeRw/;;;mlmuteri@gmail.com;501424910;Active;0;0
Athr Store for Shoe;متجر أثر للمستلزمات الرجالية;;الحرف والصناعات اليدوية;https://salla.sa/athr.com;https://instagram.com/atthhrr;;salghamdi63@gmail.com;565046506;Active;0;0
COFIQUE STORE;متجر كوفيك;;أخرى;https://t.me/cofique0;;https://twitter.com/COFIQUE2;F2-abusaleh2@hotmail.com;562617706;Active;9.9;18
khailn;تطبيق كحيلان للصيانة المنزلية;;أخرى;http://www.khailn.com;;;admin@khailn.com;500774877;Active;0;0
Green apple fragrant;عطارة التفاح الأخضر;5950028096;تسويق إلكتروني;https://gr-apple.com/;;;3bua7m3d@gmail.com;531014154;Active;0;0
cup and coffee store;محل كوب وبن للخدمات الغذائية;4030402375;أخرى;https://zid.store/cupcoffee/;;;cupandcoffee2021@gmail.com;566132858;Active;0;0
Wood Maker ;صانع الاخشاب ;;الحرف والصناعات اليدوية;https://salla.sa/wood_maker1;;;al-dandan@hotmail.com;557205132;Active;0;0
wuwsa;دبليو يو دبليو السعودية;1010512625;إلكترونيات واكسسورات;https://wuwsa.com;;;alnahdicorner@hotmail.com;502863381;Active;0;0
A8T;اي ايت تي;;تسويق إلكتروني;https://a8tstore.com/;;;store.a8t@gmail.com;504151581;Active;0;0
Modren Shoes;مودرين شوز;;تسويق إلكتروني;https://salla.sa/modrenshoes;https://instagram.com/modrenshoes.kz;;Modrenshoes.kz@gmail.com;544982201;Active;0;0
Quinn touched him;لمسة كوين;;مستلزمات المرأة;https://salla.sa/alprens55;https://instagram.com/alprens_55;;abo.mtab.2009@hotmail.com;566728811;Active;0;0
Amowaj Services;منصة أمواج للخدمات ;2053112530;حلول إلكترونية;https://www.amowaj.com;;;info@amowaj.com;508083038;Active;0;0
The rankers;المصنفين ;;أخرى;https://t.me/THERANKER;https://instagram.com/a7medxpg;;Al-ssamry@hotmail.com;533060585;Active;0;0
Rabea Films;أفلام ربيع;;تصوير;https://www.sultanrabea.com;https://instagram.com/rabea_films;;sultamdi@gmail.com;552315382;Active;0;0
;شركة الخليج الرائدة للصناعة;1010679008;أخرى;https://www.kri.com.sa;;;Akalshareef314@gmail.com;542729294;Active;0;0
Ready clothes and bags;فارفالا;3400119649;تسويق إلكتروني;https://t.me/farfalla20200;https://instagram.com/farfalla20200;;farfalla1397@hotmil.com;502693697;Active;0;0
AlRayan Store;متجر الريان;;إلكترونيات واكسسورات;https://salla.sa/alrayanstore;https://instagram.com/aloli9;;o-a-o2008@hotmail.com;548109236;Active;0;0
AS STORE2;اي اس ستور;4030410754;أخرى;https://aasstore.com/;;;taz2233445@gmail.com;537235296;Active;0;0
bubblers diving;صناع فقاعات الغوص;1010699826;أخرى;https://www.bubblersdiving.com;https://instagram.com/bubblers_diving;https://twitter.com/DivingBubblers;sales@bubblersdiving.com;533579170;Active;0;0
;مؤسسة افق المدينة للتجارة;4650212585;تسويق إلكتروني;https://she3n.com/;https://instagram.com/sh3en__;;est.mdina@gmail.com;547423867;Not Active;0;0
Perfum Oasis ;بيرفوم واسيس ;;أخرى;https://salla.sa/perfumoasis.com;https://instagram.com/parfum.oasis1;https://twitter.com/parfum_oasis;Parfum.Oasis1@gmail.com;503337904;Active;10;1
BUN COFFEE;شجرة بن ;4030413953;تسويق إلكتروني;https://www.buncoffeesa.com;https://instagram.com/buncoffeesa;https://twitter.com/Buncoffeesa;buncoffee.ksa@gmail.com;570570896;Active;0;0
TZN electronic;تزن للالكتونيات;;إلكترونيات واكسسورات;https://haraj.com.sa/users/tzn009;;;tzn009@hotmail.com;570591600;Active;0;0
Velonia Store;متجر فيلونيا;;أخرى;https://salla.sa/veloniasa;https://instagram.com/veloniasa;;Veloniasa@gmail.com;503034898;Active;0;0
Goldentag;قولدن تاق;;تسويق إلكتروني;https://salla.sa/golden.tag;https://instagram.com/goldntag;;Goldntag@hotmail.com;502315034;Active;0;0
Oen Roof;ون روف;1010699758;تسويق إلكتروني;https://1ne-roof.com;https://instagram.com/oneroofsa;https://twitter.com/oneroofsa;1roof.sa@gmail.com;581580015;Active;0;0
coffee today ;قهوه اليوم;;مطبخ و مخبوزات;https://salla.sa/todays.coffee;;;todays.coffee7@gmail.com;546457343;Active;0;0
7arfoud;مؤسسة حرف للعطور;1010685198;أخرى;https://7arf.sa/;;;harfoud@gmail.com;509094646;Active;0;0
Spot store;سبوت ستوري;;تسويق إلكتروني;https://spot-store-perfume-store.business.site/;;;Spotstore88@gmail.com;502503826;Active;0;0
AmberStore;متجر آمبر;;تسويق إلكتروني;https://amberstore.org/;;;Amberstoreo.org@outlook.com;538348964;Active;0;0
Beauty avenues;بيوتي افنيوز;;مستلزمات المرأة;https://salla.sa/beauty_avenue;;;beauty.avenues6@gmail.com;505646825;Active;0;0
tera CIT;تيرا للاتصالات وتقنية المعلومات;4030366844;حلول إلكترونية;https://www.tera-cit.com/;;;info@tera-cit.com;555179621;Active;0;0
Ad Astra;اد استرا;4030390468;تسويق إلكتروني;https://adastra-therapy.com/;;;therapysucess@adastra-therapy.com;560457591;Active;0;0
;التجارة على الانترنت;;تسويق إلكتروني;https://salla.sa/artsfann.;;;yazan1501@gmail.com;503677322;Active;0;0
;عين للمراقبة الأمنية;1010451641;إلكترونيات واكسسورات;https://salla.sa/security_cam?expires=1618232945&identifier=184776646&utm_source=dashboard&signature=a484123ee22daf4d6bc79886ec9e03805edd1e5e0e53ef7d82ef620a3d484504;https://instagram.com/security_cam1;https://twitter.com/security_cam1;b3c.q14@gmail.com;555085017;Active;0;0
MayStore;متجر مايو;;أخرى;https://maystoree.com/;https://instagram.com/may.store.18;;maaystore.18@gmail.com;503983135;Active;10;1
Goffat Almadina;قفة المدينة;1010297222;مطبخ و مخبوزات;https://www.goffatalmadina.com;;;info@goffatalmadina.com;557970012;Active;0;0
Candle made;صناعة الشموع;;الحرف والصناعات اليدوية;https://salla.sa/af_candle_.com;https://instagram.com/af_candle_;;Iaisha5@outlook.sa;530356671;Active;0;0
Accounts bubg mobile for sell;حسابات ببجي للبيـع ء;;أخرى;https://t.me/kk_hkk;;;Danyatoty620@gmail.com;590484728;Active;9.9;17
Gg8;خالد تواصل معي ع رقم 0501832339;;أثاث وديكور;https://t.me/qp950;;;aa05faroq@gmail.com;595825159;Not Active;10;2
;متجر ميم لمستحضرات التجميل ;;مستلزمات المرأة;https://salla.sa/storemiim?expires=1612738525&identifier=996507628&utm_source=dashboard&signature=99b1c2020fe8eb1a7cfee743cf15e0c0a5b59e5e44ed3148c0a68263515b0aa9;;;aleyadh17@gmail.com;538187975;Active;10;2
Reef Garden ;موقع حديقة الريف;2053116575;أخرى;http://h-reef.com/;;;reef.birds.animals@gmail.com;548355269;Active;0;0
Al Dhawi United Real Estate Services Office;مكتب الضاوي المتحد للخدمات العقارية;4032249014;العقارات;https://t.me/aldhawi151;;;boos_001@hotmail.com;500006374;Active;0;0
the butcher ;ذي بوتشر ;4031212987;أخرى;https://thebutchersa.com/;;;ahmadviu@gmail.com;509373066;Active;0;0
almatajir;المتاجر الخصم الأوفر;;تسويق إلكتروني;https://almatajir.wordpress.com/;;;almtajra@gmail.com;501319855;Active;0;0
Tochia ;توشيه للملابس ;;أخرى;HTTPS://www.tochiaksa.com;;;Turkialrabaa@gmail.com;539111960;Active;0;0
 SPECIAL STOREE;سبيشل لشحن الشدات ;;تسويق إلكتروني;https://t.me/krzlazo;https://instagram.com/modaim_505;;mohammadqashim505@gmail.com;501699266;Active;0;0
Designing an online store using the basket platfor;تصميم متجر الكتروني بأستخدام منصة سلة;;أخرى;https://haraj.com.sa/1173681659/;;https://twitter.com/n30fg;naif.n1158@gmail.com;545821287;Active;0;0
MATJAR ALMAS;الماس للتسوق;;تسويق إلكتروني;https://salla.sa/almasss;;https://twitter.com/almas_1320;almms2233@gmail.com;552526563;Active;10;3
Seven Star Oil Store;متجر زيت النجوم السبعة;4030411777;تسويق إلكتروني;http://www.oil7s.com;https://instagram.com/oil7s;;o.albrek22@gmail.com;533994366;Active;0;0
ARKAAN;متجر أركـــان;4030160686;أخرى;https://arkaan.sa/;https://instagram.com/arkaan.sa;;support@arkaan.sa;551122178;Active;0;0
;نكهات جنوبية ;5900122295;أخرى;http://nkahat1.com;;;my12691395@gmail.com;558681145;Active;0;0
MEEZO STOR;ميزو ستور;;تسويق إلكتروني;https://maroof.sa/198925;https://instagram.com/meezo_store?igshid=bk2zi55jw2477;https://twitter.com/meezostor?s=08;tt.aa.0929@gmail.com;501858959;Active;10;7
SkyTech;سكاي تك;1010697833;إلكترونيات واكسسورات;https://salla.sa/skytech;;;SkyTech.Saudi@gmail.com;503695769;Active;9.5;2
seedz coffee;قهوة سيدز;1010643409;أخرى;https://seedzcoffee.co/;https://instagram.com/seedz_coffee;https://twitter.com/Seedz_Coffee;seedzcoffee@gmail.com;500930216;Active;10;2
;فاشتوري;2050213085;أخرى;https://fashtory.com;;;info@fashtory.com;508866737;Active;0;0
kafmatjar;كاف متجر;;أخرى;https://zid.store/kafmatjar;;;kafmatjar@gmail.com;565681805;Not Active;0;0
DRD;دي ار دي ;;إلكترونيات واكسسورات;https://drd-sa.com;;;drd-50@hotmail.com;530808037;Active;0;0
Atara Hammoud;عطارة الحمود;1131302144;تسويق إلكتروني;https://alhmodd.com;;https://twitter.com/alhmod_atar101;fhd123176@gmail.com;504622075;Active;0;0
Olfae  Store;متجر أولفه;4030383128;أخرى;https://www.olfaewyfl.com;https://instagram.com/olfae.sa;;Olfaesa@gmail.com;566499568;Active;0;0
;تأسيس;;حلول إلكترونية;https://salla.sa/tasis;;;tasis.teaching.course@gmail.com;551352839;Active;0;0
Khadija Trade;خديجة للتجارة;4032246987;أخرى;https://khadijattayif.com/;;;mwsstkhdyjt@gmail.com;554901846;Active;0;0
studio take a shot;استديو خذلك لقطة;;تصوير;https://www.photobooth.h.maroof.sa;https://instagram.com/photobooth.h;;wedad11a@gmail.com;503536861;Active;0;0
Rashft cup;رشفة كوب ;;أخرى;https://salla.sa/rashft_cup;;;Ai-wail222@hotmail.com;533723879;Active;0;0
 CRYSTAL WOOD;كرستال وود;;أثاث وديكور;https://salla.sa/crystal.wood;;;Nasser12n2@gmail.com;508208240;Not Active;0;0
;نون لجميع الخدمات الالكترونيه ;;حلول إلكترونية;https://salla.sa/noon_;;;Naaffllaa4@gmail.com;541505129;Active;0;0
Fit vape store;فت فيب;;أخرى;https://salla.sa/fitvape.sa;;;Fit.vape@gmail.com;553133705;Active;10;1
Selling coffee cups and coffee tools;بيع اكواب القهوة وادوات القهوة;;تسويق إلكتروني;https://salla.sa/songstore;;;f_b2010@windowslive.com;534076338;Active;0;0
SomeCare;بعض العناية;;تسويق إلكتروني;https://somecare.cc/;;;Sc@somecare.cc;562444465;Active;0;0
Imported market;مستورد ماركت;;تسويق إلكتروني;https://salla.sa/lmportedmarket21.sa;;;nayf4810@gmail.com;554840944;Active;0;0
youSportsa;عبدالعزيز عبدالمحسن حميد الحربي;;تسويق إلكتروني;https://khayaaal.com/sitemap.xml;;;khayaaal2017@gmail.com;549191848;Active;0;0
JsoorTec;جسور تك;;حلول إلكترونية;https://jsoortec.com;;;admin@jsoortec.com;500793160;Active;0;0
Tariq Sultan Qarnas Al Qarnas Trading Est;مؤسسة طارق سلطان قرناس القرناس للتجارة ;;أخرى;https://web.whatsapp.com/;;;tarqalqrnas@gmail.com;509944144;Active;0;0
Ragash Store;رقش 0;;الحرف والصناعات اليدوية;https://salla.sa/ragash;https://instagram.com/ragash_store;;Esraak3kii@hotmail.com;540606374;Active;0;0
AK Fitness;أي كي فيتنس;1010696695;أخرى;https://salla.sa/anoudk;;;anoudk.pt@gmail.com;535504411;Active;0;0
;سلمان;;أخرى;https://haraj.com.sa/;;;salmn23@gmail.com;554882393;Active;0;0
Maysr;ميسر;;إلكترونيات واكسسورات;https://maysr.com/;;;Tswqmysr@gmail.com;572702921;Active;0;0
DON STORE;متجر دن ستور;;تسويق إلكتروني;https://t.me/Republic_pubgg;;;omarrr1937@gmail.com;547036581;Active;0;0
1to5 kids toys;متجر 1الى 5 لالعاب الاطفال;;أخرى;https://salla.sa/kidstoys-1to5;;;1to5kids.toys@gmail.com;548014998;Active;0;0
shopping chance;فرصة التسوق;;تسويق إلكتروني;https://shoppingchance1.com/;https://instagram.com/shopping_chance1;;shoppingchance1@gmail.com;544333464;Active;0;0
galaxy jector;جالكسي جكتر;;تسويق إلكتروني;https://www.galaxyjector.com;https://instagram.com/galaxyjector;;galaxyjector@gmail.com;541502545;Active;0;0
Leyoro;ليورو;4030075282;إلكترونيات واكسسورات;https://leyoro.com/;;;leyoro.20@gmail.com;566583750;Active;0;0
onboarding perfumes;عطور على متن الطاىرة ;;أخرى;https://onboarding7.com;;;Muneeraalsabaan7@gmail.com;545397032;Active;0;0
Gamerg;قيمرجي ;;تسويق إلكتروني;https://salla.sa/gamerg;;;Rakan2338@gmail.com;537796830;Active;0;0
mtgr top;متجر توب متنوع;;تسويق إلكتروني;https://t.me/joinchat/RfdxmoIvabmiNpk7;https://instagram.com/topp.pg;;mtgrtop@gmail.com;537294737;Active;0;0
Iaak store;متجر اياك;;أخرى;https://eyakstore.com/;https://instagram.com/eyakstore;;eyak20200@gmail.com;502804478;Active;0;0
JORN Trading;مؤسسة جرن للتجارة;1010687297;أخرى;http://jorn.sa;https://instagram.com/jorn.sa;;jorn.sa@hotmail.com;504803310;Active;0;0
kinikstore;كينيك ستور;4030394852;أخرى;https://kinikstore.com/;;;info.oceanwhale@gmail.com;566338806;Active;0;0
Sara Socks ;جوارب ساره;2055128349;أخرى;https://sarasocksa.com;https://instagram.com/sarasocksa;https://twitter.com/SaraSockSA;sarasockssa@gmail.com;504742456;Active;0;0
golden niche perfume and cosmetics;قولدن نيش للعطور والمكياج;4030405498;أخرى;https://salla.sa/goldenniche;;;aboeaz995@gmail.com;565649334;Active;0;0
iVeins;اي فينس;;أخرى;https://iveins1.com;https://instagram.com/iveins.sa;;iveins.sa@gmail.com;538347283;Active;0;0
ElanShop;إيلان شوب;;أخرى;https://wa.me/966534833578;;;aylanam880@gmail.com;534833578;Active;0;0
Abdulraouf Hasanain Design Establishment;مؤسسة عبدالرؤف حمزه بن احمد حسنين للتصميم;4030413480;أثاث وديكور;https://studiocoloni.com;https://instagram.com/studiocoloni;;info@studiocoloni.com;556650537;Active;0;0
Miss smbosa;مس سمبوسة ;;مطبخ و مخبوزات;https://iwtsp.com/966570827276;;;Go0ogo38@hotmail.com;570827276;Active;0;0
Business mhaneen;موقع أعمال للمهنيين;;خدمات أكاديمية;https://mhaneen.com/ar;;;Mohammed@outlook.sa;542984514;Active;0;0
MAIR COM;ميرا كوم;;تسويق إلكتروني;https://salla.sa/mira.com;https://instagram.com/miracom7;;amira125689@gmail.com;504921971;Active;0;0
Tiktok specialist;متخصص تيك توك;;تسويق إلكتروني;https://t.me/for_tiktok1;;;thamra688@gmail.com;538212754;Active;0;0
Paris;باريس;;تسويق إلكتروني;https://www.haraj.com;https://instagram.com/sensual_perfumes;;ismartest@outlook.com;508111714;Active;0;0
Amal Boutique;امل بوتيك;;السيارات;https://salla.sa/amalboutique?expires=1618171426&identifier=833450306&utm_source=dashboard&signature=050434bdfa7b280c4265ecf8e6f029cebced6eff47bacdaa7b351e39ff8ecb9e;;;amalsabyani@gmail.com;553310263;Active;0;0
Dmksjii;متجر بيع جسابات ببجي ;;تسويق إلكتروني;https://t.me/PUBG_RT1;;;apple.mbc4@gmail.com;573112475;Not Active;7.6;10
LFJ;لفج;;مستلزمات المرأة;https://salla.sa/lfjak_?expires=1615652578&identifier=1420300626&utm_source=dashboard&signature=615b45aff79d0b6d6e5e4f1f8ea908ef49f304ec0e8e42d45a16c4a98ab3d2c9;;;beautylfj@gmail.com;590210774;Active;10;2
XB Store;متجر اكس بي ;;تسويق إلكتروني;https://salla.sa/xbstore;;;Xbmakeup@outlook.sa;547066885;Active;0;0
zrillion;زريليون;;أخرى;https://zrillionshop.com;;;abdullahrajh2017@gmil.com;534837367;Active;0;0
LAFAAH;لافاح;;أخرى;https://salla.sa/lafaah;https://instagram.com/lafaah.oud;https://twitter.com/lafaah_perfume;we.care@lafaah.com;534770660;Active;0;0
Qotof albadia;قطوف البادية للعسل والتمور والسمن;;أخرى;https://salla.sa/qotofalbadia;;;h-a-s17@hotmail.com;547877743;Active;0;0
nouriboutique;النوري بوتيك;;أخرى;https://nouriyboutique.com;https://instagram.com/nouriiboutique;;Nouri.boutiqe1@gmail.com;562298104;Active;0;0
PRIDEFFE;بريديف;1136104965;أخرى;https://prideffe.com/;;;prideffe@hotmail.com;509043133;Active;0;0
tastemood;مذاق الكيف;;مطبخ و مخبوزات;https://tastemood.com;;;7sh0hrs@gmail.com;503996196;Active;0;0
;رحمه محمد شحاده عثمان;4030372053;مستلزمات المرأة;https://www.sohairbeauty.com;https://instagram.com/sohair.beauty.center;;mmeghazi@sohaircenter.com;501292134;Active;0;0
Fun colors;ألوان المرح;;تخطيط مناسبات وحفلات;https://sites.google.com/d/1Jagg_oi_LfmdUnh3Z5RuL9OGhua6X5o-/p/1LwIrLxdUBpnT83U5ZJix-cwjAaZy84Um/edit;https://instagram.com/funcolors.k;;dhme-1996@hotmail.com;580439823;Active;0;0
Perfume zone;منطقة العطور;;أخرى;https://www.perfume-zon.com;;;perfume-zon@hotmail.com;503868232;Active;0;0
ALULA GUIDE TOURS ;دليل العلا للسياحة;4651101928;أخرى;https://www.alulaguide.sa;https://instagram.com/alulaguide;;ahmad@alula-guide.com;553338228;Active;0;0
WGourmet;وجهة الذواقة;1010669334;أخرى;https://wgourmet-sa.com/;;;sales@wgourmet-sa.com;559709708;Active;0;0
Hazraf;متجر هزراف;1010697742;أخرى;https://hazraf.sa/;;;info@hazraf.sa;530020407;Active;0;0
Saleh Bin Mahfouz of Trade;موسسة صالح رئيس بن محفوظ للتجارة;1010698631;مستلزمات المرأة;https://bdeelalthahb.com;;;sss200_@hotmail.com;501010122;Active;0;0
NORAN FOR LIGHTING;نوران للإنارة والكهرباء;3350131462;أخرى;https://noran.sa/;;;noran.sa@outlook.sa;556512686;Active;0;0
;معصرة الفلاج للزيوت الطبيعية ;1131292993;أخرى;https://salla.sa/fallag936;;;toot55009@gmail.com;564448304;Active;0;0
Haref Cube;مكعب حريف;4662101297;تسويق إلكتروني;https://salla.sa/harefcube;;https://twitter.com/CubeHaref;azoznology@gmail.com;597984518;Active;0;0
Basmat Almosamem Advertising Agency ;وكالة بمصة المصمم للدعاية والاعلان;2050129040;تصميم وطباعة;http://basmatmco.com/;https://instagram.com/basmatalmosamemad;;info@basmatmco.com;556562004;Active;0;0
mashlah diwan;مشلح الديوان;;أخرى;https://salla.sa/mashlah.diwan;https://instagram.com/mashlah.diwan;https://twitter.com/MashlahD;mashlah.biwan@gmail.com;500553030;Active;0;0
Golden  store ; قولدن;;تسويق إلكتروني;https://goldenstoreksa.com/;https://instagram.com/goldenstore_sa_;;Abdulrhman.gh17@gmail.com;562191234;Active;0;0
Health First;صحتي أولى;;أخرى;https://salla.sa/health-first;;;sehha.biz@gmail.com;501579987;Active;10;1
perfecttTaste;برفيكت تيست;4031208465;أخرى;https://salla.sa/perfect7test;;;perfect.tTaste@gmail.com;559648785;Active;0;0
Seen Travel;وكالة سين للسفر والسياحة;2063605556;أخرى;http://www.seentravel.sa;https://instagram.com/safwatravel1;;info@seentravel.sa;547238705;Active;0;0
rwabialfa;روابي الفلا;1010695057;تسويق إلكتروني;https://rawabialfala.com;;;reabialfa@gmail.com;509567471;Active;0;0
Procure Faster;اسرع شراء;2055127364;تسويق إلكتروني;https://procurefaster.com;;;aalshahrani@procurefaster.com;509555155;Active;0;0
chronograph;كرونوغراف;;إلكترونيات واكسسورات;https://chronograph-sa.com/;;https://twitter.com/chronograph_sa;fawaz.f1166@gmail.com;500565886;Active;0;0
;شركة العطلات الذكيه للسفر والسياحه;1010582412;تسويق إلكتروني;http://www.smartholidaysa.com/;;;info@smartholidaysa.com;530901234;Active;0;0
geem;جيم;1010657135;مستلزمات المرأة;https://geem.live;;;geem.help@gmail.com;581111632;Active;0;0
NAMES;نيمز;1010635841;أخرى;https://www.names.sa;;;info@names.sa;564000501;Active;0;0
ta3ttar;مؤسسة تعطر التجارية;1128184889;أخرى;http://www.ta3ttar.com/;https://instagram.com/ta3ttar;;ta3ttar@gmail.com;504198195;Active;0;0
ITAHA;مؤسسة إتاحة لخدمات الأعمال;4030411506;تسويق إلكتروني;https://www.itaha.io;;;Fahd@Itaha.io;561741458;Active;0;0
Store V;ستوري في;;إلكترونيات واكسسورات;https://vstoree.com/;https://instagram.com/vstoree20;;blindrs@icloud.com;596930103;Active;0;0
zamzam portal;منصة زمزم;4030394200;تسويق إلكتروني;https://www.zamzam.com;;;odanish@zamzam.com;555698002;Active;0;0
BINHAMEDCOM;متجر ابن حامد للمنتوجات الزراعيه;;أخرى;https://binhamed.com/;https://instagram.com/abuomar1266;https://twitter.com/QassimProducts;abd0503115588@hotmail.com;503115588;Active;0;0
Dimomco;ديمومة;2050240418;تصوير;http://dimomco.com;https://instagram.com/dimomco;;dimomco@gmail.com;548346981;Not Active;0;0
almarwanistore;متجر المرواني للعطارة ;4650028375;تسويق إلكتروني;https://www.almarwanistore.com;;;a.k.almarwani@gamil.com;506250004;Active;0;0
Courses Platform ;منصة دورات;1010642319;تسويق إلكتروني;https://courses-best.com;;https://twitter.com/best_training1;salah2000@gmail.com;562877331;Active;0;0
NoonTech;نون تيك;1128126714;تسويق إلكتروني;https://noontech.com.sa/;https://instagram.com/noontechksa;https://twitter.com/NoonTechKsa;sami@noontech.com.sa;592625552;Active;0;0
Alta invest company;شركة التا للاستثمار;1010698609;أخرى;https://t.me/altatrining;;https://twitter.com/hajd455;alta.ksa2030@gmail.com;509922329;Active;0;0
Hexacure;مؤسسة العلاج السداسي;1010638372;أخرى;https://naturallifemena.com;;;khodhair@gmail.com;599950990;Active;0;0
Beauteous;بيوتيس;1010591825;مستلزمات المرأة;http://beauteouslenses.com/;;;info@beauteouslenses.com;501673053;Active;10;1
Ouds;أعواد ;;أخرى;https://salla.sa/stor_ouds;https://instagram.com/ouud.s;;Joharaljubaili@gmail.com;547286562;Active;0;0
;مؤسسة المضمون للاتصالات;;إلكترونيات واكسسورات;https://almadmun.com;;;Wopowalmadinah@gmail.com;507762502;Not Active;0;0
WEAYLA;وي ايلا ;1010699279;مستلزمات المرأة;https://aylasa.com/;https://instagram.com/weayla;https://twitter.com/WeAYLA;aylasupp@gmail.com;503583758;Active;0;0
Alaa yahya;الاء يحيى;;تسويق إلكتروني;https://salla.sa/alaa_yahya?expires=1618133214&identifier=820347733&utm_source=dashboard&signature=7319b117301b504093ed0ef15c739eb48f367ce7e402dab69849ee03041156a2;;;des.alaayahya@gmail.com;501503843;Active;0;0
Awany ella;اواني إيلا;;تسويق إلكتروني;https://salla.sa/awani_ella;;;Awany.ella@gmail.com;593933101;Active;0;0
aneyatalfoukhar;آنية الفخار ;1131297597;الحرف والصناعات اليدوية;https://aneyatalfoukhar.com/;;;info@aneyatalfoukhar.com;508672220;Active;2;1
Dkakeen  Ramadan;دكاكين رمضان;2031105265;أخرى;https://dkakeen.store/;;;dkakeen.store@gmail.com;557793722;Active;0;0
Creative Book;دار كتاب مبتكر للنشر;4030410012;أخرى;https://tcb.sa;;;tcb.sa@hotmail.com;556644175;Active;0;0
Orb Stickers;مؤسسة فلك للطباعة;;تصميم وطباعة;https://zid.store/orb;https://instagram.com/orb.stickers;;orb.stickers@gmail.com;568499414;Active;0;0
TOP ALTERNATIVE GOLD;القمة بديل الذهب;4030347902;مستلزمات المرأة;https://top-badeelgold.com/;https://instagram.com/top_badeelgold;https://twitter.com/top_badeelgold;top.badeelgold@gmail.com;549727908;Active;10;2
RAVOLLA;رافولا;;أخرى;https://ravolla.com;;;ravolla22@gamil.com;546840224;Active;0;0
Selling perfumes and cosmetics;بيع عطور والتجميل;;تسويق إلكتروني;https://rszh55.com/;;;s19423911@aou.edu.sa;541255251;Active;0;0
;مؤسسة رشات الياسمين للتجارة;1010699441;أخرى;https://zid.store/jasmine-a;https://instagram.com/jas.min.e.a;https://twitter.com/Jas_min_e_a;an45by@gmail.com;500455262;Active;0;0
BASMA ALMESBAHI;بسمة المصباحي;;مستلزمات المرأة;https://salla.sa/basma.almesbahi;https://instagram.com/basma.almesbahi;;basma.almesbahi@hotmail.com;544465505;Active;0;0
Malak shop;متجر ملك للهدايا;;أخرى;https://salla.sa/malak8.shop?expires=1618112210&identifier=466145438&utm_source=dashboard&signature=aecfe3829a3b7086caeb3dae65b28980a4dbe04393d9319a50721976ed0bda6c;https://instagram.com/malak8.shop;https://twitter.com/Malak8shop;malak8.shop@yahoo.com;565794382;Active;0;0
Atallah abayas;عطاالله للعبايات ;2511120046;مستلزمات المرأة;https://atallah-abayas.com/;;;Cae38851@gmail.com;531066014;Active;0;0
NadiClub;نادي الإلقاء والخطابة;1010665931;خدمات أكاديمية;https://nadiclub.com;;;dralzahrani@outlook.sa;558669948;Active;0;0
lamasah;متجر لمسه 1;;مستلزمات المرأة;https://salla.sa/lamasah?page=4;;;a999marky@gmail.com;547730130;Active;9.7;3
Amouage;امواجي;;أخرى;https://salla.sa/ma88;https://instagram.com/amg94.22;;hmod201241@gmail.com;549699987;Active;0;0
60CUP;60كأس;2251100030;تسويق إلكتروني;https://60cup.com/;https://instagram.com/60.cup;;aalsalem.a@gmail.com;560053115;Active;0;0
The perfect gifts ;الهدايا المثالية ;;تخطيط مناسبات وحفلات;https://salla.sa/perfect-gifts?expires=1618002390&identifier=1438272615&utm_source=dashboard&signature=d89c3842a72fe25bb3cdb2f723c665e0ab949e8d403995a1b46918d25fa3e905;;;Perfecgifts11@gmail.com;557315658;Active;0;0
anoud altayyib;عنود الطيب;4031249159;أخرى;https://salla.sa/anoud.altayyib;;;sha.otb11@outlook.sa;555298180;Active;0;0
S8aR allayl;صقر الليل;;أخرى;http://zid.store/s8arallayl/;;;Hooosen2010@gmail.com;559528375;Active;0;0
VegeLocation;خضرة لوكيشن;4030381717;أخرى;https://vegelocation.com;https://instagram.com/vegeloc;https://twitter.com/vegeloc;Vegelocation@gmail.com;533283337;Active;10;1
SHOBY;شووبي;1010696697;أخرى;http://www.shoby-sa.com;;;care@shoby-sa.com;503661672;Active;0;0
Arejon;أريجون ;;أخرى;https://salla.sa/neckincense;https://instagram.com/arejonperfume;;arejon090@gmail.com;504963163;Active;0;0
abayas56;عبايات خط;;أخرى;https://www.56.abayas;;;mahadana123456@gmail.com;504592159;Active;0;0
ABDULLAH ALDAHHASI;عبدالله الدهاسي;;تصميم وطباعة;https://salla.sa/abo0ody907;;;abyd999@gmail.com;594499421;Active;0;0
 BUBG;بـيـع حـسـابـأت بـبـجـي ;;تسويق إلكتروني;https://t.me/BUATE99;;;adokdsa12@gmail.com;569141824;Active;8.4;20
Silaal;سلال الارض للتجارة;4030412052;أخرى;https://www.silaal.com;;;alblwi@gmail.com;564506351;Active;0;0
Delicious taste2;نكهه لذيذه;;مطبخ و مخبوزات;https://salla.sa/delicious.taste;;;TahaniiiiAM@gmail.com;504188372;Active;0;0
Jazmine;جازمين;;الحرف والصناعات اليدوية;https://salla.sa/jaz-2;https://instagram.com/jazm__2;;Yasmeen-1420@hotmail.com;552874494;Active;0;0
Eva Store 1978;متجر ايفا ١٩٧٨;;أخرى;https://evastore-1978.com;https://instagram.com/evastore1978;;Evastore1978@gmail.com;503018224;Active;0;0
Abeer phone;عبير جميل;4030407281;تسويق إلكتروني;https://www.noon.com/;;;Abeer1414jameel@outlook.sa;542726345;Active;0;0
Zax One;زاكس ون;;تسويق إلكتروني;https://zaxone.com/;https://instagram.com/zax1store;;info@zaxone.com;546434612;Active;10;1
TryAthath; اثاث;4650225635;تسويق إلكتروني;https://tryathath.com;https://instagram.com/tryathath;https://twitter.com/tryAthath;mt1620048@lmc.edu.sa;549792667;Not Active;0;0
;متجر الايك ;;تسويق إلكتروني;https://salla.sa/like_store2020;;https://twitter.com/likelstore;likelstore@gmail.com;547442085;Not Active;0;0
Al amerah abayas;عبايات الأميرة;;مستلزمات المرأة;https://salla.sa/alamerah_abayas;;;Ameerah20s@yahoo.com;503829255;Active;0;0
 lazurd ksa;مرشات لازورد;;أخرى;https://trylazurd.com;https://instagram.com/lazurdksa;https://twitter.com/lazurdksa;lazurd.ksa@gmail.com;503702202;Active;0;0
Murjan Store;متجر مرجان;4030394545;تصميم وطباعة;https://salla.sa/murjan.store;https://instagram.com/moganstore.sales;https://twitter.com/Murjan_Sales;morgancompany.sales@gmail.com;567848430;Active;0;0
Lisa services;ليساء للخدمات ;;أخرى;https://salla.sa/lisa_servicess;https://instagram.com/lisa_services;https://twitter.com/lisa_servicess;lisaservices@outlook.sa;550433102;Not Active;0;0
;تنسيق غر ف عرسان وباقات ورد وكوش افراح;;تخطيط مناسبات وحفلات;https://www.facebook.com/profile.php?id=100056445919337;;;manchester_mylife17@hotmail.com;567766982;Not Active;0;0
Lolo curls;لولو كيرلز ;;أخرى;https://salla.sa/lolo_curls;https://instagram.com/lolo_curls;;nnsa945@gmail.com;500000000;Active;0;0
kuyut kar;كيوت كار ;;السيارات;https://marvelapp.com/prototype/4d8b817/screen/59975210;;;doda_1407@icloud.com;550333989;Active;0;0
RashtEtar;متجر رشة عطر;;تسويق إلكتروني;https://www.RashtEtar.com;https://instagram.com/rashtetar;https://twitter.com/RashtEtar;duaa.abdullah1408@gmail.com;544566483;Active;10;1
Cutetouch;لمسة لطيفة ١٨;;مستلزمات المرأة;http://cutetouch18.com;https://instagram.com/cute_touch18;;Cutetouch18@gmail.com;539380669;Active;0;0
iineassh;إنعاش;;أخرى;https://salla.sa/awg?;;;awg1729@gmail.com;548964385;Active;0;0
Local;لوكال;;إلكترونيات واكسسورات;https://salla.sa/lokal;https://instagram.com/local_nn;https://twitter.com/Local37791970;local.cr2@gmail.com;536195433;Active;0;0
X4shop;اكس فور شوب;;تسويق إلكتروني;Http://www.x4sa.com;;;X4shoping@gmail.com;543000778;Active;0;0
alcameliablanca;متجر الكاميليا البيضاء;;مستلزمات المرأة;https://salla.sa/alcameliablanca;https://instagram.com/alcameliablanca;;alcameliablanca@gmail.com;583005363;Active;0;0
numberonne;نبر ون;;السيارات;https://salla.sa/numberonne.com;;;number.1.electronics@hotmail.com;542224977;Active;0;0
Furniture kitchens accessories and kitchen appli;الأثاث و مطابخ و أكسسوارات وأجهزة المطابخ;2050100341;تسويق إلكتروني;https://art3sa.com/;https://instagram.com/art3.sa;;art33.online@gmail.com;503868865;Active;0;0
;متجر باترون للتجارة الالكترونية;1010697257;إلكترونيات واكسسورات;https://batronsa.com;;;batronsa@gmail.com;555334273;Active;10;2
two lines;تو لاينز;1010648653;تسويق إلكتروني;https://twoliines.com/;;;tow2lines@gmail.com;549465361;Active;0;0
nayaa;ناياا;1011143086;مستلزمات المرأة;http://naya-sa.com/;;;amabath5@gmail.com;501988670;Active;0;0
Msha3r 3almakshof;مشاعر على المكشوف ;;أخرى;https://salla.sa/msha3r_3almakshof?expires=1618081813&identifier=1336836319&utm_source=dashboard&signature=8b8c8c8124d8fc2c68a0b123ced8a8d329b47a3cb0de0e886dad60e8df2ff593;;;Wasmih396@hotmail.com;532996803;Active;0;0
Elk Translation;إلك للترجمة ;;أخرى;https://twitter.com/ElkTranslation;;https://twitter.com/ElkTranslation;elk.translation@gmail.com;570935459;Active;0;0
Emily belle ;إيميلي بيل;;أخرى;https://emilybelle1.com/;;;Emily.belle12@hotmail.com;568443940;Active;0;0
vitamin;فيتامين;;أخرى;https://salla.sa/vitamin1;;;vitamin14099@gmail.com;566066323;Active;0;0
Labha;لبها;1010696683;أخرى;https://breefi.com/labha/;;;marchwater7@gmail.com;560941111;Active;0;0
Safedriving Est;مؤسسةالقيادة الآمنة للتجارة;4700014941;السيارات;https://salla.sa/lexus-toyota;;https://twitter.com/Safedriving_Est;safedriving.est@gmail.com;535894824;Active;0;0
vitre;فيتري;;مطبخ و مخبوزات;https://salla.sa/vitre;;;mohdalnajim@gmail.com;564030907;Active;0;0
Lupine;لوبين ;;تسويق إلكتروني;https://salla.sa/lupine2021;;;Lupine2021@hotmail.com;504544028;Active;0;0
;عطر بيان;1010591585;تسويق إلكتروني;https://salla.sa/eatar_bayan;;;homeme054@gmail.com;545285408;Active;0;0
comfyndstylish;مريح أنيق;;مستلزمات المرأة;https://comfyandstylish.com/;;;pplatfrom11@gmail.com;592934096;Active;0;0
Latifa market ;سوق لطيفة;;تسويق إلكتروني;https://latifamarket.com/?expires=1618075197&identifier=447125249&utm_source=dashboard&signature=798b83242fed94ceba5e4e6b8f394abaf427633068333e1425f6ce96d44b7783;https://instagram.com/latifamarket;;Latifamarket1@gmail.com;504459277;Active;0;0
F50degree Store;متجر خمسين درجة ;2050144413;أخرى;https://salla.sa/f50degreestore;;;f50degreestore@gmail.com;560788377;Active;0;0
Lazurd;لازورد شوب;;مستلزمات المرأة;https://lazurdshop.com/?expires=1618071778&identifier=1799585179&utm_source=dashboard&signature=76bba55b4bb9b74f01540ab5c23179eaf629ddb5c9f746bce488722e550c59bf;;;roua.alz17@gmail.com;504265263;Active;0;0
Aroub Perfumes;عروب للعطور;1010689274;تسويق إلكتروني;https://aroubperfumes.com;https://instagram.com/aroubperfumes;https://twitter.com/aroubperfumes;aroubperfumes@gmail.com;580386669;Active;0;0
apaqksa;عبق مبخرة;1010697334;أخرى;https://www.apaqksa.com;https://instagram.com/apaqksa;https://twitter.com/apaqksa;apaqksa@gmail.com;543327503;Active;0;0
B four;بي فور;;تسويق إلكتروني;https://salla.sa/bfour?expires=1618071036&identifier=2124818215&utm_source=dashboard&signature=900d5d7ef8b19725397a8bbd3faf0b9e13345cff23a7c3b0d5611eadff259365;;;Alhsn87@gmail.com;550196090;Active;0;0
;قناه لبيع ووساطه حسابات ببجي;;أخرى;https://apps.apple.com/sa/app/telegram-messenger/id686449807?l=ar;;;shhab14@icloud.com;565689753;Not Active;10;5
F15 CARDS;بطاقات اف 15;;تسويق إلكتروني;https://f15.cards/;;;alqahtani_abdulaziz@outlook.com;551708466;Not Active;0;0
EFFAT;ايفات;;إلكترونيات واكسسورات;https://salla.sa/effat;;;Effetak@gmail.com;537239592;Active;0;0
Platinum for Cybersecurity ;بلاتينيوم للأمن السيبراني ;1010696809;حلول إلكترونية;http://www.platinum-iot.com;https://instagram.com/platinum_iot;https://twitter.com/platinum_iot;Admin@platinum-iot.com;577228872;Active;0;0
Slman Almturei store;متجر سلمان المطيري;;أخرى;https://t.me/pu_e7;;;Slman88@gmail.com;595650845;Active;0;0
MAXS Shop ;ماكسس شوب;;تسويق إلكتروني;https://t.me/maxsshop77;;;abonasernnnn@gmail.com;500000000;Active;0;0
Shrq Coffee Roastery;مقهى محمصة شرق ;2051228339;أخرى;https://shrqcoffee.com;;;info@shrqcoffee.com;531501074;Active;0;0
WOWTLET;واوتلت;1010686052;تسويق إلكتروني;https://wowtlet-sa.com;;;khaledbsou@gmail.com;554440990;Active;9.1;10
Keem electronic ;عبدالحكيم كيم ;;تسويق إلكتروني;https://salla.sa/keem_18?expires=1618059094&identifier=239996613&utm_source=dashboard&signature=4ab5b9f610d088b738d2c58ffc47211b0e37607b003492f53fe1fbdf96033ea2;;;KEEMo-yam9111@hotmail.com;504765957;Active;0;0
Hulifah delivery ;الحليفة دليفري;;أخرى;https://hudelivery.com;;;hulifah.delivery@gmail.com;568021856;Active;0;0
the shiny eye;بريق العين;;الحرف والصناعات اليدوية;https://maroof.sa/addbusiness/AddBusinessWizard;;;hadel_al0mari@icloud.com;558854221;Active;0;0
Erm zone ;إرم زون ;;الحرف والصناعات اليدوية;Https://salla.sa/ermzone;;;Xxxjoreenxxx@gmail.com;549440029;Active;0;0
fazaa;فزعة دعم متابعين;2051230977;تسويق إلكتروني;http://fazaa21.com;;;fazzashopping0@gmail.com;533409664;Active;0;0
shop R 10;متجر آر تن;;تسويق إلكتروني;https://matjrr10.com;;;matjrR10@gmail.com;564134435;Active;0;0
Entaj Alandalus;انتاج الاندلس;1010381308;أخرى;https://entaj-alandalus.com/;https://instagram.com/entaj_alandalus;https://twitter.com/entaj_alandalus;entajalandalus@gmail.com;595903112;Active;0;0
Antique Perfume;أنتيك للعطور;;مستلزمات المرأة;https://salla.sa/antique.perfume;;;Antique.saudi@gmail.com;582502389;Active;0;0
;رضاب النحل لبيع العسل;;أخرى;https://salla.sa/rn_114411;;;Samog28@gmail.com;598456316;Active;0;0
;نقاوة الزعفران;;مطبخ و مخبوزات;https://nqawah.com/;;;Algreeb88@gmail.com;508883630;Active;0;0
Keldh;كلدة;1128184843;إلكترونيات واكسسورات;https://bykeldh.com/;;;care@bykeldh.com;543630055;Active;0;0
Lighting store;متجر الإضاءة;4650227402;تسويق إلكتروني;https://lighting-sa.com/;https://instagram.com/lightingstore.sa;https://twitter.com/lighting__sa;lightingstore.sa@gmail.com;563705443;Active;10;1
Donutspower;دونات بور;2053116058;تسويق إلكتروني;http://donutspower.com/;https://instagram.com/thedonutspower;;admin@donutspower.com;565925466;Active;0;0
Alzzan ;الزان;;أخرى;https://salla.sa/alzzan.sa;https://instagram.com/alzzan.sa;;alzzansa.sa@gmail.com;501905772;Active;0;0
;عود المهند;;أخرى;https://zid.store/elm-muhannad-oud;;;ZYYAD1997@gmail.com;541295833;Active;0;0
Julia;جوليا;;مستلزمات المرأة;https://salla.sa/fshreef369;;;Fshreef369@gmail.com;565099335;Active;0;0
balino store;متجر بالينو;;تسويق إلكتروني;https://salla.sa/balino;;;balinostore@gmail.com;557098110;Active;0;0
daavana;دافانا;;تسويق إلكتروني;https://salla.sa/davanaa;;;davana.911@hotmail.com;551541828;Active;0;0
TIDALLY;تدللي;;تسويق إلكتروني;http://zid.store/tidally/;;;nasserlsloom@gmail.com;552451155;Active;0;0
beautysun;بوتي سن;;مستلزمات المرأة;https://salla.sa/beautysun;;;downloadappfast@gmail.com;550479674;Active;0;0
oud thameen;العود الثمين ;;أخرى;https://salla.sa/oud_thamen;https://instagram.com/oud_thamen;https://twitter.com/oud_thamen;Oud.Thameen@gmail.com;533114011;Active;0;0
thmar alyom;ثمار اليوم للتعبئه والتغليف ;1131310530;مطبخ و مخبوزات;https://salla.sa/thmaralyom;;;alsalamh004@gmail.com;555977374;Active;0;0
World of Fruits;عالم فروت ;;مطبخ و مخبوزات;https://s.salla.sa/settings/component/basic;;;turkiex2018@gmail.com;583604097;Active;0;0
Sweet Lady Store;متجر سويت ليدي;;مستلزمات المرأة;https://sweet-lady-store.com;https://instagram.com/sweet_lady_store_sa;;info@sweet-lady-store.com;504930208;Active;10;2
 SEEK JUSTICE Law and legal advice ;التماس العدالة للاستشارات القانونية ;;أخرى;https://t.me/joinchat/Ou6KUMX7KN8xMjY0;;;Naif.m.almatruodi@gmail.com;503366380;Active;0;0
ADELCARD;عادل كارد;;حلول إلكترونية;https://salla.sa/adel_card;https://instagram.com/adel_card;;kardbak@gmail.com;505212679;Active;0;0
  Nylan perfumes ;عطور نيلان;;أخرى;https://nylansa.com;;;Tr.2090@hotmail.com;580073229;Active;0;0
Anoud Story;متجرر جنات;;تسويق إلكتروني;https://t.me/ii3unod;;;ii3nuodx@gmail.com;577194783;Not Active;8.8;39
1290Mohammed;محمد الحارثي;;تسويق إلكتروني;https://www.haraj.com.sa/;;;Doctor-501@hotmail.com;566801040;Active;0;0
tworeem;متجر توريم;;مستلزمات المرأة;https://tworeem.com/;;;r.4v@hotmail.com;533122204;Active;0;0
Mohammed 1290;محمد عبدالعزيز الحارثي ;;تسويق إلكتروني;https://salla.sa/storygevt12/category/vmBYB;https://instagram.com/azyayiy1;;doctor-501@hotmail.com;566801040;Active;0;0
ALKHTAINE;متجر حسابات ألقحطاني لاتقع ضحية اقرأ الوصف بالأسفل;;تسويق إلكتروني;https://t.me/ELEGANT_us;;;ELEGANT_10@gmail.com;592940616;Not Active;5.8;163
mtgar rawan;متجر روااان;;مستلزمات المرأة;https://salla.sa/books_rawan;https://instagram.com/mtgr_rawan;;mrs.rawwan@gmail.com;568668019;Active;0;0
anuud65;تسوق من المتاجر ;;تسويق إلكتروني;https://iwtsp.com/966590680185;;https://twitter.com/anuud11?s=11;nudr20@gmail.com;590680185;Active;0;0
MZZIAN;متجر مزيان;;أخرى;https://mzzian.com/;;;Info@mzzian.com;539313809;Active;0;0
;البرق اللآمع ;4031244742;إلكترونيات واكسسورات;https://salla.sa/br_light;https://instagram.com/brg.ksa;;brglit2030@gmail.com;595975750;Active;10;1
Line3Design;لاين ثري ديزاين;;تسويق إلكتروني;https://salla.sa/line3design;https://instagram.com/line_3design;;Line3design@gmail.com;539509073;Active;0;0
clickme;كليك مي;1010445424;تسويق إلكتروني;https://clickme3.com/?expires=1618020142&identifier=1781467799&utm_source=dashboard&signature=60e31d3d2b82112f4f4c818a3df174d2ff01e2aca986d35812797956c547c05a;;;q.q5@hotmail.com;503966999;Active;0;0
Perfume Addict Store;متجر بيرفيوم أديكت ;;أخرى;https://perfumeaddict.net;;;wmsy93@gmail.com;501443632;Active;0;0
;أكاديمية علي;;خدمات أكاديمية;https://salla.sa/ali42;;;physics.n1440@gmail.com;509277794;Active;0;0
;منصة الكترونية لبيع ملابس الأطفال والمنزل;;تسويق إلكتروني;https://salla.sa/happiness.zone?expires=1610976335&identifier=523237497&utm_source=dashboard&signature=c6823fee94ec48a351e8ea2fddec0beb09c516161287811e72d21d8c8dfa9527;https://instagram.com/happinese.zone;;Happinese.Zone@gmail.com;538755298;Active;0;0
;أغصان الحلا;4031243342;تسويق إلكتروني;https://www.google.com;;;azez-99-27@hotmail.com;559707170;Active;0;0
tashali7;تشاليح;;تسويق إلكتروني;https://www.tashali7.com;;;gsm.1399@hotmail.com;500919110;Active;0;0
POEM;بويم;1010695634;أخرى;https://salla.ca/poem;https://instagram.com/poem.per;;poemperf@gmail.com;535055569;Active;0;0
PLUM;بلم;4650205728;أخرى;https://plum0.com/;;;Plumstore_@hotmail.com;530220514;Active;0;0
ArabShield Store;متجر عرب شيلد;;أخرى;https://arabshield.net/;;;arabshieldrp1@gmail.com;553453858;Active;10;2
abayatma;عبايات ما;;مستلزمات المرأة;http://www.abayat.ma234.co.uk/;;;johrasaleh7@gmail.com;549642340;Active;0;0
TAN COFFEE;متجر تان كوفي;4031248786;أخرى;https://tancooffee.com;;;hussain5999@hotmail.com;595554326;Active;0;0
three blanket;متجر ثري بلانكت;1132112053;أخرى;https://3blanket.com/;;;3blanket@gmail.com;537720129;Active;0;0
Dressy;دريسي ;;أخرى;https://salla.sa/dressystore;;;dressystorecs@gmail.com;540456371;Active;0;0
ARIAAF ALGMAAL WOMEN ;ارياف الجمال مستلزمات نسائية ;;الحرف والصناعات اليدوية;https://sites.google.com/d/1RwVZcl-uHjJj49ws_mw00gaAADxkd7y7/p/1BQSod4SXuMSwzoLMpLdKnVCst4ie_3Qa/edit;;;Aryafalhy89@gmail.com;551175200;Active;0;0
matjarhwaalanyqh;متجر حواء الانيقه ;;مستلزمات المرأة;https://matjarhwaalanyqh.com/;;;7moode1311@gmail.com;582134863;Active;0;0
Kid Hut;متجر كوخ الطفل;;أخرى;https://basmat.store;;;admin@basmat.store;504169822;Active;0;0
Juliana;جليانا;1010674752;تسويق إلكتروني;https://juliana.sa;;;abdulaziz@alhabeeb.co;593377774;Active;0;0
Brnistore;برني للتمور الفاخرة;1129104484;أخرى;https://brnistore.com;;;brnistore@gmail.com;595515252;Active;0;0
Eshraaqah;متجر إشراقة;;مستلزمات المرأة;https://salla.sa/eshraqah;;;bashayer.a.alshahrani@gmail.com;500575364;Active;0;0
tumuhalnajah;مؤسسة طموح النجاح التجاريه ;4031236797;أخرى;https://tumuhalnajah.com/;;;ten.sa24@gmail.com;555054795;Active;0;0
;عالم الطبيعة٨٨;;أخرى;https://almatjer-diverse.com/;;;zwwzw3037@gmail.com;543477841;Active;0;0
Secrets of Care;اسرار العنايه;1010596605;كوافيرة و تجميل;https://www.secretscare.com/;https://instagram.com/secrets_care;https://twitter.com/Secretscare1;sales@secretscare.com;550769640;Active;10;11
;العصر الرقمي;;تسويق إلكتروني;https://the-digital-age.com/;;;anwarabdulla707@gmail.com;533217439;Active;0;0
becoolista;بيكوليستا;4031249158;مستلزمات المرأة;https://becoolista.com;https://instagram.com/becoolista;https://twitter.com/becoolista;Becoolista@gmail.com;507567542;Active;0;0
Diabeetes;السكريين;;أخرى;https://salla.sa/diabeetes.com;https://instagram.com/diabeetes2021;;samah.albeladi@hotmail.com;543437086;Active;0;0
3gd ward store;مؤسسة عقد ورد;;مستلزمات المرأة;https://salla.sa/3gdward;;;Mtjrekd@gmail.com;501880075;Active;0;0
sonbour;صنبور;1010146564;أخرى;https://sonbour.co/;;;info@sonbour.co;544424225;Active;0;0
JoyHerb;جوي هيرب;1131304589;تسويق إلكتروني;https://joyherb.net/;https://instagram.com/ijoyherb;https://twitter.com/iJoyHerb;izJoyHerb@gmail.com;559612885;Active;0;0
gift's of love;عطايا الحب ;;تسويق إلكتروني;https://salla.sa/giftoflove_1;https://instagram.com/giftforu_1;;aboisra1390@gmail.com;500284659;Active;0;0
Sara auto ;شركة سارا السعودية التجارية;2053021805;السيارات;http://sara-auto.com/;;;GM@sara-auto.com;505847656;Active;0;0
 Aseeb Store;متجر عسيب;;مطبخ و مخبوزات;https://aseebksa.com/#;https://instagram.com/aseeb.ksa;;Aseeb.ksastore@gmail.com;549608999;Active;0;0
TRKS store selling electronic games;متجر تركس لبيع الالعاب الالكترونية;;تسويق إلكتروني;https://salla.sa/trks;https://instagram.com/h3.p;;ahmad-x111@outlook.sa;538015227;Active;9.7;3
Kasban;كسبان;1010634631;أخرى;https://salla.sa/kasban;;;Ainalnajah@gmail.com;563944105;Active;0;0
 Paper and Balloon3;بيبر اند بالون;;تسويق إلكتروني;https://salla.sa/paper_and_balloon;;;Salkhowai@ltu.edu;500783711;Active;0;0
Flur;فلورر;;مستلزمات المرأة;https://salla.sa/flur.sa/;https://instagram.com/flur.sa;;flurthelable@gmail.com;547201184;Active;0;0
Buying and selling rings and gemstones;بيع وشراء خواتم واحجار كريمه ;;تسويق إلكتروني;Https://www.a.monem9.sa;https://instagram.com/a.monem9;;Bunaem006@live.com;500089117;Active;0;0
Rosee;روزيه;;مطبخ و مخبوزات;https://maroof.sa/rosee;https://instagram.com/rozaiz7;;Rzanalaylt331@gmail.com;539395589;Active;0;0
Conqueror;كونكور ;;أخرى;https://t.me/PubgShed;;;shahadiil40005@gmail.com;501329508;Active;10;1
TopxCod;توب اكس كوود;;حلول إلكترونية;https://salla.sa/toplov3;;;toplov33@gmail.com;580821314;Active;0;0
small river;نهري الصغير;;تسويق إلكتروني;https://www.smallriversa.com;https://instagram.com/smallriversa;;smallriversa@outlook.sa;543120151;Active;0;0
Aura Perfumes;اورا للعطور;1010689187;أخرى;https://www.auraperfumesa.com;https://instagram.com/auraperfumesa;;info@auraperfumesa.com;597950041;Active;10;1
palm chairs;جلسات النخلة ;;تخطيط مناسبات وحفلات;https://salla.sa/palm_chairs;https://instagram.com/palm_chairs;;shahdazizzd8@gmail.com;539090404;Active;10;2
Stoped finally ;متوقف نهاي ;;أخرى;https://www.www.com;;;Stoped@nothing.com;555555555;Not Active;6;2
Laser body;ليزر جسم;;مستلزمات المرأة;https://salla.sa/ghaidd_laser;;;ghaid.606@gmail.com;536302784;Active;0;0
fact UC ;شدات فأكت;1010685639;تسويق إلكتروني;https://t.me/UCFACT;;;KhAlanzei@gmail.com;509590703;Active;10;2
Al Rida Nanotech  ;الرضاء لتقنية النانو;4030063231;تسويق إلكتروني;https://alridaest.com;;;nanotech.onlines@gmail.com;550808628;Active;10;4
october roasters;محمصة أكتوبر;2055103449;تسويق إلكتروني;https://october.sa/;;;sales@october.sa;539003112;Active;0;0
Stor Rayan;متجر ريان لبيع وشراء حسابات ببجي;;إلكترونيات واكسسورات;https://t.me/joinchat/j1LFyLWdkhYxYTZk;;;ra.x87805577@gmail.com;557701011;Not Active;10;1
;متجر عشق للإلكترونيات;;تسويق إلكتروني;http://3shek.com/vyryzp;;;maram.li@hotmail.com;557824421;Active;0;0
bawadir 'aemal lilkhudamat aleama;بوادر اعمال للخدمات العامة;5800105024;حلول إلكترونية;https://www.bawadr.com/;;;buadraemal@gmail.com;501589610;Not Active;0;0
tamimstore;تميم ستوري;;تسويق إلكتروني;https://salla.sa/tamimstoresa;https://instagram.com/tamimstoresa;https://twitter.com/tamimstoresa;tamimstore2030@gmail.com;576513352;Active;0;0
 Perfumes; عطور;2050143341;تسويق إلكتروني;https://salla.sa/cionem.com;;;joliksa@gmail.com;530426166;Active;0;0
mkamin;مكامن ;;أخرى;https://mkamin.com/;;;amh@mkamin.com;500424040;Active;0;0
Janvllet;جانفوليه;2051231885;تسويق إلكتروني;https://janvllet.com/;;;janvllet17@gmail.com;530201887;Active;0;0
;متجر الاشتراكات التلفزيونية;;أخرى;https://salla.sa/ksaiptv;;;snapf7n7@gmail.com;505338236;Active;0;0
khashabih store;متجر خشبية;;أخرى;https://khashabih.com/;https://instagram.com/khashabih;;khashabih1@gmail.com;500000000;Active;0;0
Elyme21;اليمي21;;تسويق إلكتروني;https://elyme21.com;https://instagram.com/elyme2021;https://twitter.com/elyme21;elyme2021@gmail.com;582222234;Active;0;0
Made in home store;متجر طبخ البيت الإلكتروني;;مطبخ و مخبوزات;http://salla.sa/madeinhome;;;aboali1200@gmail.com;500317680;Active;10;1
clear vision;وضوح الرؤية ;1010648525;أخرى;https://clearvisionksa.com/;https://instagram.com/clearvisionksa;https://twitter.com/Clearvisionksa_;nourah.alhaamdan@gmail.com;548518791;Active;0;0
fastich;فاستك;;حلول إلكترونية;http://www.fastich.com;;;aalmakki@fastich.com;565744443;Active;0;0
Ion store;متجر ايون;;تسويق إلكتروني;https://salla.sa/ionstoresa?expires=1617971983&identifier=513399959&utm_source=dashboard&signature=5feee61ce143333924452d34a8e241ee159abe985e2ddd297bad63d9b9673a32;https://instagram.com/ionstoresa;https://twitter.com/Ionstoresa;Ionstoresa@gmail.com;532219942;Active;0;0
thmrat;ثمرات تهامة;4603145036;أخرى;https://thmrat.sa;;;info@thmrat.sa;560998960;Active;0;0
folna1234;فولنا ;;أخرى;https://salla.sa/folna_18;;;Asma99c@gmail.com;502253972;Active;0;0
Cars ads;اعلانات سيارات;;السيارات;https://www.snapchat.com/add/v_ljo;;;Hmw2833@gmail.com;508320025;Active;0;0
MALA;مالا;;أخرى;https://salla.sa/mala_store?expires=1617969242&identifier=507686996&utm_source=dashboard&signature=0c5bc0669a023648db7eb1221ede80a5ee0dd024d00cda05f3621576ce28bc66;;;malastore2021@gmail.com;573250074;Active;10;1
TERMS;ترمس;;تسويق إلكتروني;https://salla.sa/terms.sa;https://instagram.com/terms.sa;;Slloom179@icloud.com;558828035;Active;0;0
Loreet ;لوريت٠;;مستلزمات المرأة;https://salla.sa/loreet/;;;Loreet2021@gmail.com;598312888;Active;0;0
Nada store;متـجر نندى;;أخرى;https://t.me/NadaStore029;;;salmafa92@gmail.com;550482395;Active;10;1
Store muosa79;متجر موسى79;;أخرى;https://muosa79.com;;;saly88688@hotmail.com;552627779;Active;0;0
AwalTec;التقنيات الأولى;;حلول إلكترونية;https://isar.store/;;;getisar@gmail.com;553300606;Active;0;0
A platform for buying selling and various service;لهفة الريف التجارية;2050125044;تسويق إلكتروني;https://www.rivanomarket.com/login;;;rivanomarket@hotmail.com;568910141;Active;0;0
Eje cafetero;محور القهوه;;تسويق إلكتروني;https://salla.sa/ejecafetero;;;Eje0cafetero@gmail.com;546674494;Active;0;0
hailmarket;سوق حائل الالكتروني ;;تسويق إلكتروني;https://hail-market.com/;;;hailmerkt2019@gmail.com;570909432;Active;0;0
Khulydh;خليدة;1010699271;أخرى;https://salla.sa/khulydh.business.ksa;https://instagram.com/khulydh_business;;Khulydh.business.ksa@gmail.com;502008944;Active;0;0
hailphooto ;مؤسسة صور حائل فوتو ;3350145329;تصميم وطباعة;http://hailphoto.com/;;;hailphoto2030@gmail.com;554341452;Active;0;0
Ngham; نغم;;أخرى;https://salla.sa/ngahm;https://instagram.com/n.g.h.a.m;;Noshrabah@gmail.com;509141354;Active;0;0
HekayhGeth;حكاية غيث;1130110748;أخرى;https://salla.sa/hekayhgeth;https://instagram.com/hekayhgeth;https://twitter.com/HekayhGeth;gethshop44@gmail.com;531302939;Active;0;0
Colar;كولار;5861616359;مستلزمات المرأة;https://colarksa.com/;https://instagram.com/colarksa;;Colarstore@gmail.com;555292483;Active;0;0
salsbellaandsispan ;سلسبيلا و سيسبان ;;مستلزمات المرأة;https://salla.sa/salsbellaandsispan;;;maryamabdrhman@gmail.com;533618982;Active;0;0
Laguna Boutique;لقونا بوتيك;;تسويق إلكتروني;https://salla.sa/laguna_boutique;;;lagunaboutique9@gmail.com;567859166;Active;0;0
World and Moments;وورلد اند مومنتس;;أخرى;https://worldandmoments.com;https://instagram.com/worldandmoments0;https://twitter.com/worldmoments1;worldandmoments@gmail.com;502392610;Active;0;0
Nsym;نسيم;;أخرى;https://salla.sa/nsym_store?expires=1617923837&identifier=1790136070&utm_source=dashboard&signature=3b7d858d469ed0ccffb6859ff70c23bc5faedffc83ce9fc74e288cf1fb956a4c;https://instagram.com/_nsym4_;;Nsym84@gmail.com;583829822;Active;0;0
Women accessories store;متجر إكسسوارات نسائيه;;مستلزمات المرأة;https://bomhamed.com;;;fadelalali1990@gmail.com;536534560;Active;0;0
STOP S;تم اغلاق متجر;;تسويق إلكتروني;https://t.me/arv;;;itsean01@hotmail.com;548110585;Not Active;9.1;36
Bifflex;بيلفكس;;إلكترونيات واكسسورات;https://salla.sa/bilfx;;;Aalmalkyaa@gmail.com;560887647;Active;0;0
Fast Charge Telecome;متجر فاست شارج للاتصالات;5906333044;إلكترونيات واكسسورات;https://www.fastcharge.com.sa;https://instagram.com/fast_charge.sa;;alsallhi05651@gmail.com;565472177;Active;0;0
Hanaa Altraf;خلطة حناء التررف;;مستلزمات المرأة;https://www.snapchat.com/add/tarf6789;;;mnbmm888888@gmail.com;550177949;Active;0;0
Zafran Altraf;زعفران الترف ;;مطبخ و مخبوزات;https://www.snapchat.com/add/tarf6789;;;mnbmm888888@gmail.com;550177949;Active;0;0
boharat altraf;بهارات الترف ;;مطبخ و مخبوزات;https://vm.tiktok.com/ZSJM4pXMG/;;;mnbmm888888@gmail.com;550177949;Active;0;0
coffee cloud;كوفي كلاود;4650224915;أخرى;https://salla.sa/coffeecloud;https://instagram.com/c_cloud1414;;coff202@gmail.com;507760044;Active;0;0
bakwor altraf;بخور الترررف;;مستلزمات المرأة;https://vm.tiktok.com/ZSJM4pXMG/;;;mnbmm888888@gmail.com;550177949;Active;0;0
kahwah altraf;قهوة الترف ;;مطبخ و مخبوزات;https://www.snapchat.com/add/tarf6789;;;mnbmm888888@gmail.com;550177949;Active;0;0
asal altraf;عسل الترف ;;مطبخ و مخبوزات;https://www.snapchat.com/add/tarf6789;;;mnbmm888888@gmail.com;550177949;Active;0;0
kaltat altraf;خلطه الترف للبشره ;;مستلزمات المرأة;https://vm.tiktok.com/ZSJM4pXMG/;;;mnbmm888888@gmail.com;550177949;Active;0;0
glasses Elegant;إليقانت;;إلكترونيات واكسسورات;https://elegant-glasses.com/;;;BZN.Fahad@gmail.com;557280639;Active;0;0
Baby pattern;بيبي باترن;4030405714;مستلزمات المرأة;https://babypattern.store/;;;Masters.co.sa@gmail.com;556609884;Active;0;0
ET STORE;متجر اي تي ;;أخرى;https://t.me/EpicTeamStore;;;fsm345238@gmail.com;509333042;Active;0;0
Electronic services 66;خدمات الكترونيه ٦٦;;حلول إلكترونية;https://marooF.sa/125360;;;ksm66kop@gmail.com;559134309;Not Active;10;3
Neon Studio;نيون ستوديو;;أثاث وديكور;https://neonstudiosa.com;;;rubaalasmari13@gmail.com;546035885;Active;0;0
khat alteeb;خط الطيب;;أخرى;https://salla.sa/khatalteeb;https://instagram.com/khat.alteeb;;kahat.alteeb@gmail.com;547187507;Active;0;0
Pubgg1 accounts;قناة حسابات ببجي رخيصه;;تسويق إلكتروني;https://t.me/Yoyo00n;;;Mdmn.007@hotmail.com;555766722;Active;0;0
;متجر مها التمييز;;تسويق إلكتروني;https://mahaaltmiuz.com/;;;mahaaltmauz@gmail.com;596111193;Active;0;0
Banan;البنان;;مستلزمات المرأة;https://baananstore.com/;https://instagram.com/storebanan;;Banan3store@gmail.com;541894062;Active;0;0
SMART SHOP C;سمارت شوب;;إلكترونيات واكسسورات;https://smartffo.com;;;smartshopcare1@gmail.com;537573491;Active;0;0
Bakhtria Foundation for Cosmetics;مؤسسة بخترية لمستحضرات التجميل;1122103361;أخرى;https://bakhtria.com.sa;;;ala7othy@hotmail.com;557167895;Active;0;0
taf3elat store;متجر تفعيلات;;حلول إلكترونية;https://taf3elat.com/;https://instagram.com/taf3elat;;taf3elat@hotmail.com;555234537;Active;0;0
KETSshop;متجر كيتز ;;تسويق إلكتروني;https://ketsshop.com/;;;Ketqadri@icloud.com;572706318;Active;10;1
PRINT 4U;برنت فور يو ;;أخرى;https://salla.sa/printfour4.com;https://instagram.com/pr4.u;;pr4.u@outlook.com;500914300;Active;0;0
flower hope00;زهرة الأمل;;تصميم وطباعة;https://salla.sa/flower_hope00;;;smileonlife1234@gmail.com;500000000;Active;10;1
MK Store for Information Technology;متجر ام كي لتقنية المعلومات;;حلول إلكترونية;http://salla.sa/mk3;;;des-7zon@hotmail.com;599068482;Active;0;0
Passion dose ;جرعة شغف;;تسويق إلكتروني;https://passiondose.com/;https://instagram.com/passiondose_;;passiondose@gmail.com;562455592;Active;0;0
haserh;حصيره;;أخرى;https://haserh.com;;;3mmar5773@gmail.com;508915773;Active;0;0
AQARAT SHHBAB;عقارت شباب العصيمي التمليكية;;العقارات;https://raidaleaqarat.business.site/?whatsapp;;;raidaljeaid@gmail.com;547337070;Not Active;0;0
beauty care boducts;منتجات عناية بالبشرة;;أخرى;https://www.beauty1maroof.sa;;;smill1916@hotmail.com;551167844;Active;0;0
PUREE;بيـور للعبايات ;;مستلزمات المرأة;https://salla.sa/a.11.pure?expires=1617915106&identifier=1221210859&utm_source=dashboard&signature=247cce41f2ea822106bc6c6e5e8f5ce829a151c633c6f5ef6b46760a22fbc4d1;https://instagram.com/a.11.pure;;amallalmehmadi@gmail.com;542116903;Active;0;0
NasyWorld;ناسي ورلد;;إلكترونيات واكسسورات;https://nasyworld.com;;;megeb20015@gmail.com;560504234;Active;0;0
rosline;روز لاين السعودية;1010215798;كوافيرة و تجميل;https://roslinear.com;;;iroslinear@gmail.com;539561000;Active;0;0
TGift;متجر طلبي هدية;4033101434;إلكترونيات واكسسورات;https://justvip-store.com/;https://instagram.com/t_gift2030;;Dr.pea2030@gmail.com;570278328;Active;0;0
Trtiba;ترطيبه ;;مستلزمات المرأة;https://www.trtiba.maroof.sa;;;a0542817954@gmail.com;562544704;Active;0;0
Card dose;كارد دوز;2053118383;إلكترونيات واكسسورات;http://card-dose.com/;https://instagram.com/card_dose;https://twitter.com/card_dose;carddoaestore@gmail.com;503696198;Active;10;5
;قمر الرياض;1010203792;أخرى;https://salla.sa/qamara;https://instagram.com/qamar_al_riyadh;;mhmhshoes@yahoo.com;550132163;Active;0;0
;صاع الفطرة;4030412193;تسويق إلكتروني;http://saaalfetrah.com/;;;saa.ftrh@gmail.com;504618029;Active;0;0
definger;ديفنجر;;إلكترونيات واكسسورات;https://salla.sa/definger;https://instagram.com/definger.sa;;Definger.com@gmail.com;583185041;Not Active;0;0
SHIRWL KSA;شروال السعودية ;;تسويق إلكتروني;https://salla.sa/shirwl_ksa;https://instagram.com/shirwl_ksa;;Moody13256@gmail.com;531844075;Active;0;0
Mei coffee;قهوة مي;;أخرى;https://www.snapchat.com/add/m-otaipi;;;may.1994.y@gmail.com;550704829;Active;10;1
MeshMooM;مشموم;;تسويق إلكتروني;Http://salla.sa/meshmoom;https://instagram.com/meshmoom.sa;;meshmoom.store@gmail.com;544255198;Active;0;0
hamad s alfarraj est;مؤسسة حمد الفراج;1010011490;أخرى;https://www.byc-ksa.com/;;;Byc-ksa@hotmail.com;567957646;Active;0;0
Hlaastore;متجر هلا21;2055130238;تسويق إلكتروني;https://salla.sa/hlaa.store;;;hlaastore21@gmail.com;590705213;Active;10;8
wow alrowah;واو الروعة;4030413186;أخرى;https://wowshopsa.com/;https://instagram.com/woowshopsa;https://twitter.com/woowshopsa;wowalrowah@gmail.com;546888995;Active;10;1
see store;انظر المتجر;;أخرى;https://salla.sa/see_store;;;ghareeb-ksa@hotmail.com;556001120;Active;0;0
Exponential Boost;اكسبونينشال بووست;;حلول إلكترونية;https://exponentialboost.com;https://instagram.com/exponentialboost;;exponentialboost7@gmail.com;539324007;Active;10;1
nasmastore;متجر نسمه;;أخرى;https://nasma-store.com;https://instagram.com/nasmastore1;https://twitter.com/nasmastore;nasmastore2@gmail.com;547033059;Active;0;0
Anan perfumes;طيب عنان;1010680310;أخرى;https://ananperfumes.com/;https://instagram.com/ananperfumes.sa;;ananperfumes@gmail.com;509049969;Active;0;0
joyful product ;بهجة المنتج;;أخرى;https://salla.sa/joyful.product/;https://instagram.com/joyful.product;;joyful.product@gmail.com;556427143;Active;0;0
mutuq;متوق للعطور;1010698124;أخرى;https://mutuq.com/;;;aaa555310aaa@gmail.com;535242824;Not Active;0;0
showksa;عرض السعودية;2050142410;تسويق إلكتروني;https://showksa.com/Home/Index?back=1;;;showksa@hotmail.com;555811940;Active;0;0
;عالم الاطار التجارية;1010512639;السيارات;http://www..com/;;;abdullahsaud2018@gmail.com;580533321;Active;0;0
Golf Gemini;جولف الجوزاء;1010673893;أخرى;https://golf-gemini.com/;;;sami@golf-gemini.com;542118477;Active;0;0
binradii;بن راضي;;أخرى;https://salla.sa/binradii;;;binradiii@gmail.com;540414159;Active;10;1
Phone Pro;فون برو;;إلكترونيات واكسسورات;https://salla.sa/phonepro.com;;;phpro81@gmail.com;545892790;Active;0;0
Tody Store;متجر تودي;1010693841;أخرى;http://www.tody.store;https://instagram.com/tody_store_sa;https://twitter.com/TodyStore;todystore@tody.store;556455529;Active;0;0
matjar star;متجر ستار7;;مستلزمات المرأة;https://salla.sa/matjarstar7;;;matjarstar7@gmail.com;533951993;Active;0;0
DEVO4;دي فور;;مستلزمات المرأة;https://salla.sa/wadyasalla;;;Hooosen2010@gmail.com;559528375;Active;0;0
alrand;الرند;;أخرى;https://salla.sa/alrand;;;mesh1429@gmail.com;590594550;Active;0;0
Safastore;صفا ستور;1010708798;مستلزمات المرأة;https://safastoree.com/;https://instagram.com/safastore;;aldabbassafa@gmail.com;508507574;Active;10;3
Cofee filterr;مرشح القهوة;;تسويق إلكتروني;https://salla.sa/coffee-filter;https://instagram.com/coffee__filter;;Naifidan@icloud.com;567866098;Active;0;0
BIOBRAN;بيوبران;1010634280;مطبخ و مخبوزات;http://biobranbyhadeel.com/;;;lafi@elaf-sa.com;502250734;Active;0;0
hani omayr w alsaeedi;هاني عمير وصل الله السعيدي;;تسويق إلكتروني;https://salla.sa/hmmam.com;https://instagram.com/hmam_shop;https://twitter.com/hamam_shop;Abo_hmmam@hotmail.com;545827363;Active;0;0
abdullh mohmmed alqhtani;عبدالله محمد فلاح القحطاني;;تسويق إلكتروني;https://veluelite.com;;;amq191@yahoo.com;500050957;Active;0;0
Al Asala Honey;عسل الاصاله;;أخرى;https://alasalahoney.com/;https://instagram.com/alasala_honey;https://twitter.com/alasala_honey;Alasalahhoney@hotmail.com;554559885;Active;0;0
AkatsukiStore;متجر أكاتسكي;;تسويق إلكتروني;https://salla.sa/akatsukistore.com;https://instagram.com/akatsukistore1;https://twitter.com/AkatsukiStore;xAkatsukiStorex@gmail.com;501726599;Active;0;0
daken;داكن للعود;;أخرى;https://dakenoud.com;;;Oud.Daken@gmail.com;599274669;Active;0;0
Masar Althegah Trading Est;مؤسسة مسار الثقه للتجاره;1010697744;تسويق إلكتروني;https://www.amazon.sa/sp?_encoding=UTF8&asin=B08XB35SYF&isAmazonFulfilled=0&language=en&ref_=olp_merch_name_2&seller=A1CIUGV5WK0B09;;;sales@masaralthegah.com;536263990;Active;0;0
I am Pretty sallon;مركز انا جذابة للتزين النسائي ;4030397918;كوافيرة و تجميل;https://www.anajdaba.com;;;Sales@anajdaba.com;501350242;Active;0;0
Fahad Ali Kinsarah;فهد علي كنسارة;4030343667;أخرى;https://redrosaa.com/;;;info@redrosaa.com;565070801;Active;0;0
Vision Precision Trading Institute ;مؤسسة دقة الرؤية التجارية;4030209131;تصميم وطباعة;https://pixo-adv.com/;;;info@pixo-adv.com;592800900;Active;0;0
Rfeeq;رفيق;1010692165;أخرى;https://zid.store/rafeeq;https://instagram.com/rafeeqshop;https://twitter.com/Rafeeqshop;rafeeqsa.store@gmail.com;559442722;Active;0;0
;متجر اناقتي لتخفيضات ;;إلكترونيات واكسسورات;https://salla.sa/anagti-m.com;;;anagti1500@gmil.com;582425412;Active;0;0
OYAJiCard;اوياجي كارد;;أخرى;https://salla.sa/oyaji_card;;;OYAJi.AF.2019@gmail.com;590205416;Active;0;0
katwalk;كات ووك;2062617591;تسويق إلكتروني;https://katwalk.sa;https://instagram.com/katwalk.sa;;customercare@katwalk.sa;593924010;Active;0;0
Speaking art ;الفن المتحدث;;أخرى;https://artspeaking.net/;;;A.flowers505@hotmail.com;501327617;Active;9;1
Al Harith for Oud ; الحارث للعود ;;تسويق إلكتروني;https://salla.sa/alharithforoud.1;;;Hcoiur2017@gmail.com;565408212;Active;0;0
FI store;متجر افاي;;إلكترونيات واكسسورات;https://salla.sa/fifi_fifi;;;abdmajeed233@gmail.com;507242034;Active;0;0
      WARQ PRINTING ;مطبعه ورق ;2050144110;تصميم وطباعة;https://warq-sa.com;https://instagram.com/warqksa;https://twitter.com/WARQKSA;warq.ksa@gmail.com;540558076;Active;0;0
TRADING ATHURITY COMMERCIAL AGENCY;وكالة هيئة تداول التجارية;;أثاث وديكور;https://www.hayaat-altadawul.online;;;dr.sanad@protonmail.com;594289701;Active;0;0
learntia;ليرنتيا;2051235222;خدمات أكاديمية;https://www.learntia.com/;;;info@learntia.com;548949504;Active;0;0
Yourbeautyy;جماالك;;كوافيرة و تجميل;https://salla.sa/your-beauty;;;hbmkvfh@gmail.com;500000000;Not Active;0;0
alrayyan alshamali;الريان الشمالي للخدمات التجارية;4030313542;تسويق إلكتروني;https://widesaudistore.com/;;;widesaudistore@gmail.com;503402780;Active;0;0
Octave Shop;متجر أوكتاف;4030194082;أخرى;https://octave-shop.com;;;manzilak@manzilak.com;544732231;Active;0;0
tiem astore;تيم متجر;;تسويق إلكتروني;https://salla.sa/tiemastore;;;tiemastore@gmail.com;501997702;Active;0;0
management consulting ;استشارات ادارية ;;أخرى;https://mcmanagement00.wixsite.com/mcmanagement;;;MC.management00@gmail.com;544418648;Active;0;0
Your beautyy;جمالكم;;كوافيرة و تجميل;https://salla.sa/your-beauty;;;hbmkvfh@gmail.com;581206330;Not Active;0;0
WsddffTest;تجربةيذببلدد;;أخرى;Http://test.com;;;Saljuried@hotmail.com;538800500;Active;0;0
ROYAL OUD LUXURIOUS;متجر العود الملكي الفاخر;;أخرى;https://salla.sa/kingoud;;;Kingoud75@gnail.com;533586773;Active;0;0
U1418u;ملفوفه سبشل;;مطبخ و مخبوزات;https://salla.sa/u1418u;https://instagram.com/u1418u;;V1418v@hotmail.com;503644295;Active;0;0
almalak honey;عسل الملاك;;أخرى;https://salla.sa/almalak.honey3;;;malak.honey3@gmail.com;554833510;Active;0;0
Special hair ;سبيشل هير ;;أخرى;https://salla.sa/specialhair.sa?expires=1617849301&identifier=595767799&utm_source=dashboard&signature=b4b01aa873985d8e01afcb0edff9632dde90ab440676db928cc1b12464d52fff;;;Specialhair.sa@gamil.com;540596002;Active;0;0
;آمر للخدمات الألكترونية عامة ;;أخرى;https://aldhmani.company.site/;;;Yaldhmani@gmail.com;557442511;Active;10;1
dar fawasil professional fashion;دارفواصل محترفة للأزياء;4650226075;أخرى;http://maroof.com/fawasilfashion;;;fatn223@hotmail.com;502665624;Active;0;0
ALFADA ALSHAMIL;متجر الفضاء الشامل;4650229722;إلكترونيات واكسسورات;https://alfadaalshamil.com;https://instagram.com/alfadaalsamil;https://twitter.com/alfadaalsamil;alfadaalsamil@gmail.com;539355694;Active;0;0
Smokey Bazaar ;سموكي بازار ;1010640001;أخرى;https://smokeybazaar.com;;;Support@smokeybazaar.com;543444030;Active;0;0
tamyzmain;مؤسسة تميز معنا للتجارة ;4032248894;تسويق إلكتروني;https://tamyzmain.com;https://instagram.com/tamyzmain;https://twitter.com/tamyzmain;tamyzmain@hotmil.com;500072274;Active;0;0
Grove roastery;محمصة قروف;4031240112;أخرى;https://groveroasters.com;;;Info@groveroasers.com;502627366;Active;0;0
Beutiher;بيوتيهير;;مستلزمات المرأة;https://salla.sa/beutiher;https://instagram.com/beutiher;;beutiher@gmail.com;537960976;Active;10;1
swartic for Gold plated Jewelry;متجر سوارتك للحلي الصناعية والمجوهرات;2060622952;مستلزمات المرأة;https://swartic.com;https://instagram.com/swarticofficial;https://twitter.com/swartic1;sewartic@gmail.com;590644282;Active;0;0
Spicesworlld;بهارات العاليمة ;;مطبخ و مخبوزات;https://maroof.sa/197897;https://instagram.com/spices_worlld;;Spicesworlld@gmail.com;530105609;Active;0;0
norah alnoqair design ;مصممة نوره النقير ;;أخرى;https://salla.sa/norahi.fd?expires=1617834296&identifier=283675094&utm_source=dashboard&signature=b1ae922a5b1e796d6245392bfcb4b5a24c48ebe3df681ce18ce617b1da6dc3a6;https://instagram.com/norahi.fd;;none.1212@hotmail.com;503786340;Active;0;0
Jawdh Tech Store;جودة تك ستور;;إلكترونيات واكسسورات;https://salla.sa/jawd-tech-store/;;;Jawdhtechstore@gmail.com;556645913;Not Active;0;0
EL SALVADOR;السلفادور ;;تسويق إلكتروني;https://salla.sa/el_salvador_ksa;https://instagram.com/el_salvador_ksa;;saud1414226@gmail.com;565613225;Active;0;0
S4yrlife;اس4 يور لايف;;إلكترونيات واكسسورات;https://zid.store/s4yrlife;;;S4yrlife@gmail.com;564679448;Active;0;0
saudicriative;الابداع السعودي;1010552574;أخرى;https://asaheebsa.com/;;;faisalnm14056@gmail.com;555083899;Active;0;0
Cute dolls;الدمى اللطيفة;;أخرى;https://salla.sa/oouk;https://instagram.com/l41i_;;M9876bbtd@gmail.com;500366143;Active;0;0
PUBG Mobile WASITT;وسيط ببجي موبايل 1 ;;تسويق إلكتروني;https://t.me/kiiom;;;abdalkrem11a@icloud.com;506017245;Active;0;0
sugar1;شوقر1;;تسويق إلكتروني;https://sugar-st0re.com;;;x1b977@gmail.com;503683007;Active;0;0
Buran store;متجر بوران ;1010696194;أخرى;https://buranstore.com/?expires=1617491487&identifier=1308259029&utm_source=dashboard&signature=7d9a6efbe6c635e079383c61845391f0f90a20edcf6b7d28811a785de04ad7ce;;;Buranstore1@gmail.com;504132114;Active;0;0
Matjar lyan;متجر  ليان ;;إلكترونيات واكسسورات;https://salla.sa/lyan.com;;;Piaan5566@hotmail.com;551371145;Active;0;0
Main;اساس;1010698916;حلول إلكترونية;https://www.mainhc.com;https://instagram.com/mainhc;;Main@mainhc.com;563672777;Active;0;0
Rakeeb AlDerah;ركيب الديرة;2050143809;أخرى;https://www.RakeebAldeerah.com;;;Ibrahim@minah.com.sa;506965507;Active;0;0
;الفجر للعود;;أخرى;https://salla.sa/alfajer_lloud;;;wedian2510@outlook.sa;502490969;Active;0;0
Deep ocean ;عمق المحيط;;مستلزمات المرأة;https://salla.sa/deep_ocesn;;;Nouf-al-harbi@outlook.com;546281693;Active;0;0
cy;سي2954;;تسويق إلكتروني;https://www.cy.com;;;asd@yahoo.com;542077826;Not Active;0;0
mumbina;مامبينا;;تسويق إلكتروني;https://mumbina.com/;https://instagram.com/mumbinastore;https://twitter.com/mumbinastore;mumbinostore@gmail.come;508355290;Active;10;1
Best Solution ;متجر الحل الأمثل  بيست سولوشن;;مستلزمات المرأة;https://bestsolutionsa0.com/;https://instagram.com/best.solution0;;alktheri-amal@hotmail.com;500927141;Active;0;0
flaroz;فلاروز;;الحرف والصناعات اليدوية;https://flarozboutique.com/;;;flaroz_boutique@yahoo.com;543592157;Active;0;0
castlephone;كاستل فون;4031244628;إلكترونيات واكسسورات;https://salla.sa/castlephone;;;c.castlephone@gmail.com;533379919;Active;9;1
H leathers;أش لذرز;;مستلزمات المرأة;https://salla.sa/h_leathers;https://instagram.com/h.leathers.sa;;Hana.najdi@gmail.com;504941821;Active;0;0
7b7b;متجر حبحب;;تخطيط مناسبات وحفلات;https://salla.sa/hubhub_sa;https://instagram.com/7b7b_ksa;;info.7b7b@gmail.com;555169140;Active;0;0
mohammed ahmad;ايتاج;;أخرى;https://salla.sa/etaj_perfume.com;;;mohammed.9987@icloud.com;504958673;Active;0;0
11alegria;11 اليقريا;;أخرى;https://11alegria.com;https://instagram.com/alegriaparfume;;alegriaparfume@gmail.com;566920929;Active;0;0
busalatalkaif;بوصلة الكيف;5900111106;أخرى;https://busalatalkaif.com;;;buokaif@gmail.com;501925515;Active;0;0
Tarf beauty;ترف بيوتي  ;;مستلزمات المرأة;https://www.snapchat.com;;;Thani-3831@hotmail.com;533614671;Active;0;0
Revaksa;ريفا السعودية;1185103049;تسويق إلكتروني;https://www.reva-ksa.com;;;reva.ksa.com@gmail.com;557742752;Active;10;1
Tmrat alaseel;تمرات الاصيل ;4030411913;أخرى;https://tmratalaseel.com/;;;aseel.batawq@hotmail.com;598801911;Active;0;0
origin of ouud;أصل العود الشرقي;;أخرى;https://salla.sa/originofouud;;;abosarh_a@hotmail.com;554057679;Active;0;0
;وقف سقيا المعين;4031098816;أخرى;https://waqfalmaein.com/;;;wagf.almaein@gmail.com;501507844;Active;0;0
Giftss75;هدايا٧٥;;إلكترونيات واكسسورات;https://salla.sa/flamingol_9_m?expires=1617815099&identifier=1291690610&utm_source=dashboard&signature=b753730c9d2440df4f301b883a5c4b6c72cca4c7e9e098da3610f7231db6dafd;;;flamnqwaljwf@gmail.com;550569595;Active;0;0
The International Food Est;مؤسسة الطعام الدولي التجارية;1010695630;مطبخ و مخبوزات;https://theinternationalfood.com;https://instagram.com/t_i_f_com;https://twitter.com/T_I_F_com;theinternationalfoodcom@gmail.com;502655201;Active;0;0
agabe;أقابي;1010698906;أخرى;https://agabe-perfume.com;;;agabe.luxr.perfume@gmail.com;506429039;Active;0;0
;المطهر  للزهور;4032014834;أخرى;https://almotahhar.com;https://instagram.com/almotahhar;;almotahhar@gmail.com;537070288;Active;0;0
salat laham;سلة لحم;1010459721;أخرى;https://salatlaham.com/;;;thamer.a.binrayes@hotmail.com;555333632;Active;0;0
Tayn store ;متجر تين للخضار والفاكهة ;;أخرى;https://tayn.store/;;;Man.1990.aldli@gmail.com;556979337;Active;0;0
Sweetmeat891;سويت مييت;;أخرى;https://Sweetmeat891.sa;;;Sweetmeat891@gemail.com;550022917;Active;0;0
B naif;توابل ام نايف ;;مطبخ و مخبوزات;https://www.snapchat.com/add/lln.a20;;;Wedad_y@outlook.sa;544832512;Not Active;0;0
Flair Store;متجر فلير;;تسويق إلكتروني;https://www.maroof.sa197793;;;flairstore22@gmail.com;562832643;Active;10;1
7ebaa2021;حباء جمال الإهداء;;تسويق إلكتروني;https://7ebaa2021.com;https://instagram.com/7ebaa2021;https://twitter.com/7ebaa2021;thedreams33@hotmail.com;556325585;Active;0;0
Asawer  Shop;أساور  شوب;2050144234;تسويق إلكتروني;https://asawershop.com;;;asawrshop@gmail.com;531332721;Active;0;0
Dar alshoug ;دار الشوق;2059101681;تسويق إلكتروني;https://salla.sa/daralshoug.com;;;k-s-a-nais@hotmail.com;507736752;Active;0;0
Matjar Arab;متجر  العرب ;4030413105;تسويق إلكتروني;https://matjararab.com;;;care@matjararab.com;509665073;Active;0;0
;متجر غيمه للادوات;;تسويق إلكتروني;https://nada22.com;;;fhstna6@windowslive.com;541011999;Active;0;0
iCovery Store;متجر اي كفري;;إلكترونيات واكسسورات;https://icoveryi.com/;;;if22l@outlook.com;542059472;Active;0;0
safe changes;مؤسسة قيادة التغيير للأعمال والاستشارات الإدارية;5900127524;أخرى;https://www.safe-changes.com;;;info@safe-change.com;504717896;Active;0;0
deadline;الموعد النهائي;;أثاث وديكور;http://deadlineco.com;https://instagram.com/dead._lines;;deadlines.design@gmail.com;534191980;Active;0;0
Sayda;مؤسسة عيشها للتجارة;1010636153;حلول إلكترونية;https://saydastore.com;https://instagram.com/storesayda;https://twitter.com/StoreSayda;msaydahstore@gmail.com;592488471;Active;0;0
Abeer accounts;عبير لبيع الحسابات;;تسويق إلكتروني;https://t.me/AbeerAccounts;;;iAber1_ac@outlook.com;501920757;Active;0;0
Al Safwa Wells Est For Contracting;مؤسسة آبار الصفوة للمقاولات;1010616621;أخرى;https://alsafwh.com;https://instagram.com/abbar.alsafwah;https://twitter.com/abbaralsafwh;Abbaralsafwah1@gmail.com;566656370;Active;10;2
Artology;ارتولوجي;;أثاث وديكور;https://www.artologysa.com;;;info@artologysa.com;504439850;Not Active;0;0
ghudfti;غدفتي;;تسويق إلكتروني;https://salla.sa/ghudfti.com;;;ghudfti@gmail.com;537715182;Active;0;0
Topbhar ;توب بهار;;مطبخ و مخبوزات;https://salla.sa/topbhar;https://instagram.com/topbhar;;Topbhar@outlook.sa;555154636;Active;0;0
Osama;متجر اسامه;;مطبخ و مخبوزات;https://salla.sa/os7?expires=1617797949&identifier=249667003&utm_source=dashboard&signature=45d805923d251aff3b35e24178e1f620e591c017108fffbd5c83b376df7dc048;;;Osama.he77@gmail.com;552594077;Active;0;0
HDC Hotels;عبدالحكيم سعد عبدالله آل هنيدي;4030275875;العقارات;http://hdc-intl.com/;https://instagram.com/hdc.hotel;https://twitter.com/HdcHotel;hdc24401@gmail.com;559016134;Active;0;0
Fant store;متجر فانت;;مستلزمات المرأة;https://salla.sa/fant_store;https://instagram.com/kizbl.00;https://twitter.com/kizbl;Fantstore@gmail.com;553437769;Active;0;0
Seven November ;متجر سبعة نوفمبر;1010697195;أخرى;https://sevenovember.com/;https://instagram.com/7november_store;;hello7november@gmail.com;561995016;Active;0;0
alqsr;القصر ديزاين ;;أثاث وديكور;http://alqssr.com;;;alqsr175@gmail.com;551011772;Active;0;0
nfaesalghab;نفائس الغاب;;أخرى;https://nalghab.com;https://instagram.com/nalghab;;nfaesalghab@gmail.com;564566378;Active;0;0
MARINA;مارينا;4030144678;مستلزمات المرأة;https://marinafashion.com.sa;;;info@marinafashion.com.sa;582406414;Active;0;0
Drive Out;درايف اوت;;حلول إلكترونية;http://idriveout.com;https://instagram.com/idriveout;https://twitter.com/DriveOut13;idriveout@gmail.com;559870673;Active;0;0
Juman Optics;جمان للبصريات;1010663217;تسويق إلكتروني;https://juman.shop;https://instagram.com/bellacontactlenses.ksa;;fahad@juman-optics.com;593176262;Active;0;0
M W Store;متجر إم دبليو;1010720788;كوافيرة و تجميل;https://salla.sa/mw_store22;https://instagram.com/store_man_sa;https://twitter.com/Store_Man_sa;MW_store22@hotmail.com;531232279;Active;0;0
fashion map accessories;فاشن ماب اكسسوارز;;مستلزمات المرأة;https://fashionmapaccessories.com;https://instagram.com/f.map0;;fashion.map0@gmail.com;554852162;Active;0;0
kafshop2021;كاف شوب;;مستلزمات المرأة;https://www.kafshop2021.com;https://instagram.com/kafshop2021;https://twitter.com/8K3eHDtMSQbZvds;kafshop2021@gmail.com;580384336;Active;0;0
Syartk;تطبيق سيارتك;2031104352;السيارات;https://syartk.com.sa;https://instagram.com/syartk_sa;https://twitter.com/Syartk_sa;Syartk@hotmail.com;500000000;Active;10;1
;حل واجبات لطلبه الجامعات ;;خدمات أكاديمية;https://wa.me/message/BYPQNE4FGRX2M1;;;Riham1114444@icloud.com;552504259;Active;0;0
Savon;سافون;;الحرف والصناعات اليدوية;https://salla.sa/savon.ksa?expires=1617785623&identifier=46699707&utm_source=dashboard&signature=5c1ed5ca8d3fc5cb133a98b216c13b21119009ab1f71c8189d451a99154c628a;https://instagram.com/savon.ksa;;Balyami7@gmail.com;503445067;Active;0;0
;مؤسسة رمز العطر للتجارة ;1010634606;أخرى;https://rmzperfume.com;;;Rmzperfume@gmail.com;506162444;Active;0;0
Lina Al Tamimi Business Services Corporation;مؤسسة لينة التميمي لخدمات الاعمال ;4650229509;تسويق إلكتروني;https://epicdma.com/;https://instagram.com/epicdmasa;https://twitter.com/EpicdmaSA;Info@epicdma.com;580039786;Active;0;0
;لبيع الجديد والمستعمل;;إلكترونيات واكسسورات;https://cutt.us/8XntP;https://instagram.com/haraj00070;;A7b212@gmail.com;553093811;Active;0;0
SAG KSA;سآج;;مستلزمات المرأة;https://salla.sa/store_sag.ksa;https://instagram.com/sag.ksa;;Sag.ksa.2030@gmail.com;596779094;Active;0;0
onllon;اون لون;4032248899;مستلزمات المرأة;https://onllon.co/;https://instagram.com/onllon.co;;olioncarecenter@gmail.com;542261300;Active;0;0
DANTI;دانتي;;مطبخ و مخبوزات;https://danttii.com;;;dantiicecream@gmail.com;557104047;Active;0;0
N7R Stor;نحر ستور;;إلكترونيات واكسسورات;https://salla.sa/nf8stor?expires=1617778639&identifier=1816116603&utm_source=dashboard&signature=d42cb15a6e53351c0350ee8484215be814492e58b3b23598bef1d9434de0c354;;;Nawwaf8044@gmail.com;509051824;Active;0;0
saudizafaf;زفاف السعودية ;4030169461;تخطيط مناسبات وحفلات;http://saudi-zafaf.com;;https://twitter.com/saudi_zafaf;info@saudi-zafaf.com;551269588;Active;0;0
Fifty Two Store;متجر فيفتي تو;;تسويق إلكتروني;https://salla.sa/52store;;https://twitter.com/52sttore;52sttore@gmail.com;595046888;Active;6.6;7
  Fragrant rose; عبق الورد;;أخرى;http://zid.store/fragrant-rose/;https://instagram.com/fragrant_rose_shop;https://twitter.com/fragrant_rose1;fragrant.rose.shop@gmail.com;561119197;Active;0;0
Lwinzo;لوينزو;;إلكترونيات واكسسورات;https://lwinzo.com;https://instagram.com/lwinzoksa;https://twitter.com/Lwinzo;info@lwinzo.com;503048601;Active;0;0
We sho;وي شو ;;أخرى;https://www.weird1shop.com/;;;abood1997es@gmail.com;570597777;Not Active;0;0
;متجر ستاند;;تسويق إلكتروني;https://t.me/st2nd2;;;st2ndplus2@gmail.com;503644297;Active;0;0
KQ316;كي كيو 316;4030401082;تسويق إلكتروني;https://kq316.net/;https://instagram.com/kq.0316;https://twitter.com/316Kq;KQ316@hotmail.com;533055235;Active;0;0
Port of Jewels;بورت اوف جولز;;أخرى;https://portofjewels.com;;;rakan87@gmail.com;557472323;Active;0;0
store B7R;متجر بحر لبيع الشدات ;;أخرى;https://dashu.sa/store/b7rS12;;;soltansami2022@gmail.com;541617759;Active;8.7;7
SY Management consultancy ; س ي استشارات تسويقية عبر الانترنت;;حلول إلكترونية;https://www.symanagementconsultancy.com;;;Symanagementconsultancy@gmail.com;581129837;Active;0;0
Apply a cloud spray;متجر رذاذ غيمة;3400121145;تسويق إلكتروني;https://ecr.mci.gov.sa/Home/com;;;d3.nn9@outlook.sa;558857457;Active;0;0
VEERZ;فييرز;1010683857;أخرى;https://perfumeglass.net;;;inof@perfumeglass.net;502123568;Active;0;0
AFDAL OUD;موسسة افضل للعود ;1010695633;أخرى;https://www.afdaloud.com;https://instagram.com/afdal4oud;https://twitter.com/afdaloud;afdal4oud@gmail.com;544839933;Active;0;0
;متجر السهم للاتصالات;4032221960;إلكترونيات واكسسورات;https://salla.sa/alsahem.store?expires=1617732870&identifier=128045380&utm_source=dashboard&signature=e34afb06f0c12594e67bc09baf9341c6407069ae538c7910e432272d574f60c4;;;alsahem.store@gmail.com;558100073;Active;0;0
Lilanj;ليلانج;;مستلزمات المرأة;https://salla.sa/lilanj?expires=1617754186&identifier=1861547226&utm_source=dashboard&signature=475cfc06b21b9885560e936eb8ae34dfa9e8a7f3bf6405afd46556252862d298;;;Leelanj88@gmail.com;599578335;Active;0;0
Greenation;جرينيشن;1010584696;تسويق إلكتروني;https://greenation.sa/;https://instagram.com/greenationsa;;info@greenation.sa;501546689;Active;0;0
Saop abeery;صابونية عبيري;;مستلزمات المرأة;https://wa.me/message/YQZETG73O3WSB1;;;Mnawafe@gmail.com;501109130;Active;0;0
Taqah altawfer;طاقة التوفير;;أخرى;https://salla.sa/taqahaltawfer;;;t.altawfer@gmail.com;561091099;Active;0;0
birq store;متجر بيرق;;إلكترونيات واكسسورات;https://birqsa.com;;;micro.syr@gmail.com;559280720;Active;0;0
20SAHRK;تونتي شارك;;إلكترونيات واكسسورات;https://20shark.com/;;;20shark.store@gmail.com;545461025;Active;0;0
Joyce perfumes ;جوييس;;أخرى;https://2u.pw/Inv7S;https://instagram.com/joyce_perfumes;;Joyceparfums@outlook.com;502868521;Active;10;1
NOVELA MODA ;نوفيلا مودا;;مستلزمات المرأة;https://salla.sa/novelamoda;https://instagram.com/novellamoda;;novelamod@gmail.com;507520385;Active;0;0
FR;اف ار;;تسويق إلكتروني;https://salla.sa/fr9271;;;fgjhkrdhh@gmail.com;544828914;Active;10;1
ria alroz;ريا الروز;;أخرى;https://salla.sa/ria.alroz;;;ria.alroz1@gmail.com;502178507;Active;0;0
Zebra;زيبرا;;مطبخ و مخبوزات;https://maroof.sa/197602;https://instagram.com/zebraa.z;;zebraa.2021@gmail.com;501917267;Active;10;1
;تصميم أزياء نسائية;;مستلزمات المرأة;https://salla.sa/a1m2a44l45.bn;;;at448332@gmail.com;508793905;Active;0;0
tharid aljood;ثريد الجود لخدمات الإعاشة ;1010687769;أخرى;https://www.aljood.sa;https://instagram.com/tharid_aljood;https://twitter.com/tharid_aljood;tharid@aljood.sa;541011165;Active;0;0
siwakaljazeera;سواك الجزيرة;;أخرى;https://siwakaljazeera.com/;;;siwakaljazeera@gmail.com;591072999;Active;0;0
gmdwwtr;غمد ووتر;;أخرى;https://salla.sa/gmdwwtr/oEPNXV;;;000m7811@gmail.com;578130595;Active;0;0
RAWIA  vision ;رؤيا1;;مطبخ و مخبوزات;https://www.maroof.sa;;;mmnal12@icloud.com;557729511;Active;0;0
Star story;ستار ستوري;;أخرى;https://zid.store/starstory;https://instagram.com/star.storystore;;justvdisney@gmail.com;533954367;Active;0;0
MOIT;المحيط لتقنيه المعلومات;;حلول إلكترونية;http://oceanforit.com;;;MOIT_2030@outlook.com;545255210;Active;0;0
matjar qimat altayib;متجر قمة الطيب;;أخرى;https://salla.sa/kamataloud;;;Okmmm8776@gmail.com;562224403;Active;0;0
Chosen;إختياره;;حلول إلكترونية;https://maroof.sa/197573;;;chosenstore@outlook.sa;560562818;Active;0;0
Mr Thamer plas;متجر مستر ثامر بلس ;;أخرى;https://4t-alkhulife.com/;;;Uu1456@hotmail.com;533221412;Active;10;4
TO RAISE;متجر أرتقي ;4622100620;أخرى;https://wareedshop.com/;;;ara053063@gmail.com;548507515;Active;0;0
Bunny Store ;متجر بوني;;تسويق إلكتروني;https://t.me/BunnStore;;;ss77uu77hh77@gmail.com;506451579;Not Active;0;0
Malath beauty;ملاذ بيوتي ;;مستلزمات المرأة;https://malathbaeuty.com/;;;Atooosh77@hotmail.com;502352017;Active;0;0
ALDEEM Care Shop;متجر الديم لمنتجات االطبيعيه للبشره والشعر;;مستلزمات المرأة;https://salla.sa/oil__u.2021;https://instagram.com/oil__u;;umdeemm@gmail.com;552801113;Active;10;14
Alsamer telecom;السامر للإتصالات ;;إلكترونيات واكسسورات;https://badrdroid.com/;;;Adwyrg@gmail.com;550554549;Active;0;0
evan perf;عطور إيفان;;أخرى;https://salla.sa/evan.perf;;;evan.perf@gmail.com;503661655;Active;0;0
Zu service;خدمات زد يو;;حلول إلكترونية;https://zu4service.com/;https://instagram.com/zuu_service;;osamax2012@gmail.com;500890656;Active;0;0
ZOI shop;متجر زويي;1010699194;أخرى;https://salla.sa/zoh?expires=1617732648&identifier=2096314563&utm_source=dashboard&signature=7888cede18646fdef65da9c29f2270c6116c790fbf88bb36c53caaa102b1ca07;;;ibrahemalsuleiman@gmail.com;583448949;Active;0;0
Lightning Cube;المكعب المضي;;تخطيط مناسبات وحفلات;https://lightning-cube.com;;;lightning.cube1@gmail.com;583499860;Active;0;0
hopes handmade designe;هوبس لتصميم الأعمال اليدوية;;الحرف والصناعات اليدوية;https://www.salla.sa/hopes.1;;;rafeef.jalaxy@gmail.com;555949858;Active;10;1
;مون الرحاب;4601102854;إلكترونيات واكسسورات;https://salla.sa/moonalrhab;;;abdullahmosfer08@gmail.com;555784811;Active;0;0
Date shapes;مؤسسة أشكال التمور;1123102423;أخرى;https://salla.sa/ashkal.altamor;;;Rsat54@gmail.com;502376172;Active;0;0
12PM;12 مساء;;إلكترونيات واكسسورات;https://salla.sa/a12pm;https://instagram.com/12pm_sa;https://twitter.com/12PM_sa;12pminfo0@gmail.com;568269667;Active;0;0
gamrhshal;غمرة شال;;مستلزمات المرأة;https://gamrhshal.com;;;gmrhshal@gmail.com;570532486;Active;0;0
;طيبة الباسقات;;أخرى;https://salla.sa/tabasiqat;;;medtec4job@hotmail.com;531170607;Active;0;0
Bartoolz;بارتولز;;أخرى;https://bartoolz-shop.com/;;;blkhwiee@gmail.com;502031494;Active;0;0
the seventh home;البيت السابع;4032247291;أثاث وديكور;https://t.co/MBt5Xw2kfL?amp=1;;;roro-y1@hotmail.com;546970345;Active;0;0
Melfa  abaya;ملفع وعباية;;مستلزمات المرأة;https://salla.sa/melfaabaya?expires=1617729442&identifier=785603375&utm_source=dashboard&signature=55e35f1045a6dc249c28514eb5820df175a70e2883b47f7c5f584d6273e0dea9;;;faisalfyadh@gmail.com;552227180;Active;0;0
Qcmber;كيوكمبر;;مطبخ و مخبوزات;https://qcmber.com/;https://instagram.com/qcmber_sa;;qcmber.sa@gmail.com;503176422;Active;9;1
Alssaif Dates;متجر السيف للتمور;1010287008;أخرى;https://alssaifdates.com/;https://instagram.com/alssaifdates;https://twitter.com/alsaifdates;alssaifdates@gmail.com;506661602;Active;0;0
jeedraan store;متجر جدران;;تصوير;https://jeedraan.com/;;;jdraan.com@gmail.com;503251911;Active;0;0
 My honeys store ;متجر عسلي للعسل الطبيعي ;4030350860;مطبخ و مخبوزات;https://salla.sa/honey_my;;;honeymy009@gmail.com;558120930;Active;0;0
Deep horizons for information technology;افاق عميقة  لتقنية المعلومات;4030406595;حلول إلكترونية;https://www.souqnorth.com/;;;ahmedbb4231@gmail.com;538637803;Active;0;0
1Timestore;تايم ستور1;;أخرى;https://salla.sa/time_store1/;;;Ffwaz6632@gmail.com;583974765;Active;0;0
GHAID SPICES;بهارات غيد;;مطبخ و مخبوزات;https://www.maroof.sa;;;1Abood09000@gmail.com;502337941;Active;0;0
Nasj alstaa;نسج العطاء;1010639662;تسويق إلكتروني;https://nasj.sa/;;;Julikhalid4@gmail.com;545904147;Active;0;0
albiya solar;البيئة الشمسية;1010707882;حلول إلكترونية;https://solarcellsestebleshment.com;;;maltwairqi@gmail.com;555442931;Active;0;0
Bbji accounts announcements;اعلانات حسابات ببجي;;أخرى;https://t.me/sh56ii;;;shooruq3@gmail.com;501619086;Active;0;0
MUHMD STORE;ستور محمد ;;تسويق إلكتروني;https://t.me/MUHMDstore;;;iooee@hotmail.com;500235434;Active;2;1
mapsoot;مبسوط;4030370320;تسويق إلكتروني;https://www.mapsoot.com/;;;mapsootapp@gmail.com;556611771;Active;0;0
swarcm store;سواركم;1010691026;أخرى;https://www.swarcm.com;;;swarcm.store@gmail.com;502220375;Active;0;0
reem store1;ريم ستور1;4030413152;تسويق إلكتروني;https://reemstar.com/?expires=1617720118&identifier=2070979052&utm_source=dashboard&signature=bcc34cf22f33f62158e4ee79a5d16c9bdf0698553c8c76bd56fe6dfa6b53f5a1;https://instagram.com/reem.star2021;https://twitter.com/ReemStar18;reemstar2021@gmail.com;556352857;Active;0;0
Fresco Meat;فريسكو للحوم;1010994966;أخرى;https://fresco-meat.com/;;;info@fresco-meat.com;555331525;Active;0;0
Pink basket;السلة الوردية ;;تسويق إلكتروني;https://pinkbasket.co/;https://instagram.com/pink.basket7;;Ruoof.shogair@hotmail.com;548553580;Active;0;0
H BOUTIQUE NET; اتش بوتيك ;4031083702;مستلزمات المرأة;https://hboutique.net;;;info@hboutique.net;504637113;Active;0;0
;وصل المحدودة;2050141521;أخرى;https://wasal.store;;;wasal.com.sa@gmail.com;535568585;Active;0;0
A store that sells coffee tools;متجر لبيع أدوات القهوة ;;تسويق إلكتروني;https://quattro-tools.com;;;Eng.rayan123@hotmail.com;580502382;Active;0;0
Giftarea;جفتاريا;;أخرى;https://salla.sa/giftarea1;https://instagram.com/giftarea1;;Haneenalshwish@gmail.com;536870005;Active;0;0
Artistry by sazar;آرتستري;1010482653;أخرى;https://www.sazardesign.com;https://instagram.com/artistry_sazar;;info@sazardesign.com;556989781;Active;0;0
eayan satur balas;عين ستور بلس ;;إلكترونيات واكسسورات;https://salla.sa/store_eye;;;ansa003377@gmail.com;504288698;Active;0;0
yamiku store ;ياميكو ستور;;إلكترونيات واكسسورات;https://salla.sa/yamiku?expires=1617713818&identifier=624953491&utm_source=dashboard&signature=25a55e6e80bc2eba8b6916736c9f6bba2410dec7dd65d215eba246822d0aaa69;https://instagram.com/yamikustore;;amalgon98@gmail.com;568166296;Active;0;0
Durian shop;متجر دوريان;;أخرى;https://salla.sa/durianshop;https://instagram.com/durianshop;https://twitter.com/durianshop;Pease922@hotmail.com;565629629;Active;0;0
lamshdigital; لمسة رقمية;;تسويق إلكتروني;https://www.lamshdigital.com;https://instagram.com/lamshdigital;https://twitter.com/vMUVc3o75D14I0w;sales@lamshdigital.com;541373422;Active;0;0
;الجادلية;1010567193;أخرى;https://zid.store/aljadleh;;;mas.mq@hotmail.com;566062866;Active;0;0
Graphic6639;تصميم انفوجرافيك 6639;;أخرى;https://sites.google.com/view/graphicdesigner6639;https://instagram.com/graphic6639;;Sos342@yahoo.com;564256328;Active;0;0
tehama;متجر تهامة;4030464871;تسويق إلكتروني;https://www.tehamasa.com;;;ba7rj@hotmail.com;544176040;Active;0;0
Mad Storee;ماد ستورر;;تسويق إلكتروني;https://mad-storee.com/;https://instagram.com/mad_st0re;;mohm72777@gmail.com;597709547;Active;0;0
;مؤسسة عبدالله جابر اليامي التجاريه;1010642445;أخرى;https://wasalnalk.com/;;;aalyami1960@gmail.com;503266041;Active;0;0
Ultra store;الترا ستور;;أخرى;https://salla.sa/ultra_store?expires=1617695151&identifier=2092835663&utm_source=dashboard&signature=eec09cf2190f1520b9b8a0085f1eb58a1193e0a3734603131dccd640efd76860;;;s.u.saleeh-2017@hotmail.com;552305774;Active;10;1
TulipStore;متجر التوليب ليزر ملاي ;;مستلزمات المرأة;https://salla.sa/tulipstore_sa;https://instagram.com/tulipstore_sa;;tulipstoresa0@gmail.com;508918151;Active;0;0
alraheeq almktoom ;مؤسسة الرحيق المختوم ;1010623197;أخرى;https://raheeqm.com/;https://instagram.com/rahreeq.m;https://twitter.com/rahreeq;rahreeq.m@gmail.com;538556651;Active;0;0
esteponashop;متجر استيبونا ;;تسويق إلكتروني;https://esteponashop.com/;;https://twitter.com/esteponashop;esteponashop@gmail.con;562808869;Active;0;0
nasamat najid;مؤسسة نسمات نجد;;أخرى;https://nasamat-najid.com/;;;al.katery.1@gmail.com;580353370;Active;0;0
Al Rivan;الريفان;1010555638;مستلزمات المرأة;https://alrivan.com;;;info.alrivan@gmail.com;500861312;Active;10;1
BRRMILL OUD STORE;متجر برميل للعود;1010237119;تسويق إلكتروني;https://brrmil.com/;;;brrmiloud@gmail.com;557767873;Active;0;0
Points tech;نقاط تيك;1010683793;إلكترونيات واكسسورات;https://pointstech1.com;https://instagram.com/points.tech;https://twitter.com/PointsTech2;points.tech1@gmail.com;566987472;Active;0;0
;مكتب عادل للاستشارات الادارية;5855069577;أخرى;https://www.adelcons.sa;;;adelthegfan@gmail.com;547522225;Active;0;0
Badayi Trading Establishment;مؤسسة بضائع التجارية;4031248335;أخرى;https://www.freestation.online;https://instagram.com/freestationmark;;freestationmarket@gmail.com;565067172;Active;0;0
Ushaiqerdates ;تمور أشيقر;;أخرى;https://ushaiqerdates.com;;;abdullahka751@gmail.com;503056016;Active;0;0
Eye Store Plus;عين  ستور  بلس ;;إلكترونيات واكسسورات;https://salla.sa/store_eye;;;ansa003377@gmail.com;504288698;Not Active;0;0
Baseetplus;بسيط بلس;;أخرى;https://salla.sa/basset_plus;https://instagram.com/baseet_plus;;baseetcc@gmail.con;502042505;Active;0;0
The Fashion Club;نادي الأزياء;1010623047;خدمات أكاديمية;https://thefashionclub.sa/;;;furandpearl@gmail.com;554206669;Active;0;0
Afstore92;متجر اي اف;;مستلزمات المرأة;http://www.afstore.store/;;;Af.store92@gmail.com;567105922;Active;0;0
;تحفة ونبات ;;أثاث وديكور;https://s.salla.sa/;;;masplant.med@outlook.sa;598448114;Active;0;0
Oslo;اوسلو;2057473921;أخرى;https://osloperfumes.com/;https://instagram.com/oslo__perfumes;;osloperfumes@gmail.com;508775036;Active;0;0
 Kayan Beauty Limited;كيان بيوتي ليمتيد;;مستلزمات المرأة;https://kayanbeauty.com/;https://instagram.com/kayanbeautysa;https://twitter.com/Kayanbeautysa;info@kayanbeauty.com;590565229;Active;0;0
;التسويق والترويج والدعايه والاعلان;;تسويق إلكتروني;http://WhatsApp.com/0569888056;;;abwan50248@gmail.com;569888056;Active;0;0
Ghaseel;شركة غسيل للتسويق الالكتروني;1010694262;تسويق إلكتروني;http://ghaseel.com;;;almusalam@ghaseel.com;594417282;Active;0;0
frozen star;فروزين ستار  لسجادات الصلاة;;الحرف والصناعات اليدوية;https://salla.sa/frozenstar;;;alhattaba85@gmail.com;564509510;Active;0;0
flowermakeupsa;متجر زهرة المكياج ;5907524199;مستلزمات المرأة;http://zid.store/flowermakeupsa/;;;makeupflower86@gmail.com;562272221;Active;0;0
the gem is the gem;مؤسسة السلة الاستوائية;5906334066;تسويق إلكتروني;https://alsalla-alestwaia.com/;;;asma056866@hotmail.com;544185660;Active;0;0
Jlod;جلود;;الحرف والصناعات اليدوية;https://salla.sa/7arzone;https://instagram.com/7arzone;;Owaismansour@gmail.com;550703090;Active;0;0
Selling coffee and accessories;بيع القهوه ومستلزماتها;2051234897;تسويق إلكتروني;https://47cups.net/;https://instagram.com/47cups;;xabodz1@gmail.om;568439637;Not Active;0;0
aloqtah;اللقطة;;أخرى;https://loqtah.net/;https://instagram.com/loqtahstore;;loqtah0@gmail.com;502022498;Active;0;0
Macup;ماكوب;;تسويق إلكتروني;https://foffli6681.expandcart.com/#;https://instagram.com/m_k00p;https://twitter.com/mk07p;Ma07cup@gmail.com;577165082;Active;0;0
LeadersChairs;كراسي ليدرز;1010442734;أثاث وديكور;https://www.leaderschairs.com;;;info@leaderschairs.com;530084074;Active;2;2
Saudi contractor ;المحمود للمقاولات العامة ;2050143170;العقارات;https://maroof.sa/197370;;;Saher12345000@gmail.com;507978807;Active;0;0
Brag store ;براق ستور;;أخرى;https://salla.sa/bragstore;;;Bragstore2021@gmail.com;548118424;Active;0;0
;مؤسسة سقاية لحفر الآبار;1010665011;أخرى;https://seqaih.com/;https://instagram.com/seqaih1;;seqaih1@gmail.com;504733393;Active;10;3
your beauty sa;جمالك اس اي ;;تسويق إلكتروني;http://yourbeautysa.manafeth.sa/;;;info@yourbeautysa.com;599908581;Active;0;0
;متجر حياة الرجل;;أخرى;https://menlivestyle.com/;;;Altwm8950@gmail.com;504847580;Active;0;0
raghad gift;هدية رغد ;;الحرف والصناعات اليدوية;http://raghad.gift;;;raghad.gift1@gmail.com;508483835;Active;0;0
FM 1 store ;متجر اف ام 1 ;;تسويق إلكتروني;https://t.me/joinchat/snS6k5Ut_2M1MWQ0;;;swylmalshmry81@gmail.com;508048648;Not Active;0;0
establishment mariam alotibi;مؤسسة مريم هذال العتيبي للتجارة ;1115102723;مستلزمات المرأة;https://salla.sa/mariam1004?expires=1617188590&identifier=1373311671&utm_source=dashboard&signature=47345a7e7cbd90b634922c18df1eb75c1fe8b97d84e5fa9240d60a28caa4aec4;;;mruomx1004@gmail.com;550729558;Active;0;0
Noonshop;نون متجر ;4031251988;تسويق إلكتروني;https://salla.sa/noon-shop.com;https://instagram.com/waterflosserteeth1;;waterflosserteethh@gmail.com;545290246;Active;0;0
EL skin care ;إ ل العنايه بالبشره ;;أخرى;https://maroof.sa/197341;https://instagram.com/el.skincaare?igshid=a5evsxmwjs9t;;abraralsharif25@gmail.com;561123532;Active;0;0
Bali Body;بالي بودي;;أخرى;https://balibody-sa.com/;https://instagram.com/balibody.sa;;sa.balibody@gmail.com;532003804;Active;0;0
komana;كمانة;;أخرى;https://salla.sa/komana.sa;;;omer1r1@hotmail.com;559761555;Active;0;0
Sell out;سيل آوت;;تسويق إلكتروني;https://t.me/sellout99;;;selloutpubg@gmail.com;546517168;Active;0;0
M7 PUBG;ام سفن ببجي;;أخرى;https://t.me/M7_PUBG_M7;;;m7pubg7@gmail.com;530598336;Active;0;0
KUN;كون للتصميم;;تصميم وطباعة;https://kunksa.com/;https://instagram.com/kun.ksa;;kuncomany@gmail.com;538707123;Active;0;0
Winter bear for you;وينتر بير لطباعة;;تصميم وطباعة;https://salla.sa/winter.bearbear;;https://twitter.com/winter_bear1;saraotb223@gmail.com;564418995;Active;0;0
MUHANNADSTORE;متجر مهند;;تصميم وطباعة;https://mdmujali.com;;;muhannadmujali@mdmujali.com;544631857;Active;0;0
7pc shop;حبس شوب;;أخرى;https://7pcshop.com/;https://instagram.com/7pc;;7pcshoop@gmail.com;571771222;Active;6;2
zomrada planet;كوكب زمردة;;أخرى;https://zid.store/kawakabzomorda;;;kawkabzamarida@gmail.com;581915107;Active;0;0
matjar almutahid For contacts;متجر المتحد للاتصالات;1010620736;إلكترونيات واكسسورات;https://salla.sa/mutahid21;https://instagram.com/mutahid21;;almuahid21@gmail.cim;553042016;Active;0;0
AWM Store;اوم ستور;;تسويق إلكتروني;https://salla.sa/awm.store;;;awm6077@gmail.com;509010042;Active;10;1
12decoffee;12دي كوفي;;تسويق إلكتروني;https://12decoffee.com;https://instagram.com/12decoffee;https://twitter.com/12decoffee;AbdullahAl-Abbad@hotmail.com;509931225;Active;0;0
A L A D E L E;الأديل;;أخرى;https://salla.sa/mt_grt1;https://instagram.com/mt_grt1;;r.reem1393@hotmail.com;598724388;Active;10;1
MADStore;ماد ستور;;إلكترونيات واكسسورات;https://salla.sa/mad--store;;;madstore@outlook.sa;598720225;Active;0;0
F cups store ;متجر فاء كابس;;أخرى;https://salla.sa/f_cups;https://instagram.com/vccssi;;Faizbnraja@gmail.com;500863661;Active;0;0
Falconaloud;فالكون العود;1010636329;تسويق إلكتروني;https://www.falconaloud.com;https://instagram.com/falconaloud;https://twitter.com/falconaloud;Falocnaloud@gmail.com;590099471;Active;0;0
fitshopsa;فيت شوب;1010699749;أخرى;https://fitshopsa.com;;;fitshopksa@gmail.com;554150907;Active;4;1
0Rainbow shop;متجر قوس المطر;;أخرى;https://salla.sa/rainbow.21?expires=1617660887&identifier=339506654&utm_source=dashboard&signature=f630ee29c2bbd77de5a4c8e5838b1da04890919fcddad86ff027c3bd9235e32c&_gl=1*3pjgxj*_gcl_aw*R0NMLjE2MTUzODEyMjIuRUFJYUlRb2JDaE1JLS1Td19PT2w3d0lWSXhrR0FCMHhnZ3lORUFBWUFTQUFFZ0lKcF9EX0J3RQ..;https://instagram.com/rai_shop231;;hhzz1231hz@gmail.com;533633516;Active;0;0
GOLD55;قولد55;;تسويق إلكتروني;https://salla.sa/gold55;https://instagram.com/5_gold_5;;GOLD996644@gmail.com;547170448;Active;10;1
Jn8kl;جنكل;;تسويق إلكتروني;https://jn8kl.com;;;sjoode52@gmail.com;590400776;Not Active;0;0
barakat aljouf;بركات الجوف;;أخرى;https://barakataljouf.com/;;;aymnalqyad@gmail.com;504973514;Active;0;0
;برنس كافيه ;;تسويق إلكتروني;https://salla.sa/prince_cafe3750?expires=1616086716&identifier=748297803&utm_source=dashboard&signature=2dcd5fed62ac2d4aea03cf8b4a72c9a4ac71084fbc93505d00f9ef9cceed91e2;;;alzad.est@hotmail.com;548663750;Active;0;0
H ART;اتش آرت;;الحرف والصناعات اليدوية;https://www.hart.sa;;;heela.sh1122@icloud.com;541995580;Active;0;0
;اصالة الطيب للمسك و العود ;4030403220;تسويق إلكتروني;https://salla.sa/asalat;;;Mohsen-19@hotmail.com;535050313;Active;0;0
Chef tomii;طهي جميع انواع الحلويات والمشويات;;مطبخ و مخبوزات;https://www.tomii.com;;;M995974@gmail.com;567803395;Active;0;0
BloomyBomi;بلومي بومي;;الحرف والصناعات اليدوية;https://salla.sa/bloomy.bomi;https://instagram.com/bloomybomi;;bloomy.bomi@gmail.com;536427776;Active;0;0
cookies class;صناعة البسكويت الفاخر;;مطبخ و مخبوزات;https://www.eva.sweet.2021.sa;;;eevaa881@gmail.com;555955382;Active;10;1
The art of taste;فن المذاق;;مطبخ و مخبوزات;https://goo.gl/maps/xHQqDjqQ1p5BrrkP8;https://instagram.com/mokh_tofe;;Tarfah1711@hotmail.com;564300013;Active;0;0
Apiaries Sidr mountain honey;مناحل عسل سدر الجبلي ;;مطبخ و مخبوزات;https://wa.me/message/N7HGX3G2SITJH1;;;shahd.hadi17@hotmail.com;509053324;Active;10;1
AlShahd Corner;محل ركن النسيل للعسل;;أخرى;https://alshahdcorner.com/;https://instagram.com/alshahd_corner;;alshahd.corner@gmail.com;546858395;Active;0;0
Eyelashes DNA;رموش من المينك الطبيعي;;مستلزمات المرأة;https://www.dnaforlashes.com;https://instagram.com/d.n.a_eyelashes;;musdna8@gmail.com;592977636;Active;0;0
ghawaish;غوايش;;مستلزمات المرأة;https://salla.sa/ghawaish;;;M3l3k-alroo7-2010@hotmail.com;555921784;Active;0;0
;بيوتات نورة لخدمات الاعمال;4030455222;إلكترونيات واكسسورات;https://salla.sa/smart-b;;;train-jed@hotmail.com;500402465;Active;0;0
Manal naif;منال نايف ;;مستلزمات المرأة;https://www.maroon.sa;;;Newmnooool@hotmail.com;502855154;Active;0;0
Accessorize1;اكسيسوريز;;إلكترونيات واكسسورات;https://accessorize1.com/;;;Accessorize1@outlook.sa;502729618;Active;0;0
My Reduced Fruit and Vegetable Farm;مزرعتي المخفضة للخضروات والفواكة;4030410846;أخرى;https://salla.sa/mazzraty12/;;;mazzrate12@gmail.com;547389771;Active;0;0
AlRaqia Ladies Tailoring Est;مؤسسة الراقية للخياطة النسائية;5901720016;مستلزمات المرأة;https://maroof.sa/s0559258177@icloud.com;;;s0559258177@icloud.com;559258177;Active;0;0
Mo7 FOR Pc;بيع منتجات لأجهزة الحاسب الالي  وديكورات تزيينيه ;;تسويق إلكتروني;https://salla.sa/mo7pc;;;m.h.m.h.m@hotmail.com;543229773;Active;0;0
love Nebula;لوف نيبولا;;أخرى;https://salla.sa/lovenebula;;;OfficialLoveNebula@gmail.com;501771742;Not Active;0;0
nicething87 ;شي حلو ;;مطبخ و مخبوزات;https://www.maroof.sa;https://instagram.com/nicething87;;a.8.7.b@hotmail.com;552429097;Active;0;0
Central peerk;سنترال بيرك;;تسويق إلكتروني;https://salla.sa/centralpeerk;;;Hauoon6066@gmail.com;502510163;Active;0;0
Hajat Store;متجر حاجات;;إلكترونيات واكسسورات;Https://www.hajatstore.com;https://instagram.com/hajat_store;;Main@hajatstore.com;503991291;Active;0;0
Sultan Est;مؤسسة سلطان التجارية ;4700108355;أخرى;https://snsupplier.com;;;juaidst151@gmail.com;541221949;Active;0;0
Bayan Almaarifh;بيان المعرفة للتعليم الإثرائي والتنمية الشخصية;;خدمات أكاديمية;https://www.bayanalmaarifh.com/;;;Bayanalmaarifh@gmail.com;582424288;Active;10;1
Children world11;عالم الأطفال 11;;أخرى;https://salla.sa/childrenworld?expires=1617652159&identifier=335076568&utm_source=dashboard&signature=2e40ef898b54e61128f22d84026b938ffeb9e2caf1eea6fd10759c9c0b06b111;;;alprensesah1@gmail.com;548119325;Active;0;0
Dmas;دماس;;مستلزمات المرأة;https://salla.sa/dmas;https://instagram.com/dmass.v;https://twitter.com/Dmass_v;Dmass.v1@gmail.com;549427066;Active;0;0
MAJESTY WATCHES;متجر ماجستي للساعات;4030275589;أخرى;http://majesty4watches.com;;;majestywatches.co@gmail.com;543274541;Active;0;0
 Medical Field;مؤسسة مجال الطب;1010673804;أخرى;https://salla.sa/medicalfield;;;info@saudimedstudent.com;550115083;Active;0;0
nofal's art;فنون نوفل;;تسويق إلكتروني;http://www.nofalaljefri.com;;;nofal.prints@gmail.com;560262071;Active;0;0
Medical field ;مجال الطب;;أخرى;https://salla.sa/medicalfield;;;info@saudimedstudent.com;550115083;Not Active;0;0
Rak Cups;اكواب راك;;أخرى;https://salla.sa/rak_cups;https://instagram.com/rak.cups;;Rak.cups1@gmail.com;590607722;Active;10;1
Shama Faiea Ebrahim Aseeri;محل شمعة فايع إبراهيم عسيري;1117103038;مستلزمات المرأة;http://www.ss.com;;;haitttalal@gmail.com;566313064;Active;0;0
Cadesoap;صابون كادي ;;مستلزمات المرأة;https://salla.sa/cadesoap;;;Ummnasir7654@hotmail.com;547550297;Active;0;0
Better live;حياه أفضل;;مستلزمات المرأة;https://salla.sa/foofa;;;Fawzelaf@gmail.com;500124569;Active;0;0
Yogi supplies;لوازم اليوغي;;أخرى;https://www.yogisuppliesksa.com;https://instagram.com/yogi.supplies;;yogi.supplies@hotmail.com;565803525;Active;0;0
5ansanajd;خنساء نجد;;مطبخ و مخبوزات;https://salla.sa/kansanajd1;;;5ansanajd@gmail.com;550155770;Active;0;0
Store the strongest protection;متجر اقوى حماية;;إلكترونيات واكسسورات;https://strongest1protection.com/;;;yuosef.202002@gmail.com;503088178;Active;0;0
Lustro Stores;متاجر لوسترو;;مستلزمات المرأة;https://lustrostores.com;;;lustrostores@gmail.com;566110701;Active;0;0
Famliyn;فاملين;;مستلزمات المرأة;https://salla.as/Familyn;;;family.na@hotmail.com;534536332;Active;0;0
TAYEHSTORE;تايه ستور ;;أخرى;https://tayehstore.com;https://instagram.com/tayeh.store;https://twitter.com/tayehstore;presti7e1@gmail.com;537363695;Active;0;0
Mandi Alsaddah Restaurants;مطاعم مندي السدة;4030332471;مطبخ و مخبوزات;http://al-saddah.com;https://instagram.com/mande.alsadda;;a.mojadidi@gmail.com;564118811;Active;0;0
Miimz tint;ميمز تنت ;4030412326;كوافيرة و تجميل;https://miimztint.com/;;;Miimztint@gmail.com;502992280;Active;0;0
;متجر ببجي الخليج;;أخرى;https://t.me/HH_MX;;;Eaydu123@gmail.com;548084548;Active;0;0
Z3frane;متجر زعفراني الاكتروني;2251496909;أخرى;https://z3frane.com/;;;Abdulelahalkhofi@gmail.com;502049889;Active;0;0
TWENTYTO;تونتي   تو;;أخرى;https://twenty-to.com/;;;khaled219372@gmail.com;597389020;Active;0;0
silk store;سلك ستور;;إلكترونيات واكسسورات;https://silk-sa.com;;;faisalturki1234@icloud.com;542625500;Active;0;0
Mays Design;ميس ديزاين;;تصميم وطباعة;https://t.me/TheMays;;;TheMaysDes@gmail.com;502621929;Active;0;0
beauteh;متجر بوتيه;;مستلزمات المرأة;https://salla.sa/beaute?expires=1617633308&identifier=889569175&utm_source=dashboard&signature=1810158a9e9cddb2f2f3d594f0e9a540978b969f8a36bfc893675bd5bcd51474;https://instagram.com/bea.ute20;;beauutyy2020@gmail.com;545699491;Active;0;0
Store  Nawaf1;متجر نوآف ;;تسويق إلكتروني;https://t.me/nawaf135;;;m92017gc@gmail.com;548917125;Active;0;0
O2 Zone;منطقة الأكسجين;;تسويق إلكتروني;https://salla.sa/o2zone;;;Mead.mo@hotmail.com;566997178;Active;0;0
ACCESSUARIM;اكسسواريوم;4030354721;إلكترونيات واكسسورات;https://xxrum-sa.com/?expires=1617634792&identifier=973355258&utm_source=dashboard&signature=694c0d06a203324f77c375e02faea03d2445a3e34e42988cf6dc5a2875e2da34;;;Xxrum01@gmail.com;595122230;Active;0;0
Travois;ترافوا;;إلكترونيات واكسسورات;https://travois-ksa.com;;;khalid@travois.store;552256643;Active;0;0
zfat7s;زفات حس;;تخطيط مناسبات وحفلات;https://www.youtube.com/channel/UCb-PoUak6hCu1q6OG9sJJcw/featured;https://instagram.com/zfat_7s;https://twitter.com/zfat_7s;zfat_7s@hotmail.com;500269508;Active;0;0
phonemestore;فونيم ستور;1010535675;تسويق إلكتروني;https://phonemestore.com/;https://instagram.com/phonemestore;https://twitter.com/PHONEMESTORE;retal.silver@gmail.com;557706599;Active;0;0
 Bahjah alqudaimi ; بهجة القديمي;;أخرى;https://bahjahdes.com;;https://twitter.com/bahjahdes;hello@bahjahdes.com;570415464;Active;10;1
Nectar purity;نقاء الرحيق ;;تسويق إلكتروني;https://puritynectar.com/;https://instagram.com/purity_nectar;;taloom25@hotmail.com;544981444;Active;0;0
Selling PUBG accounts77;بيع حسابات ببجي77;;أخرى;https://mapp.sa/mythic/cart;;;mhnd83404@gmail.com;566951739;Active;0;0
 Business Heads Corporation;مؤسسة منابع الاعمال التجارية;4031246356;تسويق إلكتروني;https://bscc.site/;;;r-khashab@hotmail.com;566288112;Active;0;0
4ADSSA;فور ادس;;تسويق إلكتروني;https://4adssa.com;;https://twitter.com/4ADSSA;4adssa@gmail.com;581862080;Active;10;1
ALSAYEDstore;السيد ستور;;أخرى;https://alsayedstore.com/;;;Alsayedstore@hotmail.com;547965581;Active;10;1
Ur  store;متجر اور ;;أخرى;https://legacy.haraj.com.sa/users/sultan27711;;;Aha7711@hotmail.com;544427711;Active;0;0
emeraldjewelrysa;مجوهرات الزمرد;;الحرف والصناعات اليدوية;https://emeraldjewelrysa.com;https://instagram.com/emerald.jewelry;;emerald.jewelry@outlook.sa;509273745;Active;0;0
Artee;آرتي;1010701896;تصميم وطباعة;https://artee.me;;;info@artee.me;596991762;Active;0;0
ladies catering;السيدات المتعهدات;1131310698;تسويق إلكتروني;https://www.ladiescatering.com;;;alnory@ladiescatering.com;503345455;Active;0;0
alef oud;أ عود;2050135609;أخرى;https://alefoud.com;;;fuwaia0a@gmail.com;555848394;Active;0;0
Bhar madena;بهارات ماضينا;;مطبخ و مخبوزات;https://salla.sa/bhar_madena?expires=1617628062&identifier=944107876&utm_source=dashboard&signature=0433bc69e17d7af9b8a21c90a89de3e137c5f3a5383026a77d7ad5b32d543257;https://instagram.com/bhar_madena;;Hmsa44880@gmail.com;533186785;Active;0;0
CompuStars Store;متجر نجوم الحاسب;;إلكترونيات واكسسورات;https://salla.sa/compustars;https://instagram.com/compustarspc;;compustars2030@gmail.com;556854098;Active;0;0
Binary Code Co;مؤسسة الكود الثنائي;4030406942;إلكترونيات واكسسورات;https://www.binarycode.com.sa;;;abdolzmail@gmail.com;555340363;Active;0;0
Thefeather;فيذر;1010706313;أخرى;https://salla.sa/thefeather;https://instagram.com/thefeather.sa;;Thefeather.sa@gmail.com;504862538;Active;0;0
glory store8;متجر قلوري8;;تسويق إلكتروني;https://salla.sa/glory8;https://instagram.com/glory.store8;;malathalawwad@outlook.sa;566912525;Active;0;0
KMC;كي ام سي ;;تسويق إلكتروني;https://iwtsp.com/966556558045;;;Ek-w@hotmail.com;556558045;Active;10;1
Training center;مركز تدريب;;خدمات أكاديمية;https://www.best2ss.com;;;saad282@gmail.com;565444414;Active;0;0
MAJMAR;مجمر للطيب والبخور;;أخرى;https://www.majmarsa.com;;;majmarksa@gmail.com;502846836;Active;10;1
MEAT HUBE;مؤسسة محور اللحوم التجارية;4030328571;مطبخ و مخبوزات;https://www.themeathub.com/home;;;info@themeathub.com;556006118;Active;0;0
UCSTORE;يو سي;;تسويق إلكتروني;https://t.me/Einstein330;;;azjabare34@gmail.com;500000000;Not Active;6.7;12
Muqarns;مقرنص;;الحرف والصناعات اليدوية;https://muqarns-store.com/;;;Info@muqarns.com;535551097;Active;0;0
Lighto;لايتو;;إلكترونيات واكسسورات;https://salla.sa/lighto?expires=1617621325&identifier=1560826523&utm_source=dashboard&signature=d6e76c20439f626b327977dcfdf7cdf5bc00be1cdfbd9350fb952603d028eddc;https://instagram.com/lighto.sa;;Mohammed.oth.688@gmail.com;559275722;Active;0;0
saffron crown com;تاج الزعفران;;تسويق إلكتروني;https://www.shaza-alzaefaran.com/;;;yzyz590@gmail.com;590309084;Active;0;0
 PetReq Store ;متجر بطريق للحيوانات الأليفة و مستلزماتها;1010697995;أخرى;https://pet-req.com/;https://instagram.com/pet.req;https://twitter.com/pet_req;rash-88@hotmail.com;563777246;Active;0;0
Anna Co;أنا أند كو;4030385966;مستلزمات المرأة;https://annaperfume.com/;;;anharaziz27@gmail.com;546968127;Active;0;0
alweqaia wa elag pharmacy;صيدلية الوقاية والعلاج ;1010268556;أخرى;https://point-pharmacies.com/;;;farag@bahri-ph.com;540246862;Active;0;0
 PUBG ;متجر بيـع حسابات ببجي العالميه;;تسويق إلكتروني;https://salla.sa/ll1b1;https://instagram.com/pog_34?igshid=1r6c3nl850sw;;Ll3bb3@gmail.com;531317949;Active;0;0
Etar;متجر إطار;4030404073;تصميم وطباعة;https://etar.store/;https://instagram.com/etar_sa;;etar.estore@gmail.com;556083803;Active;0;0
muskbeauty99;مسك بيوتي99;;مستلزمات المرأة;https://salla.sa/musk_beauty99.com;https://instagram.com/musk_beauty99;;muskbeauty.99@hotmail.com;559904225;Active;0;0
unifyBZ;مؤسسة موحدة الأعمال للخدمات اللوجستية ;1010697821;حلول إلكترونية;https://www.unifybz.com;;;Info@unifybz.com;591441640;Active;0;0
Barlina;بارلينا ;2051064024;تسويق إلكتروني;https://barllina.com/;https://instagram.com/barllina;https://twitter.com/barllina1;an17072017@gmail.com;591433847;Active;9.9;23
Almen walsslwa;المن والسلوى;4032244499;مطبخ و مخبوزات;https://almenwalsslwa.com;https://instagram.com/almenwalsslwa;;Khalid.aljwhari@almenalsslwa.com;536672224;Active;0;0
FSNKFOX;فسنك فوكس;;أخرى;https://salla.sa/athozstore/category/WNqlV;;https://twitter.com/FSNKFOX;Sl3rc1@gmail.com;552826594;Active;10;2
NATURAL REMEDY MEDICAL PHARMACY;صيدلية الدواء الطبيعي الطبية;4650224685;أخرى;https://www.natural1remedy.com;https://instagram.com/natural1remedy;https://twitter.com/natural1remedy;natural1remedy@gmail.com;557627932;Active;0;0
Luxury art studio;أستديو فني فاخر ;;أخرى;https://salla.sa/luxury_artstudio;;;L.bamasoud1@gmail.com;501202112;Active;0;0
HE Beauty;اتش إي للجمال;;مستلزمات المرأة;https://salla.sa/he_beauty;;;hebeauty21@hotmail.com;591317072;Active;0;0
Alaamaa;علامه;1010580107;إلكترونيات واكسسورات;http://www.alaamaa.com;https://instagram.com/alaamaatelecom;https://twitter.com/AlaamaaT;moayad.suliman.1@gmail.com;596666453;Active;0;0
Africa Farm;مراعي افريقيا;;تسويق إلكتروني;https://business.google.com/site/l/07874391275367721299;;;moatazezat@yahoo.com;542554098;Active;0;0
Matajer Zone;متاجر زون حلول إلكترونية;;حلول إلكترونية;https://matajerzone.com/;https://instagram.com/matajerzone;https://twitter.com/MatajerZone;omnia.a.92@hotmail.com;531242858;Active;0;0
Biolabs;بيولابس;4030396747;أخرى;https://biolabsa.com/;;;info@biolabsa.com;537133999;Active;0;0
MiuMiu;ميوميو;;تسويق إلكتروني;https://www.miumiu.com/sa;;;abdalhadi.fari@prada.com;582109999;Active;0;0
PRADA;برادا;;تسويق إلكتروني;https://www.prada.com/sa;;;abdalhadi.fari@prada.com;582109999;Active;0;0
inoar sa;متجر اينوار السعوديه;;مستلزمات المرأة;https://inoar-sa.com;;;maadalolyan@gmail.com;538257733;Active;0;0
AB CLAC; اي بي كلان;;أخرى;https://salla.sa/abclan.com;;;abess997@gmail.com;503231230;Active;0;0
BASSEL SHOP;متجر باسل;1010690533;أخرى;https://bassel.shop/;https://instagram.com/parfum_bassel;https://twitter.com/Parfum_Bassel;b_alsh@hotmail.com;504812893;Active;0;0
Abdullah Jamal Mohammed AlShammari;عبدالله جامل محمد الشمري ;;تسويق إلكتروني;http://zid.store/bayt-alshifa/;https://instagram.com/aboasim6677;;asim0547406677@gmail.com;557671523;Active;0;0
Yuki Store ;يوكي ستور ;2052102795;أخرى;https://yukistoresa.com/;;;infoyukistore@gmail.com;565879332;Active;10;2
Trade US Stocks;تداول الاسهم الامريكية;;تسويق إلكتروني;https://www.youtube.com/c/TradeUSStocks;;;idea.sa.htc@gmail.com;566442131;Active;0;0
Sultan Communications and Electronics;سلطان للإتصالات والالكترونيات ;1131283590;إلكترونيات واكسسورات;https://qmc-te.com/;https://instagram.com/qmc.te;;qmc.te.820@gmail.com;598928289;Active;0;0
Samasks;اقنعه السعوديه;;أخرى;https://sa-masks.com/;;;omaar.khallaf@gmail.com;563099756;Active;0;0
1Golden Card;قولدن كارد;1010698259;تسويق إلكتروني;https://golden-card1.com/;;;x1b977@gmail.com;503683007;Active;0;0
Store A9;متجر اصيل;;إلكترونيات واكسسورات;https://salla.sa/store_a9;https://instagram.com/a9ele;;Aseel-20ye@hotmail.com;545415225;Active;0;0
Secret4Shop;المتجر السري;;تسويق إلكتروني;https://secret4shop.com;https://instagram.com/secret4shop;;secret4shop@gmail.com;502982112;Active;0;0
Fiction for PUBG accounts;خيال لبيع حسابات ببجي;;أخرى;https://salla.sa/fictio_pubg;;;iiimodz@icloud.com;598500492;Active;0;0
Blockchain Apps Development;تصميم وتطوير تطبيقات البلوكتشين والعقود الذكية;;حلول إلكترونية;https://www.faisaltech.net;;https://twitter.com/FAISAL48616984;alfaisal7421@gmail.com;503470814;Active;10;2
AUGUST eight;اغسطس٨;;تسويق إلكتروني;https://t.me/llAugustll;;;nevva199@gmail.com;536276762;Not Active;0;0
Alfawzan;الفوزان للتمور;;أخرى;https://salla.sa/alfowzan;;;W.7w@hotmail.com;500945188;Active;0;0
Xwars;إكسوارس;;مستلزمات المرأة;https://salla.sa/xwars.sa;;;Xwars.sa@gmail.com;537904443;Active;0;0
SEOUL SHOP2;متجر سيول 2;;أخرى;https://salla.sa/seoulshop2;https://instagram.com/seoulshop2;;seoulshop2@gmail.com;535262463;Active;0;0
FNS;فنس;;الحرف والصناعات اليدوية;https://fns-online.com/;https://instagram.com/fns.online;;FNS.eb9@gmail.com;546207491;Active;0;0
Khashogh;خاشوقة;4030413199;أثاث وديكور;http://khashogh.com/;;;Info@khashoqa.store;550599379;Active;0;0
Nodi Store ;العنود الفايز;;تسويق إلكتروني;https://salla.sa/nodistore;;https://twitter.com/nodistore9;Anoud1902@gmail.com;570599271;Active;0;0
Bhhk store;تم نقل المتجر;;تسويق إلكتروني;https://t.me/p;;;Gwaaherr6@gmail.com;500000000;Not Active;6.8;5
Tuwaiq Gallery;طويق غاليري;;تسويق إلكتروني;https://salla.sa/tuwaiq.gallery;https://instagram.com/tuwaig.gallery;https://twitter.com/GalleryTuwaiq;Hishomi.sa@outlook.sa;568552000;Active;10;1
Highness1;هاينس1;;مستلزمات المرأة;https://salla.sa/highness208700;;;Sootalhamam@windowslive.com;568817110;Active;0;0
SARZI ;مؤسسة سارزي;1010645570;أخرى;https://sarzi-sa.com;https://instagram.com/sarzi.sa;;sarzi.ksa@gmail.com;508340070;Active;0;0
jewlerraagea;مجوهرات راقيه ;;إلكترونيات واكسسورات;https://jewler-raagea.com/;;;Akrem0509345198@gmail.com;509345198;Not Active;0;0
deem boutique;ديم بوتيك;;أخرى;https://deemboutique.com;https://instagram.com/deemboutique1;;deemboutique1@gmail.com;558043916;Active;0;0
30 days work;30 يوم عمل ;;تسويق إلكتروني;https://salla.sa/days30;https://instagram.com/30_days_work;;ali.i.qaoud@gmail.com;581888910;Active;0;0
RiyadhChalets;منصة شاليهات الرياض;;العقارات;https://riyadhchalets.com;;;riyadhchaletscom@gmail.com;509935799;Active;0;0
;اشواق غانم سلمان العنزي;;حلول إلكترونية;https://jobs-2030.com/;;;ashwaaq1407@gmail.com;533993301;Active;0;0
hebh aljoharah;هيبة الجوهرة;;تسويق إلكتروني;https://salla.sa/hebh-aljoharah?expires=1617579796&identifier=1141139774&utm_source=dashboard&signature=4288742a27f9fb1f30ec0e4d740f80e0d35526e76d56c141c539f1949b77dd39&_gl=1*1wv1uym*_gcl_aw*R0NMLjE2MTc1NzQxODYuQ2p3S0NBandwS0NEQmhCUEVpd0FGZ0J6andaR1VGN3FRa3Nfc0c4VU1lek84VUt0Q3BhcUVIc2gxYkdKdmYwSTZ1aGFldDNUWTRnc3lob0NDVXdRQXZEX0J3RQ..;;;Amert-alwrd1@hotmail.com;554226611;Active;0;0
anezancom;عنيزان  كوم;2050136247;أخرى;https://anezan.com/;;;mustafa.al20160000@gmail.com;560544364;Active;0;0
Selling and shipping PUBG accounts;بيع وشحن حسابات ببجي ;;تسويق إلكتروني;https://vm.tiktok.com/ZSJ6qBDab/;;;kpop.6313@gmail.com;557248125;Active;10;2
Abaiat karaz;عبايات كرز ;4650181726;مستلزمات المرأة;https://zid.store/eibayatkurz;;;fahdalsubhi5511@gmail.com;500150754;Active;0;0
 Renault parts and accessories shop;متجر قطع غيار واكسسوارات رينو;2052102561;السيارات;https://www.ak221parts.com;;;akm350z@live.com;502369369;Active;0;0
Almokhmly;المخملي;4030412969;أخرى;https://almokhmly.com/;https://instagram.com/almokhmly;https://twitter.com/almokhmly;Wecare@almokhmly.com;505639765;Active;0;0
dalalalteeb;مؤسسة دلال الطيب للتجارة;;أخرى;https://www.dalal-alteeb.com/;;;dalalalteeb@gmail.com;502708524;Active;0;0
asl altamur;اصل التمور ;;أخرى;https://salla.sa/dates_origin?expires=1616943353&identifier=15659830&utm_source=dashboard&signature=e95d896601c67e7c70c377928824666dc9eda5993e8742f78a62db6ce3703c66;;;sb2267610@gmail.com;543594151;Active;0;0
yello sticker;يلو ستيكر ;;تصميم وطباعة;https://salla.sa/yellow_sticker;;;mfmf6751@gmail.com;590334260;Active;0;0
trainingsdp;منصة تطوير الذات;;أخرى;https://trainingsdp.com;;;n0531405225@gmail.com;531405225;Active;0;0
Urban Home;آربن هوم ;;أثاث وديكور;https://urbanhomesa.com;https://instagram.com/urbanhome.sa;;Urbanhomesa.su@gmail.com;502079879;Active;0;0
Beauty Farm Store;بيوتي فارم;;أخرى;https://beautyfarmstore.com/;https://instagram.com/beautyfarmstore;;beautyfarm4store@gmail.com;582247744;Active;0;0
;مؤسسة سالم أحمد علي الحارثي التجارية ;4030409732;أخرى;https://b-kam.com;https://instagram.com/bkam.3;;bkmbkam@gmail.com;538112333;Active;0;0
sidra gift ;متجر سيدرا ;;تخطيط مناسبات وحفلات;https://salla.sa/sidra2u.com?expires=1617574328&identifier=1678585875&utm_source=dashboard&signature=46a1f25284bb298292664f31a6754ac3760de5a80cc0b93eaa65f5b3f3c674cf&_gl=1*8il6zt*_gcl_aw*R0NMLjE2MTYyNjgyODguQ2p3S0NBanc5TXVDQmhCVUVpd0FiRFotN3NsQ1FraWh2TFNXM3ppU0dTbXN4UXNMSW8xTXZiMlE4UWZTeGN1UHliWFpkRWhtUjZWdWpob0NKZzRRQXZEX0J3RQ..;https://instagram.com/sidra_4u;;ghasiri22@gmai.com;543119415;Active;0;0
VATJBTULALQASSEIM;خضار القصيم;;أخرى;https://salla.sa/v.qassimksa;;;suliman.y570@gmail.com;502964288;Active;0;0
vehicle tools;ادوات المركبة;;السيارات;https://salla.sa/ve_tools;;;k0531342043@gmail.com;531342043;Active;0;0
Al Murjanah;المرجانة;1011145662;مستلزمات المرأة;https://almurjanah-shop.com/;;;Ftomh099@gmail.com;502068171;Active;0;0
Potra perfumes;عطور بوترا;2250375516;أخرى;https://www.potra-sa.com;https://instagram.com/potra.sa;;potra-sa@outlook.sa;503620001;Active;0;0
amastore;اما ستور;;أخرى;http://amastore.us/;;;Aljehaniabdallah@Gmail.com;555600316;Active;0;0
datesalsafwah;تمور الصفوة;;تسويق إلكتروني;https://zid.store/dates-alsafwah;https://instagram.com/dates_alsafwah;https://twitter.com/dates_alsafwah;datesalsafwah@gmail.com;552266002;Active;0;0
narses fashion;نارسيس فاشن ;;مستلزمات المرأة;https://narsesfashion.com/;;;narsesfashion@gmail.com;543276215;Active;0;0
FM90;ف م;;إلكترونيات واكسسورات;https://salla.sa/fm_shopb;;;fatmahs20203@gmail.com;593180811;Active;0;0
COD STORE;كود ستور;4030407921;إلكترونيات واكسسورات;https://codstore1.com/;;;moathghx@gmail.com;544064858;Active;0;0
ajar kosh;اجار كوش;;تخطيط مناسبات وحفلات;https://www.maroof.sa;;;mvllm2020@gmail.com;567476520;Active;0;0
Sweet Little Rainbow ;مؤسسة اهدا الطفل المولود التجارية ;;أخرى;https://www.sweetlittlerainbow.com;https://instagram.com/sweet_littlerainbow;;info@sweetlittlerainbow.com;503844162;Active;0;0
Ribbons;ريبونز;1010715914;أخرى;https://ribbonsksa.com;https://instagram.com/ribbons_ksa;https://twitter.com/Ribbons_KSA;ribbonsksastore@gmail.com;535300090;Active;0;0
Brandy ksa;براندي السعودية;1010636493;تسويق إلكتروني;https://brandy-ksa.com;;;brandy.ksa@hotmail.com;544990671;Active;0;0
alhbobalsmra;الحبوب السمراء;1010658399;أخرى;https://alhbobalsmra.com;;;alhbobalsmra@gmail.com;551614124;Active;0;0
Sequence Brand;سيكوينس براند;;أخرى;https://salla.sa/sequence_sz;https://instagram.com/sequence_sz;;sequencbrand@gmail.com;559257606;Active;0;0
twenty eleven;تونتي ايلفن;;إلكترونيات واكسسورات;https://salla.sa/twenty.eleven11?page=2;;;twenty.eleven11@hotmail.com;503503801;Active;0;0
Distinctions store ;متجر التمييز;;أخرى;https://salla.sa/distinctions_store;;;Ibra51@live.com;559969632;Active;0;0
mon in store;متجر مون إن;1010697574;أخرى;https://mon-n7.com/;;;MOOOOOOOON.N7@gmail.com;555994406;Active;0;0
Moon M S;مون ام اس ;;تسويق إلكتروني;https://salla.sa/beautym.s;https://instagram.com/moonms.sa;;Moonm.ssa1@gmail.com;554541129;Active;0;0
warmsaturn;دفء زحل;1010696376;تسويق إلكتروني;https://warmsaturn.com/;;;marketing@warmsaturn.com;500967535;Active;0;0
Time For Kites;تايم فور كايتس;1010499775;أخرى;https://salla.sa/timeforkites/XqlRYn;;;almasrahi2011@hotmail.com;543913595;Active;0;0
Tranem Pubg Store;متجر ترانيم ببجي;;تسويق إلكتروني;https://salla.sa/tra4s;;;Vip14store@gmail.com;533256553;Not Active;0;0
 BERLIN  STORE;برلين ستورر;;تسويق إلكتروني;https://t.me/AAA_AAE;;;apple.mbc4@icloud.com;558646566;Active;6.7;24
White Coat medical wear;وايت كوت ميدكل وير;4030386008;تسويق إلكتروني;https://w-coat.com/;;;info@w-coat.com;564644344;Active;0;0
L'odeur de niche;لودغ دي نيش;4030409358;أخرى;https://lodeurdeniche.com/;https://instagram.com/lodeurdeniche;https://twitter.com/Lodeurdeniche;lodeurdeniche@gmail.com;592323758;Active;0;0
Swaflex Store;متجر سوافلكس;;تسويق إلكتروني;https://salla.sa/swaflex;https://instagram.com/swaflex.store;;aboodxx202@gmail.com;501752757;Active;10;1
ferashi store;متجر فراشي;1010382348;تسويق إلكتروني;https://ferashi.com;;;ferashi.store@gmail.com;554848683;Active;0;0
;مؤسسة الطائر العنقاء;2050141803;إلكترونيات واكسسورات;https://maroof.sa/;;;iim7n2021@gmail.com;500971476;Active;0;0
Elaastyle;ايلاستايل;4031242071;أثاث وديكور;https://elaastyle.com/;;;elaastyle@elaaco.com;548998514;Active;0;0
gmagync;بسكليت ;;تسويق إلكتروني;https://t.me/pupg_anod;;;cc05530565011@gmail.com;594835792;Not Active;7.8;25
Rzx Store;متجر رزكس;;تسويق إلكتروني;https://rzx-9.xyz;;;Rko-@hotmail.com;568489265;Active;0;0
Lilas store;متجر ليلاس 12;;مستلزمات المرأة;https://lilas-shop.com/;https://instagram.com/lilas5228;;rrooww590@gmail.com;552288623;Active;0;0
The best part;ذا بيست بارت;;أخرى;https://salla.sa/bestpart;https://instagram.com/best_parrt;;Bestparrt@hotmail.com;500599972;Active;0;0
Baby Gold;بيبي قولد لملابس الاطفال;4650228143;أخرى;https://www.baby-gl.com;https://instagram.com/baby_gold_ksa;https://twitter.com/BabyGl2021;baby-gl2021@hotmail.com;553643220;Active;0;0
4X2;فور اكس تو;;تسويق إلكتروني;https://www.4X2.as;;;mhndfwazaldyry@gmail.com;543196499;Active;0;0
kabir alatarin oil;زيت كبير العطارين;4650228792;أخرى;http://kabiralatarin.com;https://instagram.com/kabir_alatarin;;kabiralatarin@gmail.com;502979908;Active;0;0
upclikmedia;ابكلك ميديا;;تسويق إلكتروني;https://s.salla.sa/upclikmedia.com;;;salehssoo@gmail.com;592721201;Active;0;0
Rawaea yanbu telecom;روائع ينبع للاتصالات;4700102579;إلكترونيات واكسسورات;https://rawaea7.com;;;ww482710@gmail.com;504378180;Active;0;0
maad;معاد لتنظيم الرحلات;4030412543;أخرى;http://maadconsulting.com/;;;skalhaddad@ejaadah.com;505503929;Active;0;0
Almaigliah Gate;بوابة المعيقلية ;;أخرى;https://almaigliahgate.com/;;;beshairlsubaie@gmail.com;565111441;Active;0;0
My little pony;ماي ليتل بوني;;مستلزمات المرأة;https://salla.sa/my-little-pony-for-lips.com;;;Rore-1416@windowslive.com;554231424;Active;0;0
Latend;لـاتيند;;تسويق إلكتروني;http://latend68.com/;;;Latend68@gmail.com;533174132;Active;0;0
ALYABABKA;بابكا عليا;;مطبخ و مخبوزات;http://top100.sa/;;;alya_assai@hotmail.com;500593622;Active;0;0
store for coffee and its equipment;روتس كوفي;;أخرى;https://salla.sa/rootsccoffe.com?preview=true;;;qlql40@hotmail.com;506733133;Active;0;0
RO2;رؤى2;;مستلزمات المرأة;https://salla.sa/r.o2.com;https://instagram.com/r.o.2__perfume;https://twitter.com/Ro2Perfume;r.o2perfume1989@gmail.com;506556031;Active;10;2
ORCA;أوركا ;;تسويق إلكتروني;https://salla.sa/orca;;;monzerprk@gmail.com;559667376;Active;10;1
areejaloroud;أريج الورود;;مستلزمات المرأة;https://areejaloroud.com/;;;tea332010@gmail.com;552014025;Active;0;0
KIWI ksa;تطبيق كيوي;4650229484;أخرى;https://kiwiksa.com;https://instagram.com/kiwiapps;https://twitter.com/kiwisa7;kiwi_sa@outlook.com;553344263;Active;0;0
Saq Aloud;ساق العود;1010698183;أخرى;https://zid.store/saq/;;;saq.aloud21@gmail.com;534268609;Active;0;0
Players Shop;متجر اللاعبين ;;أخرى;https://salla.sa/playersshop;;https://twitter.com/Players__shopp;abdulrhmanalotaibi0@gmail.com;544959890;Active;0;0
darti coffee;قهوة ديرتي ;;تسويق إلكتروني;https://darticoffee.com/;;;darticoffee@gmail.com;590044229;Active;10;2
Wirus;وايراس;4030412944;إلكترونيات واكسسورات;https://zid.store/wirus;https://instagram.com/wirus.sa;;WirusKSA@gmail.com;549216660;Active;0;0
scent20;تونتي سنت;;أخرى;http://salla.sa/scent20;;;20scentt@gmail.com;532089488;Active;0;0
;العلم الأول لطباعة الاعلام;1010221133;تصميم وطباعة;https://alamawal.com/;https://instagram.com/alam.awal;https://twitter.com/alamawal1;admin@alamawal.com;572391026;Active;0;0
Zero Gap barber;صالون زيرو قاب;;كوافيرة و تجميل;https://gapbarber.com/;;;Mail@gapbarber.com;570233034;Active;0;0
   H And  S Store ;متجر اتش اند اس  ;;مستلزمات المرأة;https://salla.sa/handss/;https://instagram.com/handsstore1;;matjarhands@gmail.com;566279990;Active;0;0
Alraqii;الراقي ;4030319246;تسويق إلكتروني;https://www.alraqii.com;https://instagram.com/alraqi_transfer;https://twitter.com/Alraqi_transfer;Info@alraqii.com;533220910;Active;0;0
Owaisstore;اويس ستور;;إلكترونيات واكسسورات;https://owais-store.com/;https://instagram.com/owaisstore;;Owaissaud17@gmail.com;569921217;Not Active;10;2
Ruby beauty;روبي بيوتي ;4032248846;إلكترونيات واكسسورات;https://salla.sa/waterflosser.ksa;;;rubaalharthi@icloud.com;565080095;Active;0;0
farehna;فرحنا;1010683032;تسويق إلكتروني;https://farehna.com/;https://instagram.com/farehna.farehna;https://twitter.com/FarehnaFarehna;farehna@business.etqanalarabiya.com;509009446;Active;0;0
mylucky;متجر حظي ;;تسويق إلكتروني;https://maroof.sa/EditBusiness/Index?bid=196719;https://instagram.com/myluckystore8;https://twitter.com/myluckystore8;info@mylucky-shop.com;503243931;Active;10;1
rivanaforchildren;بوتيك ريفانا للاطفال ;;تسويق إلكتروني;https://salla.sa/rivanaforchildren;https://instagram.com/rivanaforchildren;;emato-22@hotmail.com;599293383;Active;0;0
rowad almashaer United For tourism;شركة رواد المشاعر المتحدة للسياحة;4031233776;تسويق إلكتروني;https://rowadalmashaer.sa/;;;rowada226@gmail.com;560901040;Active;0;0
Bandage wrenches store in PUBG;متجر باندج للشدات ببجي ;;تسويق إلكتروني;https://t.me/Pandeg2;;;Aabod.x0@gmail.com;558233709;Active;2;1
Rex Store;متجر ريكس ;;تسويق إلكتروني;https://t.me/rexstore;https://instagram.com/1rex_store;;Vvvv511t@gmail.com;541983511;Active;7.3;3
super Animals;حيوانات خارقة ;;تسويق إلكتروني;https://www.superanimals.net/?lang=ar;;;Info@superanimals.net;503397277;Active;0;0
ABC Easy;التأسيس السهل ;;خدمات أكاديمية;https://salla.sa/abc_easy?expires=1617551498&identifier=1075047955&utm_source=dashboard&signature=ed6601703348ee3f5d247f81891b88ab89e079d0c87fadc409d30419ddd3dd81;;;a.e.sh.1990@gmail.com;556588700;Active;0;0
AlSukkah AlNaqiah;السكة النقية;1131307222;أخرى;https://sukkah-naqiah.com/;;;naqi112121@gmail.com;532898508;Active;0;0
RINGS HUB;رينقز هوب ;;أخرى;https://ringshubsa.com;https://instagram.com/ringshubsa;;ownerringshub@gmail.com;503167510;Active;0;0
;خدمة نت;;حلول إلكترونية;https://api.whatsapp.com/message/MOKNYG5HHHRFB1;;;K0498861@gmail.com;537098600;Active;0;0
Ain haa;عين هاء;;تسويق إلكتروني;http://snapchat.com//add/ah-bouutique;;;Ahadslhaqbani@outlook.com;555228869;Active;0;0
Palm Scent;بالم سنت;1010611240;أخرى;https://palmscentsa.com/;https://instagram.com/palmscent.sa;;sales@mesmat.com;533688802;Active;0;0
m9 Commercial Corporation;مؤسسة ميم تسعة التجارية ;5800106435;إلكترونيات واكسسورات;https://m9shop-sa.com/;https://instagram.com/m9.shop2021;https://twitter.com/M9Shop;m9.shop2021@gmail.com;504968905;Active;10;2
Womens World Store;متجر عالم المراة ;;مستلزمات المرأة;https://salla.sa/aaaaaaaaa123455.com;;;amhwaa11@gmail.com;509053324;Active;10;1
Ele Homes;مؤسسة صدى الأناقة للتجارة ;4030360277;أخرى;https://ele-homes.com;https://instagram.com/elegrpksa;https://twitter.com/EleGrpKSA;sales@elegroup.co;566759595;Active;0;0
Paradise World;بارادايس العالم;;أخرى;https://salla.sa/paradi.seksa;https://instagram.com/paradi.seksa;;Yaazziidotb@gmail.com;507811985;Active;0;0
Curly hair care store ;متجر العناية بالشعر الكيرلي ;;مستلزمات المرأة;https://salla.sa/curlyhair;;;Alanoudalghamdi@outlook.com;597097173;Active;0;0
busy hands ;الأيدي المشغوله ;2051234924;الحرف والصناعات اليدوية;https://zid.sa;;;busyhands.store@Gmail.com;506848858;Active;0;0
Artist wahaj;ارتست وهج;;الحرف والصناعات اليدوية;https://salla.sa/artist.wahaj;https://instagram.com/0whj__;https://twitter.com/0whj_;Store.wahaj@hotmail.com;553511654;Active;0;0
ROUGE WORLD;عالم روج;;تسويق إلكتروني;http://rouge.sa;;;rougeworlds@gmail.com;558389054;Active;0;0
Ecom Tabs;ايكوم تابز ;1010660076;تسويق إلكتروني;https://www.ecomtabs.com;;;Hussain@ecomtabs.com;560566061;Active;0;0
Muedda;معده;;أخرى;https://muedda.com/;;;Info@muedda.com;504471170;Active;0;0
lots in pots;لوتس ان بوتس;;أخرى;https://salla.sa/lotsinpots.sa?expires=1617548608&identifier=2086648104&utm_source=dashboard&signature=2d8b17a71fcba705b1454fa93798416bc2a1e7f45bdd2e7ca980f851ba52a366;https://instagram.com/lotsinpots;;lotsinpots@gmail.com;550119431;Active;0;0
Abaya Dazzling;مبهرة للعبايات ;;مستلزمات المرأة;https://www.maroof.sa;;;m8h_abaya@gmail.com;571768821;Active;0;0
sahaibnjd;سحائب نجد;;أخرى;https://sahaibnjd.com/;;;sahaib_njd@hoymail.com;546666704;Active;0;0
AALI ALMAQAM;عالي المقام;4030409546;تسويق إلكتروني;https://aalialmaqam.com/;;;aalialmaqamcom@gmail.com;563723711;Active;0;0
sketch2build;سكيتش التصميم ;1010656922;تسويق إلكتروني;http://www.sketch2build.com/;;;info@sketch2build.com;553567693;Active;0;0
Broosh ;بروووش;;مستلزمات المرأة;https://www.brooosh.com;https://instagram.com/broosh336?igshid=1j03febjlapg0;;broosh336@gmail.com;501121431;Active;0;0
Coffee and cuo;قهوة وكوب;;أخرى;https://salla.sa/chistory?expires=1617504901&identifier=1277466613&utm_source=dashboard&signature=af311964219506775244eee3019898f36797df380a9a183857ba66ddea5820fb;https://instagram.com/coffee.ecup;;coffee.and.cup1@gmail.com;508128583;Active;0;0
Alasalistore;متجر العسلي ;;أخرى;http://alasalistore.com/;;;alaslistore@gmail.com;557084380;Active;0;0
BASEL;بازل;1010188389;إلكترونيات واكسسورات;https://www.basel-watches.com;;;aamaa1112@gmail.com;554451112;Active;0;0
SAAD STOREE;سعد ستوري;;تسويق إلكتروني;https://t.me/joinchat/JxUC9-4qodJmZTZh;;;saadd1490@gmail.com;505925128;Active;4.1;11
XP STOREX;اكس بي ستور;;تسويق إلكتروني;https://t.me/xpstorex;;;hh0986@hotmail.com;550512243;Active;0;0
REEMAAD;ريماد ;;أخرى;https://reemaad.com;;;electronically8899@gmail.com;502966467;Active;0;0
kaltatalraeeem;خلطة االريم;;مستلزمات المرأة;https://vm.tiktok.com/ZSJjcngRr/;;;nnooroo@icloud.com;506008103;Active;0;0
Naturale stores;ناتشورال ستورز;4030396982;تسويق إلكتروني;https://www.naturalestores.com;https://instagram.com/naturalestores;https://twitter.com/naturalestores;usama@naturalestores.com;555807530;Active;0;0
Testttttt;تجربةةةةةة;;أخرى;HTTPS://www.test.com;;;Saljuried@hotmail.com;509999225;Active;0;0
Sub dealer;تاجر الإشتراكات;;أخرى;https://subsdealer.com/;https://instagram.com/subdealer_store;;subdealer6@gmail.com;532968907;Active;10;1
Drip coffee ;تقطير القهوة للتجارة ;1130110434;أخرى;https://salla.sa/aboayham8;;;Dripcoffee84@gmail.com;596163684;Active;0;0
;مجرة أبدع;;خدمات أكاديمية;http://Abdihqt.com;;;abdihqt@gmail.com;552243459;Active;0;0
larosa shop;لاروزا شوب ;;مستلزمات المرأة;https://larosa-shop.com/;https://instagram.com/larosa__shop;https://twitter.com/larosa__shop;lololeena236@gmail.com;564751822;Active;0;0
dakan kayan;دكان كيان;;أخرى;https://salla.sa/dkankayan.sa;;;hananananan00@gmail.com;559660816;Active;0;0
Taj Shop;تاج شوب;4031248888;تسويق إلكتروني;http://tajshoop.com/;https://instagram.com/tajshooop;;info@tajshoop.com;567830030;Active;0;0
waraq eunb yasminah;ورق عنب ياسمينه;;مطبخ و مخبوزات;https://www.snabchat.com/add;;;Amane322223@gmail.com;594708943;Active;0;0
iSleepi;اي سليبي;;مستلزمات المرأة;https://isleepi.com/;;https://twitter.com/isleepistore;isleepistore@gmail.com;566706933;Active;0;0
Art Station;محطة فن;4030410540;تسويق إلكتروني;http://art-station.org;https://instagram.com/artstationsa;https://twitter.com/ArtStation19;lamees.emran@gmail.com;554500515;Active;0;0
Raqim Trade;مؤسسة رقيم للتجارة;4031247202;أخرى;https://raqim.com.sa;https://instagram.com/raqim.trade;https://twitter.com/RaqimTrade;raqim.trade@gmail.com;546586118;Active;0;0
elavie ;متجر لأفي;;مستلزمات المرأة;https://salla.sa/store_laviestore?expires=1617529566&identifier=1698701112&utm_source=dashboard&signature=6c98bfa34be491473b710081190ef67dc33df8aa7e5a640ef116ee16721aace8;;;lavie.storre@gmail.com;542648923;Active;0;0
refadatalhijaz;متجر رفادة الحجاز;4031215418;أخرى;https://refaddah.com;https://instagram.com/refadatalhijaz;https://twitter.com/refadatalhijaz;refadatalhijaz@gmail.com;551105598;Active;0;0
store fahd f;متجر فهد لشدات ببجي;;أخرى;https://salla.sa/fahdstore1;;;rawand9596@gmail.com;509596105;Active;0;0
Qawabis al khalij; قوابس الخليج;1010683296;أخرى;https://salla.sa/qawabis;;;p.gulf@hotmail.com;537976772;Active;0;0
;ينابيع المياه;4030321027;أخرى;https://salla.sa/waterjeddah;https://instagram.com/water_jeddah;;Mosleh050@gmail.com;534581055;Active;0;0
SUPPORT STORE;متجر شدات الدعم ;;أخرى;https://t.me/sopubg;;;dr.crazy.ana@gmail.com;552656902;Active;0;0
SPARKER STORE;متجر سباركر;;أخرى;https://sparker1.com;;;s6@hotmail.com;503277167;Not Active;0;0
;عمل موقوفف;;تسويق إلكتروني;https://t.me/differentStore1;;;moohanad3@hotmail.com;544317790;Not Active;2;3
NADIO;ناديو;1010655373;أثاث وديكور;https://www.nadio-sa.com;;;Info@bluefima.com;551177026;Active;0;0
;عرض سلع للبيع;;تسويق إلكتروني;https://www.haraj.com.sa;;;Soso.sm133@gmail.com;502104643;Active;0;0
Yzed Cat;يزيد للقطط;;أخرى;https://yzedcat.com;;;iyzd78@gmail.com;596534537;Active;0;0
The Sparkling Jewel;مؤسسة الجوهرة المتلألئة للتجارة;5850131132;أثاث وديكور;https://the-sparkling-jewel.com/;https://instagram.com/the_sparkling_jewel_1;;the.sparkling.jewel.1@gmail.com;531555375;Active;9.7;6
samrt buildings systems;أنظمة المباني الذكية;4030383496;حلول إلكترونية;https://youtube.com/channel/UCCRYX5ql84p7dY7UbzFA1Ew;;;smart.buildings.systems@gmail.com;555806897;Active;0;0
2card;تو كارد;;تسويق إلكتروني;https://salla.sa/2card;;;2card2021@gmail.com;503633472;Active;0;0
Marketing Shovel Agency;وكالة معول التسويق;;تسويق إلكتروني;https://www.marketingshovel.com/;https://instagram.com/marketingshove;https://twitter.com/marketingshovel;sds-93@hotmail.com;537627363;Active;0;0
webselution;موسسة حلول الويب لتقنية المعلومات;1010541429;حلول إلكترونية;http://webselution.com/;;;web.solutions.it.sa@gmail.com;540670152;Active;0;0
books5freedom;حرية الكتاب;;أخرى;https://salla.sa/books5freedom?expires=1617222945&identifier=1237119414&utm_source=dashboard&signature=8d5d30257f6f5921bfa690c60b591937c0a3aa71337f6d37fed782278f9dc5e2;https://instagram.com/books5freedom;;books5freedom@outlook.sa;578186515;Active;0;0
Shop Ultimacy;تسوق القمة;4030353420;أخرى;https://www.shopultimacy.com;;;shopultimacy@gmail.com;568737500;Active;0;0
Mama Zeze;ماما زيزي;;مطبخ و مخبوزات;https://mamazeze.com/;https://instagram.com/mama__zeze;;zezedsm1@gmail.com;553841014;Active;0;0
townsilver;تاون سيلفر;;مستلزمات المرأة;https://townsilver-sa.com;https://instagram.com/town.silver;;townsilvershop@gmail.com;560553204;Active;0;0
Darin's Art;دارينز ارت ;;الحرف والصناعات اليدوية;https://salla.sa/darinsart;https://instagram.com/darin.sart;;darinsartt@gmail.com;569813745;Active;0;0
Redrosaa trading Est;مؤسسة روزا الحمراء التجارية;4030343667;أخرى;https://haya4.net/;;;info@redrosaa.com;565070801;Active;0;0
Open store;اوبن ستور;4031100571;أخرى;https://zid.store/open-store/;;;tamimi1122@gmail.com;555586257;Active;0;0
jullah;جله 1;;الحرف والصناعات اليدوية;https://salla.sa/jllh;;;joharaalh@gmail.com;596305522;Active;0;0
River Perfumes Trading Corporation;مؤسسة نهرالعطور التجارية ;5950030962;أخرى;https://www.r-perfume.com;;;g.ivnchy@hotmail.com;503017791;Active;0;0
Tuyub perfum;طيوب للعطور ;;أخرى;https://iwtsp.com/966543074616;;;wafaashami@outlook.sa;543074616;Active;0;0
Burn Chief;برن شيف;;أخرى;https://burnchief.com;https://instagram.com/burn_chief;;info@burnchief.com;592096588;Active;10;2
code vivo;كود فيفو;;أخرى;https://viv-o.com/;https://instagram.com/code.vivo;https://twitter.com/CodeVivo;mn7sdrnvivo@gmail.com;509917773;Active;6;2
ALAMMASH OLIVE OIL;زيت زيتون العماش;3400017163;أخرى;https://www.alammash.business.site;https://instagram.com/alammash_olive;https://twitter.com/Alammash_olive;ALAMMASH.olive@gmail.com;551562001;Active;0;0
fant;فانت;5855351031;مطبخ و مخبوزات;https://fantfood.com;;;a.barkoot@gmail.com;594994999;Active;0;0
;متجر الرحيق المختوم للعسل الطبيعي وزيت الزيتون;;تسويق إلكتروني;https://www.rahyq.com;;;h.rahyq@gmail.com;540940387;Active;0;0
Hikaru;دلال صايل غربي الشمري;;أخرى;https://mapp.sa/admin/setting;https://instagram.com/hikaru_d9;https://twitter.com/Hikaru_D9;daaiki98@gmail.com;502019170;Active;0;0
2pwr store;متجر توباور;5864526289;إلكترونيات واكسسورات;https://2pwr.com/;https://instagram.com/2pwr_store;https://twitter.com/2pwr_;2pwr.com@gmail.com;554975898;Active;9.8;5
;متجر عطرة;4030412646;كوافيرة و تجميل;https://salla.sa/attra2021;;;attra2021@gmail.com;560955027;Active;0;0
ALPS;الألب;;تصميم وطباعة;https://s.salla.sa/home;;;alps1sa1@gmail.com;509567267;Active;0;0
Brazilia;برازيليا;;إلكترونيات واكسسورات;https://salla.sa/brazilia;;;ameerah.alhashim82@gmail.com;558594947;Active;0;0
my stuff;ماي ستوف;;أخرى;https://salla.sa/mystuff;;;mystuff.store.sa@gmail.com;549918150;Active;0;0
JO STORE hhfhd;اس او زد;;تسويق إلكتروني;https://t.me/SAPUBG11;;;mo2011mo77@gmail.com;544005754;Not Active;8;8
Teeb Al'awaleen;متجر طيب الأولين;1010696349;أخرى;https://teebalawaleen.com/;https://instagram.com/t.alawaleen;https://twitter.com/TAlawaleen;Teebalawaleen@gmail.com;548258247;Active;0;0
LaDeem Store;متجر لاديم;;مستلزمات المرأة;https://salla.sa/ladeemstore;https://instagram.com/ladeemstore;https://twitter.com/LaDeemStore;ladeemcompany@gmail.com;533960776;Active;0;0
VOLT11;فولت11;;أخرى;https://vollt1.com/;;;variious67@gmail.com;592003303;Active;10;1
DEVON; ديفون;1010518844;أثاث وديكور;https://devon.sa;;;almehanna.saad@gmail.com;555464346;Active;0;0
MUGLY;ماجلي;;الحرف والصناعات اليدوية;https://www.mugly.net;https://instagram.com/mugly_store;https://twitter.com/MUGLY_Store;mugly_store@hotmail.com;570370052;Active;0;0
;فايف موج;;إلكترونيات واكسسورات;https://fivemog.com;;;fivemog5@gmail.com;598238085;Active;0;0
catreina;كاترينا;;مستلزمات المرأة;https://salla.sa/catreina;https://instagram.com/catreina1;;catreina2020@gmail.com;583847300;Active;0;0
Sababah Store;متجر صبابة;1010680450;أخرى;https://salla.sa/sababah_store;;;Sababah.store@gmail.com;546406600;Active;0;0
;خلطات سكره;;مستلزمات المرأة;https://www.snapchat.com/add/skrh1400;;;rtt8736@gmail.com;530215277;Active;0;0
harith;حارث;;إلكترونيات واكسسورات;https://hariith.com/;;;harriiith1@gmail.com;545401350;Active;0;0
hexacolor;هيكساكولور;;إلكترونيات واكسسورات;https://salla.sa/hexaacolor;;;hexaacolor@gmail.com;559014775;Active;0;0
;مؤسسة براعة للدعاية والاعلان;3450177104;تسويق إلكتروني;https://baraea.co/;;;baraea000@gmail.com;543563952;Active;0;0
LADAIA;لدايا;;أخرى;https://ldaiacoffee.com/;;;ldaia.sa30@gmail.com;502094017;Active;0;0
Pink store ksa;بينك ستور;;مستلزمات المرأة;https://pink-sa.com;;;pinksa.store@gmail.com;531260608;Active;0;0
Schwann;شوان;4030412636;إلكترونيات واكسسورات;https://schwann-sa.com/;https://instagram.com/schwann_sa;https://twitter.com/schwann_sa;schwann.sa@gmail.com;559811871;Active;10;1
progress journey;رحلة التغيير;4030360112;تسويق إلكتروني;https://salla.sa/progress_journey;;;progressjourney1@gmail.com;504107478;Active;0;0
Obylla;أوبيلى;;الحرف والصناعات اليدوية;https://salla.sa/obylla-store;https://instagram.com/obylla1;;smuar5@gmail.com;501515922;Active;0;0
The Pigmented;بيقمنتد;4030329923;تصميم وطباعة;https://salla.sa/thepigmented;https://instagram.com/the_pigmented;;pigmented92@gmail.com;507840995;Active;0;0
rashaka;رشاقة;;أخرى;https://salla.sa/rashaka;;;asda888f@gmail.com;537750888;Active;0;0
Inspirations Store;متجر الالهام;;الحرف والصناعات اليدوية;https://salla.sa/inspiration;https://instagram.com/elham_store98;;Elhamjbawadi@hotmail.com;533933538;Active;0;0
Lou;لو للهدايا;;أخرى;https://lougift.com/;https://instagram.com/lou.gift;;noufazm1@gmail.com;502752572;Active;0;0
Msharg;متجر مشارق;2051234889;أخرى;https://www.msharg.com;;;care@msharg.com;550164533;Active;2;2
Ranah;دار رنه للعطور ;;أخرى;https://mowashah.com/;;;Dar.ranah@gmail.com;544491932;Active;0;0
AN MEDIA;اي ان ميديا;;أخرى;https://twitter.com/anmedia_sa?lang=ar;https://instagram.com/anmedia_sa1;https://twitter.com/ANMEDIA_SA;an.media.sa@gmail.com;504497174;Active;0;0
mandopcom;مندوب كم;;تسويق إلكتروني;https://salla.sa/mandop_com;https://instagram.com/mandop_com;;mandoop.com@gmail.com;572899807;Active;0;0
Lurena Jewelry;مجوهرات لورينا;;أخرى;https://lurenajewelry.com/;;;info@lurenajewelry.com;547370032;Not Active;0;0
GONAT ALWASEL OUD;جونة الواصل للعود;4031248099;أخرى;https://alwaseloud.com/;;;galwaseloud@gmail.com;536894764;Active;0;0
HUBARA PERFUMES;عطورات حبارى;;تسويق إلكتروني;https://hubaraper.com;https://instagram.com/hubaraper;https://twitter.com/HUBARAPER;hubara@yahoo.com;501234418;Active;0;0
earaq;متجر إيراق ;;أثاث وديكور;https://earaq11.com/?expires=1617363413&identifier=1573211260&utm_source=dashboard&signature=677ef93f16dcce4c331ad7701cf68f194eff45d51fbb6edc95e2594a20364c67;https://instagram.com/earaq_11;;earaq.12@gmail.com;501447609;Active;10;1
FUTURE WATCHES;ساعات المستقبل ;4030411700;أخرى;http://futurwatches.com/;;;mohamed@futurewatches.com;564447739;Active;0;0
Glory perfumes;جلوري للعطور;;تسويق إلكتروني;https://gloryperfumes.com/;;;glory@gloryperfumes.com;532663694;Active;0;0
SHEIKHA USA SHOPPING;تسوق من المواقع الالكترونية;;تسويق إلكتروني;https://maroof.sa/196414;https://instagram.com/usa_shopping_sh;;sheikha.abdelrahman87@gmail.com;569834748;Active;10;8
ezzeltayeb;عز الطيب;;أخرى;https://ezzeltayeb.com;https://instagram.com/ezzeltayeb;;ezzeltayeb@gmail.com;531116484;Active;0;0
Panda store for selling pubg mobille;متجر باندة لبيع وشراء حسابات ببجي;;تسويق إلكتروني;https://t.me/RahafDZ;;;pn4da_4@gmail.com;568959794;Not Active;6.4;33
anakh rgl;اناقه رجل;;تسويق إلكتروني;https://salla.sa/anakhrgl;;;clotheskse@gmail.com;531053226;Active;0;0
hbor corporation for electronic marketing;مؤسسة حبور للتسويق الالكتروني;;تسويق إلكتروني;https://iwtsp.com/966557788445;;;fso2220@gmail.com;557788445;Active;0;0
Jalil store;جليل ستور;;تسويق إلكتروني;https://t.me/jalilstore;;;dreemwe164@gmail.com;562556762;Active;0;0
PUBG NEXT;ببجي نكست;;تسويق إلكتروني;https://t.me/NxPubg1;;;yasrhaksd099@gmail.com;503274675;Active;0;0
Rose Mart;روز مارت;;تسويق إلكتروني;https://rosemart.com.sa;https://instagram.com/rosemart.sa;;rosemart.sa@gmail.com;536884030;Active;0;0
Riri store;ريري ستور;;تسويق إلكتروني;https://salla.sa/riri8store?expires=1616817371&identifier=977611942&utm_source=dashboard&signature=1a5bba48e96702f14cc5636a75fe752993a39ae7a2e2513b437923979d1c3b84;https://instagram.com/riri8store;;riri.store.forwomen@gmail.com;546144329;Active;0;0
lindo boutique;متجر ليندو;;مستلزمات المرأة;https://salla.sa/deemdress?expires=1617304264&identifier=1257835334&utm_source=dashboard&signature=80947e048f155937244311a0a262083bce8e91b12f2cbe8c579eeb5d77a8afa9;;;shumokh.alnahdi@gmail.com;544577476;Active;0;0
5PT;فايف بي تي;5850130736;أخرى;https://5-pt.com;https://instagram.com/pt5co;https://twitter.com/pt5co;contact@5-pt.com;554004594;Active;0;0
;كارد برو;;تسويق إلكتروني;https://salla.sa/card_1proo;https://instagram.com/card_1proo;;aaaeee10102@gmail.com;576412847;Active;0;0
zmord;متجر زمرد1;4031237774;إلكترونيات واكسسورات;https://zmords.com/;;;zmord.sa@gmail.com;564112625;Active;0;0
JEHAD STORE;متجر جهاد;;تسويق إلكتروني;https://t.me/joinchat/vBKa5Zm7tlgxNDA0;;;jehadsaeed2015@gmail.com;509724041;Active;2;5
ALFETH MARKETING;الفذ للتسويق الإلكتروني;;تسويق إلكتروني;https://alfethmarketing.com/;https://instagram.com/alfathformarketing;;contact@alfethmarketing.com;504266962;Active;0;0
Shooxme;شوكس مي;1010995128;تسويق إلكتروني;https://maroof.sa/ShooxMeee;;;shokre.eid12@outlook.com;582621359;Active;10;1
Relz Store;متجر ريلز;2050144055;أخرى;https://relz.store/;;;abood01423@gmail.com;581474484;Active;0;0
loolyzh;لوليزا;;أخرى;https://salla.sa/loolyzh;https://instagram.com/loolyzh;;loolyzh2@gmail.com;548934495;Active;0;0
Khwbraa;خبراء;5850128289;تسويق إلكتروني;https://khwbraa.store/;;https://twitter.com/khwbraa;hindmmonif@gmail.com;504458772;Active;0;0
Plus app store;متجر نادر الخيال ;;تسويق إلكتروني;https://nadeer.store;https://instagram.com/z5o9;;naderalkial@gmail.com;591454580;Active;0;0
Last Cost;السعر الأخير;;تسويق إلكتروني;https://costlast.com/;;;costlast00@gmail.com;581718323;Active;0;0
Fast Logistics;فاست لتوصيل الطلبات والطرود;;السيارات;https://t.me/BoIt_KSA;;;ASaadq20@gmail.com;580165555;Not Active;0;0
Adil Abdullah Ahmed ALAsiri Trading Est;مؤسسة عادل عبدالله احمد العسيري التجارية ;4030380626;تسويق إلكتروني;https://aaat.sa;https://instagram.com/aaat.sa;https://twitter.com/aaat_shop;shop@aaat.sa;568185349;Active;0;0
wastaforclients;منصة وساطة للعملاء 1;;تسويق إلكتروني;http://www.muhamek.com;;;dawoud_2008@hotmail.com;556004049;Not Active;0;0
;الأرج لبيع العود والبخور;;تسويق إلكتروني;https://www.youtube.com/channel/UCIFilSyi3rmkDLUbKiZ10EA;;;tooma.f.2015@gmai.com;532277447;Active;0;0
abduon oud;عبدون للعود;4030058922;أخرى;https://abduonoud.com/;;;abduon.oud@gmail.com;544410675;Active;10;1
Ajwad App;منصة أجواد;1010697439;حلول إلكترونية;http://ajwadapp.com/;;;Info@AjwadApp.com;533606069;Active;0;0
;الحمودي للعود والعسل;;تسويق إلكتروني;https://zid.store/oud_honey;;;abdulmalik00.4.27@gmail.com;505664832;Active;0;0
Friday Market for Trade;سوق الجمعة للتجارة;4030467563;تسويق إلكتروني;http://suqalgomaa.com/;;;khkvro@gmail.com;550558868;Active;0;0
RAZA SWEET;حلا رازا;1131308146;مطبخ و مخبوزات;https://raza-sa.com/;;;abdullahaladdad@gmail.com;500253343;Active;0;0
UniqTune;يونيك تون;1010690789;إلكترونيات واكسسورات;https://uniqtune.com;https://instagram.com/uniq.tune;;info@uniqtune.com;532864338;Active;0;0
smart traveler Est ;مؤسسة المسافر الذكي ;1128185533;إلكترونيات واكسسورات;http://s-travelersa.com/;https://instagram.com/stravelersa;https://twitter.com/stravelersa;S.travelersa@gmail.com;544752827;Active;0;0
wedgeksa;وتد العطر;1010694994;تسويق إلكتروني;https://wedgeksa.com/;;;wedgeksa@hotmail.com;555070465;Active;0;0
Social Lead 4 U;سوشل ليد فور يو;;تسويق إلكتروني;https://salla.sa/sociallead;;;majeedotaibi1@gmail.com;502048949;Active;0;0
;سلوى للمبيعات والتسويق والدعايه والاعلان;;تسويق إلكتروني;https://whatsapp.com;;;bacher1410@hotmail.com;535757500;Active;0;0
Moroccan galabiyas;جلابيات مغربية;;مستلزمات المرأة;https://maroof.sa/addbusiness/AddBusinessWizard;https://instagram.com/maj.73h;;haneenhelwa29@gmail.com;541755756;Active;0;0
Store Top One;متجر توب ون لبيع الشدات;;أخرى;https://storetopone.com/;;;kh.cv21@gmail.com;557457350;Active;0;0
emtnan beauty;امتنان بيوتي;;مستلزمات المرأة;https://salla.sa/emtenan.beauty;https://instagram.com/emtnan.beauty;;mdam-memoo@hotmail.com;553511874;Active;10;2
RED JEWEL;ريد جول;;مستلزمات المرأة;https://redjewell.com/;;;redjewelsa@gmail.com;500625586;Not Active;0;0
La Torche;لا تورش;;أخرى;https://zid.store/latorche;;;latorche@outlook.sa;563833143;Active;0;0
albariah;الذبائح البرية;;أخرى;https://alfakher11.com/;;;iii999f12@gmail.com;531195058;Active;0;0
SQR;متجر صقر  للملابس;;تصميم وطباعة;https://sqqer.com/;;;Sqqr.sa@gmail.com;536382067;Active;0;0
The Joy Box;سلة الفرح;;تسويق إلكتروني;https://www.joy-b.com;https://instagram.com/joybox918;;joybox918@hotmail.com;560724748;Active;10;29
miras;مراس لاين;;مستلزمات المرأة;https://www.miras.line.sa;https://instagram.com/miras.line;;malmujalad@outlook.sa;566691404;Active;0;0
SKIN UP;سكين اب;4030595384;أخرى;https://skinupsa.com;;;info@beautyimprint.net;500718991;Active;0;0
Bsbshsh;يللسزرصرصر;;تسويق إلكتروني;https://t.me/M_R13m;;;aaa05366770432@gmail.com;568163425;Not Active;8;12
Lujja;لجه;3550137453;أخرى;https://lujja.net/;;;cs@lujja.net;542755666;Active;0;0
aroma bella;اروما بيلا;;مستلزمات المرأة;https://salla.sa/aroma.bella?expires=1617212358&identifier=1177630950&utm_source=dashboard&signature=01931694e5aa8400d4abffe34fd0e03519f784caee1a840b672f685e030a6bb1;https://instagram.com/aroma.bella10;;aroma.bella10@gmail.com;530030395;Active;10;1
Afkar1d;أفكار1د;;الحرف والصناعات اليدوية;https://salla.sa/afkar1d;https://instagram.com/afkar1dalal;;afkar1dalal@gmail.com;506720957;Active;0;0
Vaxeen;محصن;;أخرى;https://twitter.com/Vaxeen_SA;;https://twitter.com/Vaxeen_SA;WelcomVex@gmail.com;544444866;Active;0;0
Perfume  EST;مؤسسة عطر للتجارة ;1010682537;تسويق إلكتروني;https://lamha-sa.com;https://www.instagram.com/lamha_perfumes/;;lamha.line@gmail.com;502414006;Active;0;0
FAIRLY STORE;متجر فيرلي;1010555225;تسويق إلكتروني;https://f4irly.com/;;;f4irlystore9@gmail.com;536980353;Not Active;2;9
RankUP Store;متجر رانك أب;;أخرى;https://rankup.store;;;support@rankup.store;565373938;Not Active;2;1
NICEFEELINGPERFUMES;مؤسسة احساس جميل للعطور;4031248128;تسويق إلكتروني;https://nicefeelingperfumes.com;;;nicefeeling2030@gmail.com;504446743;Active;0;0
Jwhw jk2jw mP;مثنثن;;تسويق إلكتروني;https://t.me/p;;;Xrxpubgreem@gmail.com;544740829;Not Active;5.1;13
;متجر لثام الالكتروني;4650227863;تسويق إلكتروني;https://salla.sa/letham.com;https://instagram.com/letham.corp;;ahmadoni96@gmail.com;555722121;Active;0;0
AL6AF;الطاف التجارية;;أخرى;https://salla.sa/al6af44;https://instagram.com/alt_a55;https://twitter.com/alt_a55;al6af44@gmail.com;501871165;Active;0;0
Traveler Guide;دليل المسافر للسفر والسياحة;4032232883;تسويق إلكتروني;https://tvg-sa.com/;;;info@tvg-sa.com;533340612;Active;0;0
JS Lawfirm;شركة جمال والشمري للمحاماة والاستشارات القانونية;4030382541;أخرى;https://www.jslawfirm.me/;https://instagram.com/jslawfirm;https://twitter.com/M_j_ALshammari;info@jslawfirm.me;599773302;Active;0;0
Content Saudi;محتوى السعودية;4031243980;تسويق إلكتروني;http://contentsaudi.com/;;;info@contentsaudi.com;583066383;Active;0;0
protection world;عالم الحماية;;السيارات;https://protectionworld.net/;https://instagram.com/protection__world;;pwksa2020@gmail.com;567760138;Active;0;0
one two winto;ون تو وإنتو;1010696926;إلكترونيات واكسسورات;https://onetwowinto.com;;;abotariqaletiby@gmail.com;541733008;Active;0;0
boothat;بوثات;1010696820;أخرى;https://www.boothat.co;;;Boothat.co@gmail.com;592001716;Active;0;0
Minow;ماي ناو;;تصميم وطباعة;https://minowdesign.com;https://instagram.com/minow.online;;Minowmynow@gmail.com;553494142;Active;0;0
aeleyn;أعلن;4030405114;تسويق إلكتروني;https://aeleyn.com;;;aeleyn@aeleyn.com;557125480;Active;0;0
darabqateeb;دار عبق الطيب;;أخرى;https://daateeb.com/;;;hosam.ss66.hm@gmail.com;532844928;Active;0;0
GS TWO HEARTS ;جي أس تو هارتز ;;أخرى;https://salla.sa/gs1997;https://instagram.com/__gs1997;https://twitter.com/__GS1997;reeroo3330@hotmail.com;550992820;Active;0;0
;خيرنا واحد;;مطبخ و مخبوزات;https://salla.sa/khayrana_1?expires=1617155978&identifier=771654950&utm_source=dashboard&signature=e4cbed0972072e46302e2159c5fd2280874a9bb2d2b661720cf4f9099a0a285a;;;m2522222@icloud.com;553179288;Active;0;0
Jareed Online Publishing;جريد للنشر الإلكتروني;1010691979;حلول إلكترونية;https://www.jareed.net/;;https://twitter.com/Jareed_Reports;ali@jareed.net;504644492;Active;0;0
lo7at raam;لوحات رام;;تصميم وطباعة;https://salla.sa/raam_store;https://instagram.com/lo7at_raam;;raam_store@hotmail.com;563843033;Active;0;0
Store MFD;متجر الداانة;;تسويق إلكتروني;http://www.aldanaq.com;;;F.alqutaim@gmail.com;531555513;Active;0;0
daratalshahd;درة الشهد;4031208465;تسويق إلكتروني;https://salla.sa/store_daraalshahd;;;daratalshahd@gmail.com;541257369;Active;0;0
 abiah13; عبيه ;;مستلزمات المرأة;https://salla.sa/abiah13;https://instagram.com/abiah13;;hiba12albsylan8@gmail.com;543936460;Active;0;0
Linguistic doses;جرعات لغوية ;1131312495;خدمات أكاديمية;https://www.en-dose.com/home/;;;eng.dose@outlook.com;591566900;Active;0;0
Shopping boker;ريم وسيطة تسوق;;تسويق إلكتروني;https://twitter.com/HelperReem;;https://twitter.com/HelperReem;reemtomons@gmail.com;536136200;Active;0;0
jawher almadena;جوهر المدينة ;4650227976;أخرى;https://salla.sa/jawaher_almadena;;;moh.marr11@gmail.com;593695569;Active;0;0
Fit Zone;فيت زون;1010950105;أخرى;https://www.fitzonesa.com;;;Powercon.sa@gmail.com;503058890;Active;0;0
Gameazy;قيمزي;1010631105;تسويق إلكتروني;https://www.gameazy.com;;;saad.alqahtani@gameazy.com;553388453;Active;0;0
Go Bike Saudi;مؤسسة انطلاق الدراجة للتجارة;2053111873;أخرى;https://gobikesaudi.com/;https://instagram.com/gobike_saudi;;sales@gobikesaudi.com;576780475;Active;0;0
SUNRISE SKIN;سنرايز سكن;;مستلزمات المرأة;https://www.sunriseskinco.com;;;info@sunriseskinco.com;536919302;Active;0;0
obsidian pc;اوبسيديان;4032245257;إلكترونيات واكسسورات;https://salla.sa/opsidian_pc;;;opsidian.pc@gmail.com;561511494;Active;0;0
marvel story;مارفل ستور;;تسويق إلكتروني;https://t.me/ar;;;Marve01@hotmail.com;549191997;Not Active;8.6;29
;اأاأ;1010669101;تسويق إلكتروني;https://zid.store/bakrman;https://instagram.com/bakrman.sa;;abakrmansa@gmail.com;539398484;Active;0;0
  3ZF STORE ;متجر عزف ستوري;;تسويق إلكتروني;https://t.me/uc3zfstore;;;uc3zfstore@gmail.com;503803281;Active;10;1
;الاثاث المخفض والاعلانات;;أثاث وديكور;https://www.snapchat.com/add/xx2.2015;;;jfgope@gmail.com;554666497;Active;0;0
Sunbulahome;متجر السنبلة ;4030384265;تسويق إلكتروني;https://www.sunbulahome.com;;;info@sunbulahgroup.com;503358774;Active;0;0
resin shop MK;متجر ريزن ام كي ;;الحرف والصناعات اليدوية;https://salla.sa/maramk;https://instagram.com/maramk_shop;;Maramk95@hotmail.com;560473352;Active;0;0
369 store;متجر 369;1010697282;أخرى;http://369store.net;;;Ibrahim.alnujaidi@hotmail.com;551218592;Active;0;0
 MONZ ALENEZI;منى العنزي  الرجاء قراءة الوصف عن العمل;;تسويق إلكتروني;https://monz66.com/;;;mona.alenezi.2021@gmail.com;557305425;Active;9.3;23
;خنة;1010633526;أخرى;https://oudsp.com/?expires=1617109658&identifier=528411534&utm_source=dashboard&signature=892775a8dc28658889fc2a992e0a3e30b17a285dee0d760d8af5b12258d64918;;;oud.sp16@gmail.com;596000169;Active;0;0
aqmna;عقمنا;1010689937;أخرى;https://www.aqmna.com/;;;saad@alrosais.sa;533571968;Active;0;0
Sanabel Al Osrah Trading Establishment;مؤسسة سنابل الاسرة التجارية;4031248715;أخرى;https://www.sosrah.com;;https://twitter.com/sosrahest;info@sosrah.com;567607143;Active;0;0
Rd11;ار دي إلفين;;أخرى;https://salla.sa/rd11;https://instagram.com/rd11;;Ryanoh.Ko@hotmail.com;559661669;Active;9.7;3
The modern beauty of the distinguished woman Jessi;الجمال الحديث للمراة المميزة ;;مستلزمات المرأة;https://salla.sa/store_jessica;;;Asola055@gmail.com;542527289;Active;0;0
ioroyal;آيو رويال;;تسويق إلكتروني;https://io-royal.com/;;;ioroyal6@gmail.com;552617433;Active;0;0
Lucy;لوسي;4031248788;مستلزمات المرأة;https://lucyet.com;;;Lucystore0@gmail.com;561635450;Not Active;0;0
Afiaastore;متجر افياء ;;أخرى;https://afiaastore.com/;;;Co.afiaa@gmail.com;501943005;Active;0;0
mahally;تطبيق محلي;4700112723;مطبخ و مخبوزات;https://mahallyapp.com/;;;a-1g@hotmail.com;540334697;Active;0;0
mem quill;ميم كويل ;;تصميم وطباعة;https://memquill.com;https://instagram.com/memquill;;quill9318@gmail.com;592872098;Active;10;1
aleitarat aldhakiya;العطارة الذكية ;;أخرى;https://aldhakiya.com/;;;aldhakiya@gmail.com;561005776;Active;0;0
Not So Basic;نوت سو بيسك;1010689070;تسويق إلكتروني;https://notsobasic-sa.com/;https://instagram.com/notsobasic_sa;;ahmed.k.alrasheed@gmail.com;502280041;Active;0;0
Alfooz spice;بهارات الفوز;;مطبخ و مخبوزات;https://salla.sa/alfoozspices?expires=1617101440&identifier=448975729&utm_source=dashboard&signature=ff1aa3e6d60e49f300974f04b1bf7d7363961386c3ed09d9b1c2ec2950bd31c8;;;Abrsrmusa@gmail.com;535815290;Active;0;0
yaahlaa;ياهلا;;أخرى;https://yaahlaa.com/;;;khaledasl491@gmail.com;554910328;Active;10;1
  Accuont Ammar PUBGE;متجر عمار ببجي;;تسويق إلكتروني;https://maroof.sa/196155;;;Ammar@gmail.com;530847056;Active;0;0
charmsmen;تشارمزمين;;إلكترونيات واكسسورات;https://charmsmen.com/;;;salmandokhi@gmail.com;551165152;Active;0;0
Roya Alresala;متجر رؤية الرسالة للطباعة;;تصميم وطباعة;https://royalresala.com/;;;royalresala@gmail.com;506105805;Active;0;0
cocove;كوكوف;1010696583;أخرى;https://cocove.shop/?lang=ar;;;aljohara.mfa@gmail.com;509149369;Active;0;0
Just Store;جست ستور;;تسويق إلكتروني;https://just-store.xyz/;;;Abdullahviv5@gmail.com;508680855;Active;0;0
BABMAKKAH;باب مكة;4030411711;أخرى;https://www.babmakkah.co;;;majdi@advanced-2.com;500541663;Active;0;0
Adbulaziz Almohsen Est for Online Marketing ;مؤسسة عبدالعزيز المحسن للتسويق الالكتروني;1010693241;تسويق إلكتروني;http://bygoldmine.com/;;;abdulazizalmohsen92@gmail.com;559402621;Active;0;0
THEMAR ;ثمار;;أخرى;https://wa.me/message/OJI4FOP3C6CPM1;https://instagram.com/themar_2020;https://twitter.com/Themar_2020;wildw285@gmail.com;504159470;Active;0;0
Shortcut Store;متجر اختصار;;أخرى;https://salla.sa/shortcut_store;https://instagram.com/shortcut_stor3;;m7mdstor3.1@gmail.com;552794989;Active;10;3
Electronic recharge card;تجارة في بطائق شحن الكتروني ;;أخرى;https://salla.sa/silverblue;;;N-a-a-6666@hotmail.com;557703308;Not Active;0;0
Classroastery;كلاس;;أخرى;https://classroastery.com/;;;Aziiz201112@gmai.com;535885581;Active;0;0
rose flowers;روز فلور;;أثاث وديكور;https://salla.sa/rose_flowers;https://instagram.com/rose_flowers;;aljouhra.am1@gmail.com;530668500;Active;0;0
KADE VIP;كادي متجر;1131304910;تسويق إلكتروني;https://kadi-vip.com/;;;mtgrkadi@gmail.com;557884036;Active;0;0
E Books;كتيبات إلكترونية;;أخرى;https://salla.sa/eyfit;;;eyfit44@gmail.com;548197969;Active;0;0
 selling pubg accounts RA;عرض حسابات وبيعها;;تسويق إلكتروني;https://t.me/joinchat/35VEIzZ7zd42MDA0;;;rawanmalki135@gmail.com;544604035;Active;0;0
jana alshd honey;جنى الشهد للعسل;;أخرى;https://salla.sa/janashahd.com;https://instagram.com/jana_alshahd;https://twitter.com/jana_alshahd;janaalshahd@gmail.com;557476497;Active;10;3
;متجر لبيع اليوزرات المميزه ;;أخرى;https://salla.sa/hge;;;G3l@hotmail.com;556958374;Active;0;0
;أبو أحمد لبيع العسل ;;أخرى;https://salla.sa/aboahmadhoney;;;eaej5654@gmail.com;562525505;Active;10;4
Box Orange;بوكس اورنج;;تصميم وطباعة;https://salla.sa/box_orange2021/category/aOmgW;https://instagram.com/b0x_0range_;;shathoe1418@gmail.com;562513552;Active;0;0
jmalekstore150;جمالك غير;;مستلزمات المرأة;https://salla.sa/jmalek_store150?expires=1617054250&identifier=1479098761&utm_source=dashboard&signature=db155dfb7e7dc278c9a2e4427e8b57e34e7798fc716af793da76844cf90180a5;;;r.a150@hotmail.com;507891524;Active;0;0
AREEJ ALMSK;أريج المسك;4650055454;أخرى;https://areejalmsk.com/;;;Areej.almsk@hotmail.com;501767692;Active;0;0
PIXELL STORE;متجر بيكسلل;;حلول إلكترونية;https://pixellstore.com/;;;Skkyy.59@gmail.com;570606996;Active;0;0
exit 7 for card;متجر مخرج سبعة للبطاقات;1113101846;أخرى;https://exit-7.com;;;exit-7@outlook.sa;502099362;Active;0;0
;الشروق للاتصالات ;1010652826;إلكترونيات واكسسورات;https://alshrooug.com;https://instagram.com/sroog_72;;mgoodvip1991@gmail.com;504373730;Active;0;0
Microtech1;مايكروتيك ون;;أخرى;https://salla.sa/microtech1;;;yazeed.xdd@gmail.com;501102910;Active;0;0
CoToBx;كوتوبكس;;أخرى;https://salla.sa/cotobx2;https://instagram.com/cotobx;https://twitter.com/CoToBx;Cotobx@gmail.com;558297420;Active;10;1
malkshop;متجر ملك الإلكتروني;;أخرى;https://www.malk2020.com;;;Malkshop2020@gmail.com;578997860;Active;0;0
BUBG;بيع حساباات ببجي;;تسويق إلكتروني;https://t.me/Pubgtm_TM;;;Abdalla250@gmail.com;569141824;Not Active;10;6
Ab maps;دبل ألف للتسويق الإلكتروني;4650231331;تسويق إلكتروني;https://www.ab-maps.com;https://instagram.com/ab.maps;https://twitter.com/maps_ab;Abdullah.Aloufi21@gmail.com;556600105;Active;10;7
Kidzo Store;متجر كيدزو;4030401360;أخرى;https://kidzostore.com/;;;info@kidzostore.com;581013181;Active;0;0
Oud branches;متجر أغصان العود;;أخرى;https://salla.sa/aood39n;;;3ood39n@gmail.com;530663716;Active;0;0
Cupayah;كباية;;أخرى;https://www.cupayah.cc;https://instagram.com/cupa.yah;;Rahaf-alghamdi-1@hotmail.com;564670066;Active;0;0
Kash5ete ;كشختي ;1010676202;أخرى;https://kash5ete.com/;;;Kash5etee@gmail.com;556607383;Active;0;0
deempixel;ديم بكسل;;حلول إلكترونية;http://www.deempixel.com;;;mohmmed@deempixel.com;567542748;Active;0;0
Hmaat;حماط;4030411762;تسويق إلكتروني;https://hmaat.com/;;;info@hmaat.com;553343324;Active;0;0
Chaveta ;شافيتا;;أخرى;https://chaveta.co/;;;Chavetacigar@gmail.com;596606633;Active;0;0
Women to women;ومن تو ومن ;;مستلزمات المرأة;https://w2wstore.com;https://instagram.com/store_w2w;https://twitter.com/store_w2w;n.altal3@hotmai.com;533946887;Active;0;0
Moltazim;ملتزم;4030362412;حلول إلكترونية;https://moltazim.com/;;;Info@moltazim.com;563117781;Active;0;0
Najdiah shoes;متجر الحذاء النجدي;1010695355;أخرى;https://alnajdia.com/;;;najdiahbusinees@gmail.com;592002632;Not Active;0;0
My bike store that sells your satchel and sports b;متجر دراجتي لبيع لساتك و قطع الدراجات الرياضية;;أخرى;https://lestikstore.com/;https://instagram.com/mybikestore1;;lestikstore@gmail.com;570181001;Active;0;0
;حقول الورد للعطور;4031224286;أخرى;https://zid.store/fieldsofroses/products;;;Manaralzahrani93@gmail.com;556599005;Active;0;0
ModeOn online store;متجر مود اون الإلكتروني;;مستلزمات المرأة;https://modeon.store/;https://instagram.com/mode.onlinestore;;Modeonshopp@gmail.com;558721972;Active;0;0
as seen;اس سين;;أخرى;https://maroof.sa/addbusiness/AddBusinessWizard;;;sarayousaf586@gmail.com;506544540;Active;0;0
;عذوق السكرية;;أخرى;https://salla.sa/abu_ageel?expires=1617013073&identifier=1262496631&utm_source=dashboard&signature=a16706cc0d9a4391ed6b681df30c16915e33fea61c97c9ef5d8f6045e26950cd;;;tornabu19@icloud.com;551807002;Active;0;0
Black Market;متجر السوق السوداء;;تسويق إلكتروني;https://blackmarket.click/#;https://instagram.com/black00market;https://twitter.com/black0market;blackmarket.click@gmail.com;556198799;Active;0;0
AK Candles;اي كي كاندلز;;الحرف والصناعات اليدوية;https://salla.sa/ak.candles;https://instagram.com/ak_candles.sa;;Aeykay11@gmail.com;533549411;Active;0;0
WardAbayas2020;عبايات الورد;;مستلزمات المرأة;http://salla.sa/WARD-2020.sa;;;amir-----2@hotmail.com;572376924;Active;0;0
rashmcoffee;قهوة رشم;;أخرى;https://salla.sa/rashmcoffee;https://instagram.com/rashm_coffee;https://twitter.com/rashm_coffee;rashmcoffee@gmail.com;504652295;Active;0;0
Massad Alsulami Collection Agency;مكتب مسعد رشيد عوض السلمي لتحصيل الديون;;أخرى;https://massad-alsulami-collection-agency.business.site/;;;m.alsulami@gmail.com;502846567;Active;0;0
Shopping trend;ترند التسوق;;تسويق إلكتروني;https://trendding.net/;;;trendding.20@gmail.com;500232085;Active;0;0
;زيت غنى بالاعشاب;;مستلزمات المرأة;https://salla.sa/om.ahmd1400;;;lylybdh409@gmail.com;556684438;Active;0;0
knots;نوتس;;تسويق إلكتروني;https://salla.sa/knots.sa;https://instagram.com/knotssa;;kknots.sa@gmail.com;532279952;Active;0;0
Kaies;كيس;;إلكترونيات واكسسورات;https://salla.sa/kaies?expires=1617047441&identifier=63475917&utm_source=dashboard&signature=356b5db3f2f745b9706d5312f3d8828af0047e5ad815cbc627f8c664b6d07c47;;;0rrllaann@gmail.com;507068210;Active;10;3
Alnagwa Altazjh Altajaryh;النقوة الطازجة التجارية ;4030410999;أخرى;https://salla.sa/alnaqwa;;;Abu1739@outlook.sa;502290665;Active;0;0
maysuraom;متجر ميسور;;أخرى;https://maysuraom.com;https://instagram.com/maysuraom;;maysuraom@hotmail.com;539438373;Active;0;0
jubar ali mohmmad ghzwani;جبر علي محمد غزواني;;تسويق إلكتروني;https://salla.sa/iiemar?expires=1617046827&identifier=2013162987&utm_source=dashboard&signature=c20153cc291a63b4ed75033e32a9e8b26fe06b6b88a2281a9c6ff3abad3f352d;;;jubar1002@gmail.com;595273798;Active;0;0
JR care and softness;جي آر عنايه و نعومه;;مستلزمات المرأة;https://salla.sa/jrcare;https://instagram.com/jr_care;;i.juod52@gmail.com;530774004;Active;0;0
Easy Business ;إيزي بيزنيس;;حلول إلكترونية;https://salla.sa/easy_business?expires=1617044743&identifier=1128230891&utm_source=dashboard&signature=d1f6290ddf34bedf114d20609affa44ad1994082428ef81f4e30f15deca9b770&_gl=1*6ms78r*_gcl_aw*R0NMLjE2MTcwNDA1ODAuQ2owS0NRanc5WVdEQmhEeUFSSXNBRHQ2c0didzd1ZlI5am54VkNUamgzNkNjRy1BVWo5czRQS2dlNFkwQmdXVEpVX2FOT3BNWV81WTY0WWFBbzVrRUFMd193Y0I.;;;albandarialmimony@gmail.com;500920039;Active;0;0
Swarah store;سوارة للاكسسوارات;;مستلزمات المرأة;https://salla.sa/swarahstore;https://instagram.com/swarah.2020;;Swarah1996@gmail.com;532108202;Active;0;0
;منصة ورقية لبيع الكتب والأعمال الورقية;;أخرى;https://haraj.com.sa/users/iabdullah76;;;ia24.abdullah@gmail.com;501026996;Active;0;0
;متجر لوحات و أعمال فنيه ;;الحرف والصناعات اليدوية;https://salla.sa/mh4art;https://instagram.com/mh4art;;hasanassiri1423@hotmail.com;506070232;Not Active;0;0
thoog Goot;ذوق قوت ;;مطبخ و مخبوزات;http://top100.sa/;;;goothuseen90@gmail.com;554249096;Active;0;0
Grove store;متجر جروف;1136104699;إلكترونيات واكسسورات;https://salla.sa/grove.sa;;;2grove.sa@gmail.com;557374948;Active;0;0
SWARMIKA Store;متجر سوارميكا;;أخرى;https://swarmika.com/;;https://twitter.com/SWARMIKA;ooccoo2010@gmail.com;534264200;Active;0;0
GESMK;جسمك;1010692307;تسويق إلكتروني;http://fitprofile.net/;;;Jasserhgh@gmail.com;562421424;Active;0;0
; النخبة للأجهزة المنزلية;1128180812;أخرى;https://al-nukhba1.com/;;;Alnukhbah068@gmail.com;555691432;Active;0;0
;بصمة العمدة للاتصالات;1131309764;تسويق إلكتروني;https://bomdah.com;;;bsmamdh@gmail.com;539213493;Active;0;0
Bloom fashion sa;اصالة الحرير بلوم ;4031245635;مستلزمات المرأة;https://bloom-sa.com/;https://instagram.com/bloom_fashion_bloom;;bloomfashion@gmail.com;554965536;Active;0;0
Coffeetawabul;قهوه وبهارات الاصيل;;مطبخ و مخبوزات;https://salla.sa/alaseel-spices;;;alaseel14059@gmail.com;504796220;Active;10;2
Modern crown solutions ;حلول التاج العصرية ;1010655504;تخطيط مناسبات وحفلات;https://salla.sa/modern.crown;https://instagram.com/modern.crown;;M.crown.solutions@gmail.com;502377465;Active;10;1
Verdant Jewelry ;مجوهرات فيردنت;;مستلزمات المرأة;https://salla.sa/verdant.j;https://instagram.com/verdant.je;;ftoom-ms@hotmail.com;507342028;Active;0;0
roose;متجر روز 4;;تسويق إلكتروني;https://salla.sa/www.rose.com?expires=1617034182&identifier=1198315843&utm_source=dashboard&signature=626c575a083b9d8ec5bf998ec987cf2f5ea7e5dcd98e92ea0d1b1c1dc5bacfc9;;;roseordi1@hotmail.com;504977904;Active;0;0
Haz shope;متجر هاز الاكتروني;;إلكترونيات واكسسورات;https://salla.sa/haz3;https://instagram.com/shopehaz;https://twitter.com/ShopeHaz;aymanahmad11111@gmail.com;504498992;Active;0;0
moktshef;متجر مكتشف ;;تسويق إلكتروني;https://www.facebook.com/alhababi.wizaar;;;alhababiest1980@gmail.com;566640066;Active;0;0
Viola soap;صابون فيولا ;;مستلزمات المرأة;https://salla.sa/viola_soap?preview=true;https://instagram.com/salo.oha;;ai7236579@gmail.con;559482302;Active;0;0
Kedokids;كيدوكيدز;;أخرى;https://twitter.com/kedokids;;https://twitter.com/kedokids;kedokids2020@gmail.com;532427997;Active;0;0
renovated;بيع اجهزة مجدد;;تسويق إلكتروني;https://iwtsp.com/966504344889;;;Zxcbnm3320@gmail.com;504344889;Active;0;0
ALSOULTAN LAW FIRM;مجموعة السلطان الدولية للأعمال القانونية;;أخرى;https://g.page/AlsoultanLaw?share;;https://twitter.com/askmohami?lang=ar;info@alsoultan.com;548086685;Active;0;0
Vision Correction ;مؤسسة تصحيح الرؤية للنظارات;2050107359;أخرى;https://vision-correct.com/;https://instagram.com/vision_correction;;Vision_correction@outlook.sa;543433046;Active;0;0
cleaningbaskt;كلينق باسكت;1010168998;أخرى;https://cleaning-basket.com/;;;Abdalaziz.algdaery@gmail.com;538555236;Active;0;0
Lawet box;لوت بوكس;4030412104;أخرى;https://lawetksa.com/;https://instagram.com/lawet.box;https://twitter.com/LawetBox;lawet.box@gmail.com;569718994;Active;10;1
EZHyper;ايزي هايبر;1010678733;تسويق إلكتروني;http://ezyhyper.wothoq.co/;;;ezhyper11@gmail.com;559906660;Active;0;0
Nozomi shop;نوزومي شوب;;الحرف والصناعات اليدوية;https://salla.sa/nozomishop;;;fay.alanzi100@gmail.com;501853915;Active;0;0
Poppin shop ;بوبين شوب;;تصميم وطباعة;https://salla.sa/lht;;;alanoudaloufi@gmail.com;558790188;Active;0;0
Lambat Store;متجر لمبات;;أخرى;https://salla.sa/Lambatsstore;;https://twitter.com/Lambatsstore;Lambatsstore@gmail.com;502109737;Active;0;0
style0;ستايل0;;أخرى;https://salla.sa/style0;https://instagram.com/rozroz_995;https://twitter.com/rozroz995;Hesamksa@gmail.com;553177131;Active;0;0
hadeel jannah;هديل منصور جنة;;تسويق إلكتروني;https://salla.sa/duckshop;;;jannahhm@hotmail.com;541272182;Active;0;0
Warastore;وارا ستور;;أخرى;https://salla.sa/wara_store;https://instagram.com/wara.store1;;nawaf.w.s.d@gmail.com;505878222;Active;0;0
BLACK ASUD;المتجر بلاااك ;;تسويق إلكتروني;https://asudksa.com;;;asuadksa@gmail.com;501703474;Active;0;0
ROLS;متجر رولس;;تسويق إلكتروني;https://rolssa.com/;https://instagram.com/rols.jewelry;;rolssa@outlook.com;561855718;Active;10;1
B O O Stock;بو ستوك;;أخرى;https://www.boostock1.com;;;Boost.stock1@gmail.com;500225340;Active;0;0
NevadaNetwork;شبكه نيفادا ;4030315481;حلول إلكترونية;http://nevada.cc;;;446majed@gmail.com;502099199;Active;0;0
 Albadr watches;ساعات البدر ;;إلكترونيات واكسسورات;https://albadrwatches.com/;;;albadr24watches@gmail.com;542533377;Active;0;0
PARFAMEDA;بارفاميدا;1010694319;أخرى;https://parfameda.com/;;;m.mhh1988@hotmail.com;502489223;Active;0;0
common  labs ;كومون لابس;2053118280;مستلزمات المرأة;https://www.ksisters.sg/collections/commonlabs;;;qotoof.alsenan@gmail.com;509430026;Active;0;0
Mamas princess;ماماز برينسيس;4031084027;أخرى;https://www.mamasprincess.com;;;Mpbyab@gmail.com;557778793;Active;0;0
Oud Al Sultan ;عود السلطان;;أخرى;https://www.oudalsultan.com;https://instagram.com/alsultanoud;https://twitter.com/oud_sultan;ali.husain@oudalsultan.com;508184999;Active;0;0
MOONA TRD ;مؤسسة مونة التجارية;4030537190;تسويق إلكتروني;https://zid.store/moonatrd;;;moona.trd@gmail.com;566552399;Active;0;0
pubgaccksa;متجرنا لبيع حسابات ببجي;;تسويق إلكتروني;https://t.me/pubgaccksa;;;ffmbc_852@hotmail.com;598319898;Active;0;0
 Lavanda store;متجر لافاندا ;;كوافيرة و تجميل;https://salla.sa/lavanda.store;;;Lavanda.store.sa@gmail.com;500585102;Active;0;0
kasheek;كااشخ;;تسويق إلكتروني;https://kasheek.com;;;raed.m55@hotmail.com;565305284;Active;0;0
;أهداف الرؤية لتنظيم المعارض والمؤتمرات;;تخطيط مناسبات وحفلات;https://maroof.sa;;;azizwr@gmail.com;535677667;Active;0;0
mnzly;منزلي;;تسويق إلكتروني;https://salla.sa/manzly;;;kaka22mmm2@gmail.com;555635103;Active;0;0
Gndeely Sotre;متجر قنديلي;4030409618;تسويق إلكتروني;https://gndeely.com/;https://instagram.com/gndeely.ksa;;gndeely.con@gmail.com;503601226;Active;0;0
Alqos;عالم القوس;;أخرى;https://alqos.com/;https://instagram.com/alqos1;;Alqos101@gmail.com;503946103;Active;0;0
Faraha;فرحة مسكات عرائس ;;مستلزمات المرأة;https://salla.sa/faraha_202;;;Faraha02019@gamil.com;558691768;Active;0;0
DREAM STOREe;متجرر دريم ;;تسويق إلكتروني;https://t.me/DREAMSTORE11;;;Gadah@gmail.com;568959794;Not Active;6.7;27
You Are Robot;يو ار روبوت;;خدمات أكاديمية;https://www.youarerobot.com;https://instagram.com/robotics700;https://twitter.com/YouAreRobot1;info@youarerobot.com;503630678;Active;0;0
ladan jewelry;لدن  للمجوهرات ;;أخرى;https://salla.sa/ladan.jewelry;;;fati.1995@outlook.com;542733804;Active;10;5
Salsabil Shop;سلسبيل شوب;;إلكترونيات واكسسورات;https://salsabil-shop.com;https://instagram.com/salsabil_shoop;https://twitter.com/salsabil_shoop;muzaini2200@gmail.com;501746420;Active;0;0
Easy to choose;متجر سهل الاختيار;1010656267;إلكترونيات واكسسورات;http://theeasychoise.com;;;a552893833@hotmail.com;552893833;Active;0;0
kok shop;متجر كوك;;تسويق إلكتروني;https://salla.sa/kok_shop;;;info.kok.shop@gmail.com;559252914;Active;0;0
all's ; الكل للحيوانات;;أخرى;https://allspets.com/;;;abdulaziz@gvb.com.sa;570757116;Active;0;0
dakani com;دكاني كوم;;تسويق إلكتروني;https://salla.sa/dakanicom;https://instagram.com/dakanicom1;https://twitter.com/dakanicom;dakanicom2@gmail.com;501329917;Active;0;0
;النخبة التاسعه;;إلكترونيات واكسسورات;https://9ellte.com/;;;faisal11122237@gmail.com;567899666;Active;10;1
Hulul Alaser;حلول العصر للتعليم;1010696368;خدمات أكاديمية;https://hl4edu.com/;;;info@hl4edu.com;555951880;Active;0;0
Alara;ألارا;;تخطيط مناسبات وحفلات;http://candy-as.com;https://instagram.com/_alara.o;;shopping.b.ksa@gmail.com;547485998;Active;0;0
Khamelah;متجر خميلة;;تخطيط مناسبات وحفلات;https://khamelah.com/;;;Khamelah.EF@gmail.com;557290681;Active;0;0
danatyiptc;متجر دانتي الالكتروني;;حلول إلكترونية;https://salla.sa/danatyiptc;;;alnajdy96@outlook.com;578532986;Active;0;0
AlFaredah1;الفريدة للبهارات;;مطبخ و مخبوزات;https://salla.sa/alfaredah;https://instagram.com/alfaredh_1;;al-faredh1@hotmail.com;503388571;Active;0;0
High Slash ;هاي سلاش;;مطبخ و مخبوزات;https://highslash.com;;;High-dates2030@outlook.sa;565482318;Active;0;0
Anime Basket;سلة الانمي;;أخرى;https://animesbasket.com;https://instagram.com/animesbasket;https://twitter.com/AnimesBasket;animesbasket.sa@gmail.com;570023887;Active;0;0
AOG;إي أو جي;1010696280;تسويق إلكتروني;https://www.aog.sa;;;affan@aog.sa;544086808;Active;0;0
Smart fruits;الثمار الذكية ;;أخرى;https://zid.store/smartfruits;;;Smartfruits@gmail.com;553453101;Active;0;0
Cadenz;أجهزة كادنز المطوره لازالة الشعر و نضارة البشره;1011137538;مستلزمات المرأة;https://cadenzsa.com;https://instagram.com/cadenz.sa;;cadenz.sa@gmail.com;583491918;Active;0;0
Clef;كليف;;أخرى;https://www.clefstore.com/;https://instagram.com/clef_musicstore;https://twitter.com/Clef_musicStore;clef.music.store@gmail.com;581030932;Active;10;4
fywnikh lovite;فيونكة لوفيتا ;;الحرف والصناعات اليدوية;http://fywnikh-lovita.com;https://instagram.com/fywnik_lovita;;rrfantazia@gmail.com;568014571;Active;0;0
pubg1ksa;متجر السعودية لحسابات ببجي ;;أخرى;http://ksa1store.com/;;;aboodsalman1200@hotmail.com;560748206;Not Active;0;0
;متجر فور يو ببجي ;;تسويق إلكتروني;https://salla.sa/uc_4u;https://instagram.com/uc_4ue;;Akzesm@gmail.com;507353073;Active;0;0
Sannot Shop;سنوت شوب;5850131443;تسويق إلكتروني;https://sannotshope.com;;;sannot28@gmail.com;544304994;Active;0;0
MIRACLE SKIN CARE ;مجموعة المعجزة ;;مستلزمات المرأة;https://www.snapchat.com/add/itsmeracle-1210;;;Asmaasaad315@gmail.com;593996681;Active;0;0
Muzdan store;متجر مزدان ;;تسويق إلكتروني;https://www.muzd2n.com;;;Muzda2n@gmail.com;570979323;Active;0;0
Petit chocolat;بتيتي شوكلت;;مطبخ و مخبوزات;https://story.snapchat.com/u/om.lora7;;;memee1405@icloud.com;531111673;Active;0;0
aflocar; افلو كار;1010685268;السيارات;https://aflocar.com/;;;info@jadeeed.com;538999347;Active;0;0
Saudi production;إنتاج السعودية ;;مطبخ و مخبوزات;https://saudi15.com/;;;saudi.productio15@gmail.com;568529376;Active;0;0
king of bees;ملك النحل ;;أخرى;https://kingofthebees.com/;https://instagram.com/king.of.bees2020;https://twitter.com/KingBees20;king.of.bees2020@gmail.com;599060302;Active;0;0
tools  lo;أدوات  لو;1010698651;أخرى;https://pinkdiamondss.com/;;;dimondpink.you@gmail.com;537896421;Active;0;0
star salad;سلطات ستار;;مطبخ و مخبوزات;https://muhaya-store.com;https://instagram.com/star_salad___;;rghad7480@gmail.com;536995240;Active;0;0
;متجر الاطلال ;;أخرى;https://salla.sa/altalal1;;;Falfahad02@gmail.com;551612963;Active;0;0
M3 LINE;ام 3 لاين;;مستلزمات المرأة;https://m3-line.com;;;m3line@icloud.com;570264605;Not Active;0;0
Yousef shop for sale accounts in Bji ;متجر يوسف لبيع حسابات ببجي;;تسويق إلكتروني;https://t.me/HNTR_11/31;;;yosfkhaled502@gmail.com;578488332;Active;0;0
mon3sh;م ن ع ش;1010637436;أخرى;https://salla.sa/mon3sh/;;;mh.aldakheel@gmail.com;501537560;Active;0;0
18-ديسمبر;18-ديسمبر;;أخرى;https://zid.store/18december/products;;;7elm12111@gmail.com;540560626;Active;0;0
wonders stoore;ووندرز;;تسويق إلكتروني;https://t.co/eEriVKScmF;https://instagram.com/wondersstoore;https://twitter.com/wondersstoore;wondersstoore@gmail.com;553227054;Active;0;0
;منصة السبالة;1010681152;تسويق إلكتروني;https://alsbalh.sa/;;;info@alsbalh.sa;503467120;Active;0;0
Socksty;سوكستي;;مستلزمات المرأة;https://www.socksty.net;https://instagram.com/socksty_store;https://twitter.com/Socksty_store;socksty_store@hotmail.com;570274133;Active;0;0
The little roses ;مؤسسة الورود الصغيرة;2252105478;تسويق إلكتروني;https://thelittle-roses.com;https://instagram.com/rosesthelittle;;alabsa0i.s@gmail.com;546163642;Active;0;0
youtube premium;يوتيوب بريميوم بسعر رخيص;;تسويق إلكتروني;https://salla.sa/fortnite.1.v.bucks;;https://twitter.com/youtube1premium;mjeedmm@gmail.com;581417203;Active;0;0
Cloudone;كلاود ون;4030390581;أخرى;https://cloudoneshop.com/;;;cloudone.est@gmail.com;508994655;Active;0;0
GM Home;جي ام هوم;3350027905;تسويق إلكتروني;https://gm-home.net/;;;sales@gm-home.net;566660902;Active;0;0
lathaeth mazraeti;لذائذ مزرعتي ;;أخرى;https://salla.sa/lathaeth_mazraeti;;;lathaeth_mazraeti@outlook.com;533562966;Active;0;0
NK candle;ان كي كاندل;2050138304;الحرف والصناعات اليدوية;http://zid.store/nkcandle/;https://instagram.com/nk.candle;;nadaalkhili2020@gmail.com;504651032;Active;0;0
fathaa for dates; فذة للتمور;4650206595;أخرى;https://fathaa.com/;;;datestaibah@gmail.com;580110119;Active;0;0
Ayoosh shop;متجر عيووش;;الحرف والصناعات اليدوية;https://salla.sa/ayoosh-shop;;;ayoosh_2030@outlook.com;563632080;Active;0;0
ElegantBabye;إيلجنت بيبي ;;أخرى;http://salla.sa/elegantbaby.com;;;elegentbabay@gmail.com;590483020;Active;0;0
Felwah coffe;قهوة الفلوة;;أخرى;https://salla.sa/store_felwahh;;;felwahstore10@gmail.com;507375338;Active;0;0
TRENDDEY STORE;متجر ترندي;;أخرى;https://salla.sa/abhaastore;;;trend.dey@gmail.com;503735376;Active;0;0
ezzzysoog;إزززي سوق;4030328453;مستلزمات المرأة;https://ezzzysoog.com/;https://instagram.com/ezzzysoog;https://twitter.com/ezzzysoog;ezzzysoog@gmail.com;543111750;Active;0;0
Happy Card;هابي كارد;2050143474;تسويق إلكتروني;https://zid.store/happy-card;;;Muudii.001@Gmail.com;508292846;Active;0;0
MILA JEWELRY;مجوهرات ميلا;;أخرى;https://salla.sa/milajewelry;;;Shoroog.21415@gmail.com;550780632;Active;0;0
Oud AlHasan;الحسن للعود;1010696382;أخرى;https://salla.sa/oud.alhassan;;;oud.alhasan.sa@gmail.com;504364989;Active;0;0
Ritzy Beam;ريتزي بيم;;إلكترونيات واكسسورات;https://salla.sa/ritzybeam;https://instagram.com/ritzybeam_;;3mmar.a7mad14@gmail.com;501398238;Active;0;0
desingnernm;تصاميم دعوات الألكترونية;;أخرى;https://www.desingner.nm/;;;nora1.alblawi@gmail.com;545884867;Active;0;0
soratalteeb;سراة الطيب;;أخرى;https://salla.sa/hafeef?expires=1616950172&identifier=704746767&utm_source=dashboard&signature=36440e3f4ec274177b65fb7af323b34eaad4cfb1a2ecd6c2f584fbda86ee83e3;;;soratalteeb@gmail.com;502944686;Active;10;1
Natural Plant;النبات الطبيعي;;كوافيرة و تجميل;https://www.naturalplant-sa.com;https://instagram.com/naturalplant.sa;;Naturalplant@protonmail.com;543400344;Active;10;1
AlookatAlteeb;متجر ألوكة الطيب للعود والعطور;;أخرى;https://alookatalteeb.com;;;alookatalteeb@gmail.com;568386868;Not Active;0;0
Username ;بيع يوزرات مميزة لبرامج التواصل الاجتماعي;;تسويق إلكتروني;https://salla.sa/rab;https://instagram.com/r2ab?igshid=bm5kbixloy0h;;fxsfxxxsxx@gmail.com;559699672;Active;10;11
Nwader alaoud llaoud alfakher;نوادر العود للعود الفاخر;1010651532;أخرى;https://alkhudiroud.com/?expires=1616948758&identifier=1808743782&utm_source=dashboard&signature=1cbad8306d254eab2bb8eda5a75884d0d2fd668d586598d48cb08e6592519a72;;;A_kder@hotmail.com;582166028;Active;0;0
Alsayedstor;السيد ستورر;;إلكترونيات واكسسورات;https://alsayedstore.com/category/YmqQR;;;ALSAYEDstore@hotmail.com;547965581;Not Active;10;1
anaqtii fashon;اناقتي فاشون;1011145631;تسويق إلكتروني;https://anaqtii.com/?expires=1616173936&identifier=1094262758&utm_source=dashboard&signature=29e5f5cf96b55342372832a94ed6663d1e35bbea48b5c462b4d984231a3717e4;https://www.instagram.com/anaqti_fashon/;;shade199633@icloud.com;507988487;Active;0;0
ZOET ;زوت;;مطبخ و مخبوزات;Https://www.zoet.sa;;;Hessah.als12@gmail.com;559274722;Active;0;0
Ways  Adv Agency;ويز للدعاية والإعلان;4030411767;أخرى;https://ways-agency.com;https://instagram.com/ways_adv;https://twitter.com/ways_adv;info@ways-agency.com;542595216;Active;0;0
Perfume M2;عطور ام تو;;أخرى;https://mkan.me/m2perfumes;;;Maj99992222@hotmail.com;553902234;Active;0;0
 store abuhussam ;متجر ابو حسام;2050143815;تسويق إلكتروني;https://salla.sa/abuhussam;;;yehey.1410@hotmail.com;559485612;Active;0;0
Guzlaar;قوزلار;4031096152;أخرى;https://www.guzlaar.net/;https://instagram.com/guzlaarstore1;https://twitter.com/GuzlaarStore1;info@guzlaar.net;540044555;Active;0;0
The OCEAN STORE;متجر المحيط للبطاقات الرقمية ;;أخرى;https://theocean1.com/;;;Ss73381854@gmail.com;559240428;Active;0;0
DARKYAN;دار كيان;;تسويق إلكتروني;https://darkyan.com/;;;acxz3019@gmail.com;554366967;Active;0;0
Dialastore24;ديالا ستور;;تسويق إلكتروني;https://www.maroof.sa;https://instagram.com/dialastore24;https://twitter.com/i7nani24;Diala868@yahoo.com;508627967;Not Active;0;0
desingner;تصاميم بطاقات دعوة ;;أخرى;https://www.desingner.nm/;;;meemalhmad238@gmail.com;538556186;Active;0;0
NEUMA;مؤسسة المتنفس لتنظيم الرحلات ;5850130739;تخطيط مناسبات وحفلات;http://neuma.fun/;https://instagram.com/neumafun;https://twitter.com/NEUMAfun;info@neuma.fun;595985545;Active;0;0
RAFTEL STORE;متجر انمي رافتيل;;تسويق إلكتروني;https://salla.sa/raftel_store?expires=1616943197&identifier=173262171&utm_source=dashboard&signature=a5bb1ed308d75a33b552362cb6e80d5a2e4cb8af5454699eac8f642b57d55222;;;Tellvma@gmail.com;533880310;Active;0;0
Alemad Clothing;ملبوسات العماد;4030181780;تسويق إلكتروني;https://www.malbosatalemad.com/;https://instagram.com/alemadclothing?igshid=167l0w98ha5ia;;alemadfactory@gmail.com;555699983;Active;0;0
Sweet  Party;الحفلة الحلوة;2053118357;تخطيط مناسبات وحفلات;https://sweet-party.com/;;https://twitter.com/Sweet2021Party;Sweet2021Party@gmail.com;503750519;Active;10;1
platin;بلاتين;;أخرى;https://salla.sa/platin.ksa;https://instagram.com/platin_ksa;;Platin.ksa@gmail.com;547387754;Active;0;0
aktiark store;متجر اختيارك  للمستلزمات النسائية;1010696570;مستلزمات المرأة;https://www.aktiark.life;https://instagram.com/aktiarkcom;https://twitter.com/aktiarkstore;null3d.cc@gmail.com;555118642;Active;0;0
Cync;سينك;1010484304;تسويق إلكتروني;https://cync.agency/;;;Fatima.neyaz@gmail.com;594453901;Active;0;0
Gift coordination and packaging;تنسيق الهدايا وتغليفها;;إلكترونيات واكسسورات;https://www.eiva.ms/;https://instagram.com/eiva.ms;;Mima0007.md@icloud.com;553225767;Active;0;0
Hamouchi;حموشي;;مستلزمات المرأة;https://kawini.business.site/;;;eng.oaljedani@gmail.com;540783279;Active;0;0
Ghuraab;غراب;;تسويق إلكتروني;https://salla.sa/ghuraab;;;st.fahdmutiri10@gmail.com;596653139;Active;0;0
Rakiza for Business Solutions and Services  ;ركيزة حلول وخدمات الأعمال;;حلول إلكترونية;https://www.rakiza.net;;;yasser@rakiza.net;506223192;Active;0;0
Quality 5;كولتي ٥;;إلكترونيات واكسسورات;https://j5nquality5.com/;;;Quality5.jn@gmail.com;565018121;Active;0;0
summer colors;الوان الصيف;;تسويق إلكتروني;https://salla.sa/summer.colors?expires=1616935368&identifier=979990754&utm_source=dashboard&signature=5af906bc322df08d2d547229eb036c3bbd84d57622f6ea4d46a81ad1d254a38d&_gl=1*1aprym0*_gcl_aw*R0NMLjE2MTY1ODQzNjcuQ2p3S0NBand4dXVDQmhBVEVpd0FJSUl6MGV4QkxlTXR5VzdKTnlMbU56NHRoRXlfejU5VmtEcmFSaWx6aWtNbEtXNm5YZ3NpVkJ2dWdSb0NHaDBRQXZEX0J3RQ..;;;alomran.khalid1@gmail.com;540333675;Active;0;0
Seetah Alhumidan;صيته الحميدان;1010696468;أخرى;Https://www.bigotv.sa;;;Social-worker_999@hotmail.com;501942096;Active;0;0
;صاحب المتجر ;5800106502;تسويق إلكتروني;https://maroof.sa/195594;https://instagram.com/tawsel_jaddah;;Ahmad-10-5@hotmeil.com;504761009;Active;0;0
Fahad UC Store;فهد ستور;;تسويق إلكتروني;https://www.fahad-stor.com/;;;ffaahhaad30276@gmail.com;559800846;Active;0;0
Lvrgirlstore;الفتاة المحبة;;مستلزمات المرأة;https://salla.sa/lvrgirlstore;;https://twitter.com/lvrgirlstore;Lvrgirlstore@outlook.sa;534698474;Active;0;0
estagrh;استأجره;1010693744;أخرى;https://estagrh.com/;;;estagrh1@gmail.com;556068555;Active;0;0
tamkenmetal;تمكين المعادن;;تسويق إلكتروني;https://salla.sa/tamkenmetal.com?expires=1616931709&identifier=1882096716&utm_source=dashboard&signature=961ea6de32c45ecb5f22bc0733164ecfb6c2951bf44ad661d4b62edd4e7dbff7;;;tamkenmetal@gmail.com;567608088;Active;0;0
ASMAKI;مؤسسة أسماكي التجارية;;تسويق إلكتروني;http://www.asmaki.com;;;2827301@gmail.com;505891225;Active;0;0
ALSARHI FURNITURE;مفرشات السرحي;4030122194;أثاث وديكور;https://www.alsarhi.com/;;;alsarhi24@gmail.com;555563425;Active;0;0
process store;بروسيس ستور;2053116764;إلكترونيات واكسسورات;https://process.sa/;;;Info@process.sa;541772202;Active;0;0
clubathenas;كلوب آثيناس;;أخرى;https://salla.sa/athenaas;;;clubathenas0@gmail.com;501483473;Active;0;0
five5store;بيع حسابات و شدات ببجي متجر فايف;;أخرى;https://www.five5store.com;;;g-9q@hotmail.com;559078557;Active;0;0
FASHPICK;فاشبك;1010493537;مستلزمات المرأة;https://www.fashpick.com;;;info@fashpick.com;503900267;Active;0;0
expansion ;متجر اكسبنشن الرقمي;;أخرى;https://salla.sa/expansion;;;expan181@gmail.com;502653314;Active;0;0
alaser;الآسر;4030411754;خدمات أكاديمية;https://t.me/fhashmy;;;4daress@gmail.com;555573174;Active;0;0
MEDICA UNIFORMS;ميديكا يونيفورم;4030411929;أخرى;https://medicauniform.com;;;medicaunforms@gmail.com;566998669;Active;0;0
Anthia Beauty;أنثيا بيوتي;;مستلزمات المرأة;https://anthiabeauty.com;;;Anthiabeauty1@gmail.com;501133238;Active;0;0
Xdeem;متجر ديم للتجميل ;;مستلزمات المرأة;https://x-deem.com;;;Xshatha26@gmail.com;505221143;Active;0;0
Quick band;كويك باند;;أخرى;https://qbstore10.com/;;;qbstore10@gmail.com;562031855;Active;0;0
sale gold and jewallery;بيع الذهب والمجوهرات;2050142356;أخرى;https://salla.sa/deemadi;;;demmadi@hotmail.com;550955844;Active;0;0
sacrifices;ذبايح;;أخرى;https://salla.sa/sacrifices2021.sa;;;als1rb9@gmail.com;502169277;Active;0;0
Taib Almadinah;متجر طيب المدينة;;تسويق إلكتروني;https://salla.sa/taibalmadinah;https://instagram.com/taib.almadinah;https://twitter.com/taibalmadinah;T.alnadeem@hotmail.com;572603730;Active;0;0
LA For jewelry;لوس انجلوس للمطليات;1131312662;مستلزمات المرأة;https://salla.sa/evan.accessories?expires=1616910145&identifier=1570095054&utm_source=dashboard&signature=4ce042f1a11cb78855f003e4a5f8e37d4b7cee9aa4f8723b83ed404142b18b47;;;accessories22@gmail.com;502698699;Active;0;0
codeals;كوديلز;;أخرى;https://codeals.net/;https://instagram.com/codeals_sa;https://twitter.com/codeals_sa;deemdeal@gmail.com;503082961;Active;0;0
;أم الدنيا;4030410560;تسويق إلكتروني;http://androidomeldonia.blogspot.com/;;;sahlan@holulquwa.com;549433630;Active;0;0
De mellow;دي مـــيـلـو ;;تصميم وطباعة;https://salla.sa/ego.sa?expires=1616899751&identifier=1021836748&utm_source=dashboard&signature=3a4a43a07bbdab61ff95fc4eedff083fc8a5d99709c29dd729c88a26b4a511d0;https://instagram.com/demellow.sa;;Demellow.sa@gmail.com;502438861;Active;0;0
LUXE 1 Brand a ;لكس1براندز;;أخرى;https://salla.sa/luxe1brands;https://instagram.com/luxe.brands1?utm_medium=copy_link;;Luxe1.brands@outlook.com;558241328;Active;0;0
Rwand;رواند للطيب عنوان;;تسويق إلكتروني;http://rwand37.com/;https://instagram.com/rwand_37;;Kenanalhrbi@gmail.com;502170612;Active;0;0
Besho1h;متجر بيش الخطاطة;;أخرى;https://iwtsp.com/966557982290;https://instagram.com/Besho1h?igshid=187h5q6w9b06x;;Bashayer1hamzi@gmail.com;557982290;Active;0;0
Scapeium;سكيبيوم;2052102966;أخرى;https://salla.sa/scapeium?expires=1616889490&identifier=2081474321&utm_source=dashboard&signature=6b6b1c775ec4c9d9d4805194bc309acec28f4c1ae5d35b6194a5f9d8c3c39462;https://instagram.com/scapeium;;Scapeium@outlook.com;591188253;Active;0;0
Athbah coffee;متجر عذبة للقهوة ومستلزماتها;;أخرى;https://salla.sa/athbah;;;athbah.coffee@gmail.com;562786996;Active;0;0
Deershop;دير شوب;;الحرف والصناعات اليدوية;https://salla.sa/deershop;https://instagram.com/deershop;;kaula.rshd@gmail.com;555070756;Active;0;0
Copacabanastore;متجر كوباكابانا;;أخرى;https://salla.sa/copacabanastore;https://instagram.com/copacabanastore.1;;ifalabdullah5@gmail.com;568906151;Active;0;0
natural hair product;متجر جمال الشعر الطبيعي ;;مستلزمات المرأة;https://salla.sa/naturalhairprouduct.sa;https://instagram.com/natural_hair_product;;jmlhair18@gmail.com;508304037;Active;0;0
bayt almounh;بيت المونة;;تسويق إلكتروني;https://mapp.sa/baytalmounh;;;alsharif1.waseem@gmail.com;555332813;Active;0;0
Al saraj;السراج;;أخرى;http://wa.me/966502508844;;;saraj1413@hotmail.com;502508844;Active;0;0
ahmedstore77;متجر احمد للاكواد الرقمية;;إلكترونيات واكسسورات;https://iwtsp.com/966593403757;;;alrhymya474@gmail.com;593403757;Active;0;0
alvakitchen;مطبخ الفا;;مطبخ و مخبوزات;https://maroof.sa/195481;https://instagram.com/alva.kitc;;alva.kithen@hotmail.com;500076071;Active;10;1
A57;متجر آي خمسه سبعه ;;أخرى;https://salla.sa/a57;;;sooq.A57@gmail.com;557621102;Active;0;0
Ihsan Al Madina for Family Counselling;إحسان المدينة للإرشاد الأسري;;أخرى;Http://Ihsan-almadina.com;https://instagram.com/ihsan.almadina;;d.jeledan@yahoo.com;567729943;Not Active;0;0
Ahlam  Al barrak ;أحلام  البراك ;;تصميم وطباعة;https://t.me/ahlamrashad22;;;ahlamrashad22@gmail.com;502287764;Active;10;1
FLORACHI;فلوراتشي;;مستلزمات المرأة;https://salla.sa/florachi?expires=1616645130&identifier=738775549&utm_source=dashboard&signature=fa7f47607df31c465f7b63c651cfbeb78809617c629a681dbc0583f77aca55e0;https://instagram.com/florachi.sa;https://twitter.com/florachi_sa;florachi@outlook.sa;503090552;Active;10;1
Designers Destination ;وجهة المصممين;;تسويق إلكتروني;https://www.designersdestination.net;;;fatimaelaraab@hotmail.com;590019000;Active;0;0
Am buotiq;بوتيك اشواق;2511113871;مستلزمات المرأة;https://salla.sa/am.ashwaq.com;https://instagram.com/am.ashwaq24;https://twitter.com/AmAshwaq24;AM.ashwaq224@gmail.com;541392325;Active;0;0
Aromed perfumes;أرومد للعطور;;أخرى;https://aromed-sa.com;https://instagram.com/aromed.sa;;aromed.sa@outlook.com;543674767;Active;0;0
The speed of delivery for his trade; سرعة الانجاز لتجاره ;1010696143;إلكترونيات واكسسورات;https://salla.sa/speed420;;;Waleed.Khalid.W716@gmail.com;509199142;Active;0;0
Hessah Silver;حصه الفضيه;1113101464;أخرى;https://hessah-silver.com;https://instagram.com/hessah_silver;;hessahsilver@hotmail.com;501118426;Active;0;0
luminousmoons;القمر المضيء;;إلكترونيات واكسسورات;https://luminousmoons.com/;;;hewaidi@hotmail.com;555643844;Active;0;0
;منتجات هيفاء ;;مستلزمات المرأة;https://www.haifana.sa;https://instagram.com/_haskincare;;Haifana53@gmail.com;503263066;Active;0;0
Khalid style;خالد ستايل;2057473857;أخرى;https://khalidsylebh.com/;https://instagram.com/khalidstyle;;Abdulrhman3579@gmail.com;506888824;Active;0;0
Maher Store Team;فريق متجر ماهر;4031236099;تسويق إلكتروني;https://maherstore.com/;;;maherstoreteam@gmail.com;560764885;Active;0;0
Computer technician75;فني حاسب آلي;;حلول إلكترونية;https://wa.me/message/H2IDV2LPWPFRB1;;https://twitter.com/mubark_s;mubarkssm@hotmail.com;532251057;Active;0;0
SharpShooter Cheat Ninja;شارب شوتر العرب;;أخرى;https://salla.sa/esp2shooter;;;6ari8isHere@gmail.com;534736280;Active;0;0
;مؤسسة صفحة للتجارة;1011145661;أخرى;https://salla.sa/sf7h;;;alhosnan@hotmail.com;593688133;Active;0;0
AURASENSE;اوراسينس;4032247334;أخرى;http://aurasense1.com;;https://twitter.com/aurasense_sa;aurasense.sa@gmail.com;504377632;Active;0;0
smart choice;الخيار الذكي;;أثاث وديكور;https://smart-choice2030.com/;;;creativelight2030@gmail.com;541779701;Active;0;0
yznelectronics;متجر يزن;;إلكترونيات واكسسورات;https://salla.sa/yzn.electronics?expires=1616871474&identifier=1556031903&utm_source=dashboard&signature=4a73bb720132273a6a6c5a522ee21a8ab834bdc350ce8e2b4bd677fc9da3b358;;;mr.ip@outlook.com;552544592;Active;0;0
;عسل أصيل الطعم الأصيل;;أخرى;https://twitter.com/c7YZWLMtKSQZFKx;;https://twitter.com/c7YZWLMtKSQZFKx;aasiry171@gmail.com;596162319;Active;0;0
STOR SAUD UC ;متجر سعود للشدات ;;أخرى;https://t.me/salm_c;;;Shom23e@icloud.com;551599792;Active;0;0
Lucid Store;لوسيد ستور;;الحرف والصناعات اليدوية;https://salla.sa/lucid/;;https://twitter.com/lucidstore0;Lucidstore1@gmail.com;535531336;Active;0;0
TechPartner;الشريك التقني;4030356795;حلول إلكترونية;https://www.techpartner-me.com;https://instagram.com/techpartnerme1;https://twitter.com/TechPartnerME;info@techpartner-me.com;551006623;Active;0;0
tarim;متجر تريم;1010695267;أخرى;https://salla.sa/tarim/category/mqoWE;https://instagram.com/tarim.15;;n.aziii999@hotmail.com;542669129;Active;0;0
Services for the game Call of Duty Cold War ;خدمات للعبة كول اوف ديوتي كولد وار;;تسويق إلكتروني;https://salla.sa/store_nightmare;https://instagram.com/r1ia2;;Haz.8534@hotmail.com;568431433;Active;10;1
qanasaldierah;قناص الديرة;4650057326;أخرى;https://qanasaldierah.com/;;;majeed4013@gmail.com;507565895;Active;0;0
Beauty icon;بيوتي ايكون;;إلكترونيات واكسسورات;https://zid.store/beautyicon;https://instagram.com/beautyiconshop;;beautyyiconshop@gmail.com;531378542;Active;0;0
Hanet computer est;مؤسسة هانت للحاسب الآلي;1010118236;حلول إلكترونية;http://hanet.com.sa/;;;sales@saudiakar.com;550380001;Active;0;0
LAV Line;لاف لاين;;مستلزمات المرأة;https://salla.sa/lav.line?expires=1616855449&identifier=1212435577&utm_source=dashboard&signature=d69a99ac3d11b1f93cfca39c4a66806def6b14c4c3a55691705904a2ba2a50b0;https://instagram.com/lav_line;;lav.line3@gmail.com;502159634;Active;0;0
TRATHIAT YESLAM;يسلم الازياء للتجارة;1010428420;أخرى;https://trathiatyeslam.com;https://instagram.com/trathiat.yeslam;;hasenalminhaly@gmail.com;502258614;Active;0;0
Time store gifts;متجر واقت الهدايا;;تسويق إلكتروني;https://salla.sa/salmah92?expires=1616852997&identifier=1538819271&utm_source=dashboard&signature=6a1715911dd5ed8d5bd7e9ade960dd816fce0db103270712d4c87;;;salmaalmtani55@gmail.com;500955079;Active;0;0
Radeef Store;متجر رديف;;إلكترونيات واكسسورات;https://salla.sa/radeef;;;safarradeef@gmail.com;557974477;Active;0;0
Teeb Alolwah;طيب الألوة;;أخرى;https://api.whatsapp.com/send/?phone=966571934344&text&app_absent=0;;;teebalolwah@gmail.com;571934344;Active;0;0
;منتجة زيت إيلاف ;;الحرف والصناعات اليدوية;https://www.snapchat.com/add/fahad.20029;;;ref3ahfahad@gmail.com;509918573;Active;0;0
Om turki;ورق عنب أم تركي ;;مطبخ و مخبوزات;https://maroof.sa/195374;https://instagram.com/om_turki2021;;Adooli29200@gmail.com;545648936;Active;0;0
hajatel;متجر حاجاتك;;تسويق إلكتروني;https://hajatek.com/;;;hajati2211@gmail.com;533908977;Active;0;0
SOFT World;عالم سوفت;;حلول إلكترونية;https://soft.com.sa/;;;h@soft.com.sa;539286668;Active;0;0
elite shoe;نخبه  الحذاء;1010667502;تسويق إلكتروني;https://elite-shoe.com;;;y.elite-shoe@elite-shoe.com;540211411;Active;0;0
HyperStore;هايبر ستور;;تسويق إلكتروني;https://salla.sa/hyperstore;https://instagram.com/hyper4store;;Mahmoud.Abunada90@gmail.com;567334255;Active;0;0
Besht Abaya;عبايات بشت ;;أخرى;https://salla.sa/besht;https://instagram.com/besht.abaya;;Besht.abaya1@gmail.com;557384434;Active;0;0
Adunis Rose;أدونيس روز;;أخرى;https://salla.sa/adunis.rose;https://instagram.com/adunis.rose;;adunis.rose@gmail.com;542179385;Active;0;0
pro;برامج;;حلول إلكترونية;https://soft.com.sa;;;h922229@gmail.com;539286668;Not Active;0;0
Zoro Online Store;متجر زورو الإلكتروني;1010696285;إلكترونيات واكسسورات;https://zor0.com/;;;zor0sau@gmail.com;505560069;Active;10;2
tmyyz;تمييز;;أخرى;https://tmyyz.com;https://instagram.com/tmyyz_store;;tmyyz77@gmail.com;551482220;Active;0;0
ONLINEHADIA;اونلاين هدية;;أخرى;http://www.onlinehadia.com/;;;al-khares@hotmail.com;541140911;Active;10;4
moksrat;عالم المكسرات;;مطبخ و مخبوزات;https://salla.sa/moksrat.com;;;Aljadid1413@gmail.com;599390979;Active;0;0
Amal Thaiban;امل ذيبان;;خدمات أكاديمية;https://amalthaiban.msaaq.net/;;;ThaibanAmal@gmail.com;548294063;Active;0;0
Vanstore;فساتين فا ;;أخرى;https://salla.sa/vanstore;;;Vah98iiiiim@gmail.com;503521171;Active;0;0
 ACCs and UC; للحسابات والشدات;;تسويق إلكتروني;https://maroof.sa;;;Pubgmf@yahoo.com;500000000;Active;2;1
pure pot;الوعاء النقي;;أثاث وديكور;https://www.snapchat.com/add/tahbl1;;;S.a.r.vip@hotmail.com;557699954;Not Active;0;0
Tabliah;طبلية;4030399721;أخرى;https://eTabliah.com;;;etabliahapp@gmail.com;563815186;Active;0;0
mirva stores;ميرفا ستور;;أخرى;https://mirvastores.com/;;https://twitter.com/mirvastores;mirvastoress@gmail.com;542528294;Active;0;0
Arj albn;أرج البن;;أخرى;https://salla.sa/arj.bn;;;alhashmi889@hotmail.com;557887889;Active;0;0
BEST CARDS;بست كارد;;أخرى;https://best-code.net/;;;bestcards.me@gmail.com;552346357;Active;0;0
The Danah;متجر الدانة فستان عباية;;مستلزمات المرأة;https://thedanah-sa.com;https://instagram.com/thedanah.sa;;thedanah.sa@gmail.com;568544181;Active;0;0
;طعم ;2055126943;مطبخ و مخبوزات;http://t-aem.com/;;;mmth.usa@gmail.com;505359055;Active;0;0
RF specialoud;ار اف سبيشل عود;4031248433;أخرى;https://rfspecialoud.com/;https://instagram.com/rf.specialoud;;rf.specialoud@hotmail.com;582240926;Active;0;0
ALTAJIR SHOP;التاجر شوب;4030411399;أخرى;https://altajir.shop/;https://instagram.com/alarabialtajir;;Altajir.Alarabi@gmail.con;561890885;Active;10;3
Badr Abdulaziz Baissa Foundation;مؤسسة بدر عبدالعزيز باعيسى ;4031246737;تسويق إلكتروني;https://docs.google.com/document/d/18Nj4s870XsiKoyJZUWKdqP6aH_Xs1ZgM/edit;;;nejr1139@gmail.com;561417500;Active;0;0
11La;لا11;;تسويق إلكتروني;https://t.me/ki905;;;ibnm8bl@icloud.com;531040369;Not Active;0;0
Hia;آشيا;;مطبخ و مخبوزات;http://ww.Hia-sweets.sa;;;ragad-811@hotmail.com;557653360;Active;0;0
tale of a thread and a hook;حكاية خيط وسنارة;;الحرف والصناعات اليدوية;https://s.salla.sa/home;https://instagram.com/chrochet_94;;Ano_suo@hotmail.com;502179522;Active;0;0
thogue2;ذوق 2;;مستلزمات المرأة;https://thogue2.com/;https://instagram.com/thogue2;;mtgr4141@gmail.com;533435399;Active;0;0
MANAYER STORE ;منايرر ستور;;تسويق إلكتروني;https://salla.sa/gold.st;;;gold.st121@gmail.com;580138560;Active;7.8;10
PUBG 10;بيع حسابات لعبة ببجي 10;;أخرى;https://salla.sa/aykh_10;;;khattabnasser135@gmail.com;531368815;Active;0;0
SANJOB;مكسرات سنجوب;1010696352;أخرى;https://sanjob-sa.com/;;;sanjob-sa@gmail.com;533936449;Active;0;0
Bharat Umm Mohammad;بهارات أم محمد;;مطبخ و مخبوزات;https://salla.sa/bhrtm.mhmd;https://instagram.com/bhrtm.mhmd;;tatof7011@hotmail.com;567140424;Active;0;0
Shirwal jed;شروال جدة;;أخرى;https://salla.sa/rm.store;;;Retal1alamro@gmail.com;535320908;Active;0;0
 Luxurious  oud;فخامة العود ;;أخرى;https://salla.sa/luxuriousoud.com;https://instagram.com/luxury18531;;Luxury.oud@my.com;536473695;Active;0;0
al hazm coffee;قهوة الحزم;;أخرى;https://ig.me/1F91Uh9kGwSyJuC;;;hyoonh15045@gmail.com;507856061;Active;0;0
alamen;الأمين;;تسويق إلكتروني;https://zid.store/alamen/;;;alamen.2021.59@gmail.com;542843188;Active;0;0
7SEVEN;متجر سفن لمستلزمات المراه;;مستلزمات المرأة;https://salla.sa/sev7en.store;;;STORE.SEVE7N@gmail.com;555853826;Not Active;0;0
waqti;وقتي;1010695510;أخرى;https://waqti.shop/;;;waqti100@gmail.com;566101007;Active;0;0
Sc2;متجر خاص في بيع جميع حسابات الالعاب ;;تسويق إلكتروني;https://salla.sa/store_sc2;;;Sooo100@outlook.sa;552261174;Not Active;0;0
byaddi;بيدي;;مطبخ و مخبوزات;http://byaddi.com/;;;info@byaddi.com;533227336;Active;0;0
nothing done cansel;لايوجد تم الغا;;أخرى;https://salla.sa/supery.com;;;Cae15242@gmail.com;542189022;Not Active;0;0
Swq alqwayaih ;سوق القويعية ;;أخرى;https://salla.sa/suqlqy/category/nxzjE;;;swddl63@gmail.com;561115584;Active;0;0
;محل ركن احلام للملابس النسائيه ;1140101442;مستلزمات المرأة;https://iwtsp.com/966565169880;;;yossef11220@gmail.com;565169880;Active;0;0
Eveoud;إيف عود;1010345651;أخرى;https://www.eveoud.com;;;info@eveoud.com;558640555;Active;0;0
EvaBoxStore;إيفا بوكس ستور;;أخرى;https://salla.sa/evabox;https://instagram.com/evaboxstore;https://twitter.com/EvaBoxStore;EvaBoxStore@gmail.com;550068333;Active;0;0
AV  Abaya;أي  في  عباية;;مستلزمات المرأة;https://www.avabaya.com;https://instagram.com/av.abaya;;av3baya@gmail.com;551407712;Active;0;0
;متجر ابريز للعطور ;;كوافيرة و تجميل;https://www.lamset-4.com;;;naflh0553@gmail.com;531955072;Active;0;0
Bebe moi;بيبي موا;;أخرى;Http://www.bebemoi.com;https://instagram.com/bebemoii;;Db.ibtissem@gmail.com;501059977;Not Active;0;0
Classic story;كلاسيك ستوري;;أخرى;https://classicstoryy.com;;;Alqarnifahad222@gmail.com;555728242;Active;0;0
 site that sells children's clothing;موقع لبيع ملابس الأطفال;;أخرى;https://salla.sa/myprincess;;;saadalhrbi660@gmail.com;507534639;Active;0;0
;متجركم للمستلزمات النسائية;4030411395;تسويق إلكتروني;https://salla.sa/matjarkm.com?expires=1616785369&identifier=74235496&utm_source=dashboard&signature=323b357b95defab2b88c4f979747dd1229b6708612ff01654e83e7911b35b08a;https://instagram.com/mtjarkm2021;;mohammed.o.mutairi9@gmail.com;500934482;Active;0;0
HMLTK;حملتك;5864525391;أخرى;https://hamlati.ip4s.com/identity/account/Sitelogin;https://instagram.com/h_hmltk21;https://twitter.com/h_hmltk21;hamlatyksa@gmail.com;501574800;Active;10;1
Moole Sweet;موولي سويت;;مطبخ و مخبوزات;https://www.moolesweet.sa/;;;ali099033@hotmail.com;533092330;Not Active;0;0
PIXELS STORY ;متجر بكسلز;1131312458;إلكترونيات واكسسورات;https://lawhsok.com/;https://instagram.com/lawhsok;https://twitter.com/lawhsok;lawhsok@gmail.com;501733725;Active;0;0
;متجر رنين التقنية;;إلكترونيات واكسسورات;https://ranentechno.com;;;ranentech@gmail.com;549560017;Active;0;0
Mom store;متجر موم;;تسويق إلكتروني;https://t.me/m14_24;;;mawq70@gmail.com;502608526;Not Active;0;0
Beauty 4 u;بيوتي فور يو;;تسويق إلكتروني;https://www.beauty4u-sa.com;https://instagram.com/beauty4usa;https://twitter.com/beauty4usa;thebeauty4usa@gmail.com;503112187;Active;0;0
SerialStore;سيريل ستور;4030415934;حلول إلكترونية;https://serialst.com/;;;info@serialst.com;502710052;Active;0;0
wardalamal;متجر وردة الأمل;;أخرى;http://wardalamal2017.com.sa;https://instagram.com/wardalamal2017?igshid=wfmml0qoaxgm;;wardalamal2017@gmail.com;544095869;Active;0;0
Cash Store;كاش ستور;;تسويق إلكتروني;https://store.paylink.sa/Cash;;;sam.1415.sam@hotmail.com;567795279;Active;0;0
Wardatalkoton ;وردة القطن ;;تسويق إلكتروني;https://www.wardatalkoton.com;;;hudaalmaliki@outlook.com;566099186;Active;0;0
Royal Academic Services;رويال للخدمات الأكاديمية;;خدمات أكاديمية;https://wa.me/message/B753TIFSHMAQF1;;;Dr.sawsan.md@gmail.com;550445568;Active;0;0
nsaimalward;نسايم الورد;4031247537;تسويق إلكتروني;https://nsaimalward.com/;https://www.instagram.com/nsaim_alward/;;nsaim5alward@gmail.com;580549641;Active;0;0
Taysiiir;تسيير;;تصميم وطباعة;https://wordpress.com/view/tasyiiir.wordpress.com;https://instagram.com/tasyiiir;;Tasyiiir@gmail.com;545492845;Active;10;2
1pandaa;متجر بااندة;;تسويق إلكتروني;https://t.me/M_R13m;;;cc05530565011@gmail.com;596640654;Not Active;10;6
reylen albarakh;محل ريالين البركة للتجارة;4650195892;أخرى;https://reylen2.com;https://instagram.com/almadinah2015;https://twitter.com/reyalenalbrkh;zeiadzaki@hotmail.com;509013812;Active;0;0
storebubg;بوبجي الرسميه;;تسويق إلكتروني;https://t.me/Pubgjlie;;;amnya548@gmail.com;568959794;Not Active;8.9;7
zhraljamal;متجر زهر الجمال;1010677334;مستلزمات المرأة;https://Zhraljamal.com;;;Zhraljamal@gmail.com;503838176;Active;0;0
alsanaa;السناء;;أخرى;https://alsanaa.net/;https://instagram.com/alsanaa_net;https://twitter.com/alsanaa_net;alsanaastore@gmail.co;502704018;Active;0;0
roaad altamer;رواد التمر;;أخرى;http://roaadaltamer.com/;;;roaadlaltamer@gmail.com;502115144;Active;0;0
mmstore221;متجر ام و ام ستور ;4032248312;تسويق إلكتروني;https://mmstore21.com;;;mmstore221@gmail.com;504785707;Active;0;0
khazamaa;متجر خزامى ٠;;مستلزمات المرأة;https://salla.sa/khazamaa;;;Fofoasiri1403@hotmail.com;502276936;Active;0;0
waak shop;متجر  واك;;أخرى;https://teamwaak.com;;https://twitter.com/TeamWaak;mr.vip503@gmail.com;555741503;Active;10;1
;تصميم جلسات خارجيه ;;أثاث وديكور;https://5fec3bef36513.site123.me/;;;Orkidgardens@gmail.com;534393971;Active;10;1
DoulEmpty;متجر للحسابات والشدات ;;تسويق إلكتروني;https://t.me/WaadStore1;;;wss.1@hotmail.com;507470787;Not Active;0;0
hadikatkshop;متجر حديقتك;;تسويق إلكتروني;https://salla.sa/hadikatkshop;https://instagram.com/hadikatk;https://twitter.com/EngRami19;sonyrami001@gmail.com;548117680;Active;0;0
Selling men's and women's watches;بيع ساعات رجاليه ونسائيه;;إلكترونيات واكسسورات;https://salla.sa/saud.0565009868/profile;;;saud.alenizi9910@gmail.com;565009868;Active;0;0
Alulaforoud;العلا للعود;;أخرى;https://www.alulaforoud.com;https://instagram.com/alulaforoud;;alulaforoud@gmail.com;595516714;Active;0;0
'Selling PUBG accounts;بيع وشراء حسابات ببجي ستور ;;أخرى;https://t.me/joinchat/GsksYjLGJXhhY2Jk;;;zooz48085@gmail.com;551755651;Not Active;10;1
Star 22;ستار 22;;أخرى;https://s.salla.sa/home/;https://instagram.com/star__store0;;Mead.otttb@gmail.com;501726657;Not Active;0;0
AlfaTech;الفا تيك;;إلكترونيات واكسسورات;https://salla.sa/alfatech;;;h.f.r.trade@gmail.com;545544060;Active;0;0
Nafahat;نفحات للزيوت الطبيعيه;;أخرى;https://iwtsp.com/966577161812;;;mbarkyn20@gmail.com;577161812;Active;0;0
;زيت الرونق;;كوافيرة و تجميل;https://rawnaqoil.com/;;;msupplment@gmail.com;508065783;Active;0;0
marvlstory;ماري ستوري;;تسويق إلكتروني;https://t.me/a;;;ell@hotmail.com;592744628;Active;9.3;23
Dragon Stor3;متجر التنين الاول و الافضل;;أخرى;https://salla.sa/dragonst;https://instagram.com/fzcce;;dragon.stor3@gmail.com;564465589;Active;0;0
Eleganza sa;إليقنزا;;أثاث وديكور;https://ele-ganza.com/;https://instagram.com/eleganza__sa;;ghada.altoaimi@hotmail.com;502412039;Active;0;0
Selling PUBG accounts and brokerage;شراء وبيع حسابات ببجي ووساطة;;تسويق إلكتروني;https://t.me/silentaccounts;;;l3uunk.fun@gmail.com;550992277;Active;9.9;11
pubg mobily;بيع حسابات ببجي بأسعار رمزية ;;تسويق إلكتروني;https://t.me/pubgg02;;;asamtb849@gmail.com;547482502;Not Active;0;0
smaco;سماكو;;تسويق إلكتروني;https://www.smaco.sa;https://instagram.com/smaco2020;https://twitter.com/smaco2020;a057667757@hotmail.com;507667757;Active;0;0
;شمائل العود;;تسويق إلكتروني;https://shmoud.com/category/aODxO;https://instagram.com/shmoud_com;https://twitter.com/ShmOud_com;Sh566Oud133@gmail.com;502566133;Active;0;0
Fitness has a start;للرشاقة بداية;;أخرى;https://iwtsp.com/966539462014;;;sarona9119@gmail.com;539462014;Active;0;0
;حمود مطير العتيبي;1010687848;تسويق إلكتروني;https://www.yashmom.com/;;;m432023942@gmail.com;504667502;Active;0;0
amaryllisbeautystore;امارليس بيوتي;1010671305;مستلزمات المرأة;https://amaryllisbeautystore.com/;;;shikahalotaibi98@gmail.com;535154851;Active;0;0
AMSA BEDDING;مفارش أمسى;1010708632;تسويق إلكتروني;https://amsabedding.com;;;amsabedding@gmail.com;566418560;Active;0;0
greatseller;التاجرة الماهرة;;كوافيرة و تجميل;https://www.7ref.net;;;sara_al_malki@hotmail.com;506612793;Active;0;0
;النور مصممة دعوات أكترونية ;;تصميم وطباعة;https://wa.me/message/QRJBVLOOZ5RLK1;;;mnar84077@amail.com;565695546;Active;0;0
Silverito;سلفريتو;;تسويق إلكتروني;https://silverito.com;https://instagram.com/silverio.official;;wejdan262@gmail.com;545600480;Active;0;0
 elegance home;اناقة المنزل;;تسويق إلكتروني;https://www.noon.com/saudi-ar;;;Raghad412@hotmail.com;562894494;Active;0;0
 The Diamond Boutique SA;ذا دايموند بوتيك ;1010598778;مستلزمات المرأة;https://www.tdbsa.co;https://instagram.com/tdb_sa;;aljowhara75@gmail.com;533006485;Active;7.8;15
 accessoriesKINGDOM;المملكه للاكسسورات;;إلكترونيات واكسسورات;https://www.kingacssa.sa;;https://twitter.com/fm_9901;adel10100@icloud.com;551280298;Active;0;0
Abdulaziz Khleif Trading Establishment;موسسة عبدالعزيز خليف التجارية ;4700102228;أخرى;https://atgazozo.com/;;;kk.333@hotmail.com;506584524;Active;0;0
Ring store;رينق;;أخرى;https://ring-stoore.com/;;;aboodyifc18@icloud.om;571541092;Active;0;0
saudy store;سعودي سوق;2050122732;أخرى;https://saudy.store/;;;admin@saudy.store;545674743;Active;0;0
Masharq;مشارق;1010658367;تسويق إلكتروني;https://salla.sa/masharq;;;mmasharq@gmail.com;535648366;Active;0;0
Naz for electronic services;ناز للخدمات الإلكترونية;;حلول إلكترونية;https://maroof.sa;https://instagram.com/naz_electroni;https://twitter.com/AFa5amh;Al_fa5amh@outlook.sa;583804891;Active;9;6
4th Avenue Sweets ;السبيل الرابع;;مطبخ و مخبوزات;https://avenue.daftara.com;;;Info@4avenue.sa;537670727;Active;10;1
FiPER;فايبر للإشتراكات الشهـرية  نتفليكس و شاهـد ;;تسويق إلكتروني;https://api.whatsapp.com/send?phone=966505136550;;;fawaz00707@gmail.com;505136550;Active;10;94
Fashion lovers;متجر عشاق الموضة;;تسويق إلكتروني;https://eashaq2021.com;;;eashaq2021@gmail.com;501639372;Active;0;0
puljah;متجر بلجة للشموع;;الحرف والصناعات اليدوية;https://salla.sa/puljah;;;aidah5@outlook.sa;540655597;Active;10;1
Fragrant FLO;عبق الورود;;أخرى;https://salla.sa/fragrant.flo;;;m.albelady7@gmail.com;545520069;Active;0;0
Wahj Gift Shop;متجر وهج للهدايا;5954100290;أخرى;https://salla.sa/whajstor;;;rkiin1990@gmail.com;500658412;Active;0;0
Azureshop;ازور شوب;;مستلزمات المرأة;https://azureshop.net/;;;aruzeshop@outlook.com;581976140;Active;0;0
Best price 1;افضل الأسعار;;إلكترونيات واكسسورات;https://salla.sa/best-price1;https://instagram.com/be5t_price;;saleh.202r@gmail.com;598436070;Active;0;0
Profumerie;بروفومريا ;4030411176;كوافيرة و تجميل;https://www.profumeriee.com/;;;A.hebshi@hotmail.com;598345875;Active;10;1
matjr raylz;متجر رايلز;;إلكترونيات واكسسورات;http://ry-apple.com;;;iimuhanndath@gmail.com;596868886;Active;0;0
many  digital product;منتجات رقميه متنوعه;;أخرى;https://salla.sa/kfook?expires=1616694943&identifier=1306547732&utm_source=dashboard&signature=9caa84a4167bd7e5ebfe6ca6c7fb781689be2769624415dbeaf848736f1976a0&_gl=1*6lbst1*_gcl_aw*R0NMLjE2MTU0ODI4NzkuQ2owS0NRaUFuS2VDQmhEUEFSSXNBRkRUTFRKUWtMN2lWU0FGdjRLbVdhZ1E1aURkRGpELUpjX1E2OTFaTFpGRk9MeDZuUVljQlczOWkza2FBcHV0RUFMd193Y0I.;;;ibraheemyounis0@gmail.com;592684014;Active;0;0
;مؤسسة باكورة التقنية للمراقبة الأمنية;5855340893;إلكترونيات واكسسورات;https://www.bacurateq.com.sa;;;2030msss@gmail.com;537187054;Active;0;0
;باسقات النخيل ;4032242575;أخرى;https://basiqata.com/;https://instagram.com/basegat_alnakhil;;sa7ab1416@icloud.com;500012138;Active;0;0
GOUNA ROSE ;جونا روز;1010677245;أخرى;https://gounarose.com/;;;gounarose@gmail.com;536258814;Active;7;8
AL MASIH ALAWLA;الماسية الاولى للنشر والتوزيع;1010649287;أخرى;http://www.firstonestore.com;;;ammari78x@gmail.com;546865853;Active;0;0
AY STICKERS;آي ستيكرز;;تصميم وطباعة;https://salla.sa/ay.sticker;;;Anharmz33@gmail.com;533202987;Active;0;0
RUOOH MARKTING AND BUSINESS SOLUTION;رووح للتسويق وحلول الاعمال;;تسويق إلكتروني;http://www.ruooh.com;https://instagram.com/ruoohcom;https://twitter.com/ruoohcom;ruoohcom@gmail.com;506506768;Active;0;0
09777gfr;البيعاوةثةزز;;تسويق إلكتروني;https://t.me/M_R13m;;;cc05530565011@gmail.com;568163425;Not Active;3.8;9
Japanese dose;جرعة يابانية;4650209216;أخرى;https://jpdose.com/;https://instagram.com/japanesedose_;;japanesedose@gmail.com;534070009;Active;0;0
Moderno;موديرنو;1010696397;أخرى;Https://www.moderno-sa.com;https://instagram.com/mo.der.no;;Noo_021@hotmail.com;533393332;Active;0;0
Your car;يوركار;5862461623;السيارات;https://yourcarr.com/;https://instagram.com/your_car2030;https://twitter.com/yourcar9900;Sau09484@gmail.com;500809484;Active;0;0
Top1 Store;متجر الافضل 1;;أخرى;https://salla.sa/top1storegc;https://instagram.com/toponestore1;;Reachfaisalalshehri@gmai.com;500309227;Active;10;1
Alghaliah;الغاليه للعبايات;4650065357;مستلزمات المرأة;https://salla.sa/alghali110-?expires=1616582203&identifier=1265712955&utm_source=dashboard&signature=1788646e55811600eb9fd88d6a0bcc07b92b22b09e03e1b66771bb0cc3c5a0c7&_gl=1*14yd0l4*_gcl_aw*R0NMLjE2MTY1Njk4MDYuRUFJYUlRb2JDaE1JaWJlbXI2X0k3d0lWQ3ZsUkNoMENKQW1URUFBWUFTQUFFZ0tFNF9EX0J3RQ;https://instagram.com/alghali11_;;an-h10@hotmail.com;504724945;Active;0;0
3Waves;ثري ويفز;1010698251;أخرى;https://3wavess.com/;https://instagram.com/3waves.sa;;three.waves@hotmail.com;504166567;Active;0;0
;متجرسما للمنتجات الطببعيه;;تصميم وطباعة;http://sama-shopping.com;;;smahr99099@gmail.com;550255266;Active;0;0
Mirsal Tech;مرسال للتقنية;;حلول إلكترونية;http://mir-sal.com;;;admin@mir-sal.com;530398924;Active;0;0
;متجر لبيع قطع غيار السيارات وتوابعها ;4030273900;السيارات;https://www.trgautoparts.com;;;alriyadaest@gmail.com;580720142;Active;0;0
rayihaoud999;رائحة العود للعود و العطور;;أخرى;https://rayihaoud.com/;https://instagram.com/rayihaoud999;https://twitter.com/rayihaoud999;rayihaoud999@gmail.com;537055999;Active;0;0
cocolor;كوكلر;1010292268;تسويق إلكتروني;https://co-color.com;https://instagram.com/cocolorstore;;info@co-color.com;500098630;Active;10;1
Saudi Frags;سعودي فراقز;;أخرى;https://saudifrags.com/;;;Saudifrags@saudifrags.com;555235255;Active;10;2
gplusip;متجر جي بلس ;2251498162;تسويق إلكتروني;https://4kng.com;;;gplusiptv@gmail.com;569423332;Active;0;0
WESTORM;وي ستورم;;إلكترونيات واكسسورات;https://www.we-storm.com;https://instagram.com/westorm.sa;https://twitter.com/westorm_sa;info@we-storm.com;504428477;Active;0;0
Al Mahra Najd Foundation;مؤسسة المهرة النجدية;3450170848;كوافيرة و تجميل;https://almohraah.com/;;;Alnagde111@gmail.com;531217714;Active;0;0
ksa coffee;القهوة العربية السعودية ;;مطبخ و مخبوزات;https://salla.sa/ksacoffee;;;ksacoffee@icloud.com;503872751;Active;0;0
Jewel Islands For Trading Est;مؤسسة جوهرة الجزر للتجارة ;1010481590;مستلزمات المرأة;http://www.jawharataljozr.com;;;jawharataljozr@gmail.com;505173010;Active;0;0
muqawiloon;مقاولون ;4030351498;أخرى;https://muqawiloon.com/Jeddah/categories/contractors;;;M.Hassan.raffi@gmail.com;503613445;Active;0;0
salty deliciaus;مالح لذيذ;4700108308;مطبخ و مخبوزات;https://saltydeliciaus.com/;;;saltydeliciaus@gmail.com;580813155;Active;0;0
Kshokhi;كشوخي;;تسويق إلكتروني;https://kshokhi.net/;;;Blbol11@hotmail.com;502402306;Active;0;0
siafa dates;تمور سيافا;4030176724;مطبخ و مخبوزات;https://www.siafadates.com;https://www.instagram.com/siafadates/?igshid=1b7y1j71jrrns;https://twitter.com/siafadates;ecommerce@siafadates.com;535501210;Active;0;0
Jebal falasteen;جبال فلسطين;4650069869;تسويق إلكتروني;https://www.jebalfalasteen.com;;;Jebalfalasteen@gmail.com;533046304;Active;0;0
Daan Store;متجر دان للهدايا;;تسويق إلكتروني;https://daan-store.com;;;bodour.a.d@gmail.com;503872915;Active;0;0
Matjar Al Falah;متجر الفلاح;4031247833;مطبخ و مخبوزات;https://www.facebook.com/Matjar-al-Falah-112954417545660/;;;montashari12@gmail.com;576504862;Active;0;0
The Arabian Roastery;المحمصة العربية;4030411729;تسويق إلكتروني;https://www.thearabianroastery.com/;;;yousef.alamoudi@gmail.com;582252199;Active;0;0
Salwa elegance;أناقة سلوى ;;أخرى;https://salla.sa/salwahz;;;gazwahhz@gmail.com;561619024;Active;0;0
Terra Tech;تيرا تك;5901720488;إلكترونيات واكسسورات;https://terratech.live/;https://instagram.com/iterratech;https://twitter.com/iterratech;terrra_tech@hotmail.com;598873176;Active;9.9;19
Divax;ديفاكس;;أخرى;https://salla.sa/divax;;;Divax.perfumes@gmail.com;583696630;Active;0;0
Cactus ;صبارات;;أخرى;https://salla.sa/cactus;;;Cactus9906@gmail.com;581077582;Active;10;1
MN Perfumes Store;متجر آم آن للعطور;;أخرى;https://mapp.sa/parfums;;;na17170@icloud.com;538731794;Active;0;0
Mcqueen;متجر الملكة للمستلزمات;1010581399;تسويق إلكتروني;https://ksa-king.com;;;Ma3an8@gmail.com;500763307;Not Active;0;0
AMERA PUBG ACCOUNTS;أميره لبيع حسابات ببجي;;أخرى;https://maroof.sa/am6ra_pubg;;;ameerh.alkhairi@gmail.com;500209622;Not Active;7.2;29
Arkx store;متجر ارك ستور ;;تسويق إلكتروني;https://salla.sa/arkx;;;Mamdouh.alshrifi@gmail.com;531071941;Active;0;0
SHEFN;شفن;4031246910;إلكترونيات واكسسورات;https://sheefn.com/;https://instagram.com/shefn_;;sfssf500@hotmail.com;545809799;Active;0;0
store WEL;ستور ويل;;أخرى;https://wel-store.com/;https://instagram.com/store_wel;https://twitter.com/wel_Store;iwelstore@gmail.com;558447406;Active;0;0
Touq Store;مؤسسة توق ;1010690750;أخرى;https://salla.sa/toug-store;https://instagram.com/touq_199;;touqabdullah199@gmail.com;580346508;Active;10;1
deer soap;صابونة الغزال;;مستلزمات المرأة;https://salla.sa/deersoap;;;deersoap133@gmail.com;581801738;Active;0;0
al breih;البريه;;أخرى;https://haraj.com.sa/;;;iphonnnee2018@gmail.com;540664805;Active;0;0
;ام السناعه للبخور والعود والزعفران;2251496444;مستلزمات المرأة;https://maroof.sa/95408;https://www.instagram.com/_n/web_emaillogin?uid=l1k5o8d&token=rrExzQ&auto_send=0;;aboooor121111@gmail.com;531806307;Active;0;0
Fashion outlet;فاشن اوت لت;;تسويق إلكتروني;https://www.snapchat.com/add/fashion_outlet1;;;lalnughamshi@gmail.com;500700890;Active;0;0
Rosettay;روزتتي;4031248557;أخرى;https://rosettay.com;;;akram@rosettay.com;504155108;Active;0;0
tshli;شطه يارا;;مطبخ و مخبوزات;https://haraj.com.sa/;;;iphonnnee2018@gmail.com;540664805;Active;0;0
OYA;متجر اويا;;مستلزمات المرأة;https://oya-sa.com/;https://instagram.com/oyaksa;https://twitter.com/oyaksa_;oyaksa@hotmail.com;500891228;Active;0;0
Reybad Store;متجر ريباد;;تصميم وطباعة;https://salla.sa/reybad;;;info@reybad.com;570592088;Active;10;4
Anime Dreams;انمي دريمس;1010584641;تسويق إلكتروني;https://anime-dream-store.com/;https://instagram.com/anime_dreams_ksa;;7mood7979@gmail.com;543856176;Active;0;0
ROSE GALLERY;روز غاليري;4030355564;تسويق إلكتروني;https://www.rosegallerysa.com;https://instagram.com/rosegallery_sa;;rosegallerysa@hotmail.com;550218339;Active;0;0
khalcove;كالكوف;;أخرى;https://www.khalcove.com;;;admin@khalcove.com;550247890;Active;0;0
;متجر الابداع للتصميم ;;تسويق إلكتروني;https://salla.sa/elite_fragrances_store;;;Joseph18@hotmail.com;599466518;Active;0;0
GOLDEN CARE;جولدن كير;;مستلزمات المرأة;https://goldencaresa.com/;https://instagram.com/goldencare.sa;;goldenc3re@gmail.com;536105957;Not Active;0;0
Me Byam;مي بيام;4030411773;مستلزمات المرأة;https://www.mebyam.com;;;mebyamshop@gmail.com;566266443;Active;0;0
Almotelq Incorporation for eCommerce;مؤسسة المطيلق للتسويق والحلول الالكترونية ;1010672072;تسويق إلكتروني;https://www.almotelq.com;https://www.instagram.com/invites/contact/?utm_source=ig_contact_invite&utm_medium=user_system_sheet;https://twitter.com/Almotelq_Inc;info@almotelq.com;561180282;Active;0;0
alrrayid lilkhadamat aleama;الرائد للخدمات العامة;;أخرى;https://haraj.com.sa/;;;rraid3227@gmail.com;500340211;Active;0;0
 Seer Shop;متجر سير ;;إلكترونيات واكسسورات;https://salla.sa/seershop;;;Seershop.m@gmail.com;538758081;Active;0;0
orchard chocolate;بستان الشوكولاته ;;أخرى;https://salla.sa/orchard-chocolate1;;;zhrh14zzz@gmail.com;501922363;Active;0;0
SALERN;ساليرن;1011145691;أخرى;https://salern1.com;;;i_9looo7e@hotmail.com;559280408;Active;10;1
Allspice;الكبسولة;;مطبخ و مخبوزات;https://allspiceksa.com;;;allspiceksa@hotmail.com;598314560;Active;0;0
PR STORE;متجر عطور ومكياج ;;تسويق إلكتروني;https://salla.sa/prstore.com?expires=1616611687&identifier=979801968&utm_source=dashboard&signature=842caa0dfd0d4a3f286e59362fd59785ac07ddd0cf63d37578a259a45adcd6f1;https://instagram.com/pr.store0;https://twitter.com/PR__STORE;PRstore0@hotmail.com;542340486;Active;0;0
Aldahmanitelecom;الدهماني للاتصالات;2050096853;إلكترونيات واكسسورات;https://aldahmani.sa;;;info@aldahmani.sa;566628376;Active;0;0
blue store online;بلو ستور الالكتروني;;إلكترونيات واكسسورات;https://bluestore-sa.com/;https://instagram.com/storebluesa;https://twitter.com/storebluesa;bluestore.saudi@gmail.com;502507795;Active;0;0
thebiggstar;ذا بق ستار;;تسويق إلكتروني;https://thebiggstar.com/?expires=1614380099&identifier=2070979052&utm_source=dashboard&signature=bcc34cf22f33f62158e4ee79a5d16c9bdf0698553c8c76bd56fe6dfa6b53f5a1;https://instagram.com/thebiggstar._;https://twitter.com/TheBiggStar2;thebiggstar@gmail.com;565516388;Not Active;0;0
Party decorations and balloons;بيع زينة حفلات و بالونات;4030398074;أخرى;https://ziyan-festivity.com/;https://instagram.com/ziyan_festivity;;info@ziyan-festivity.com;502783207;Active;0;0
nosdhabiha;مؤسسة نصف ذبيحة الغذائية;2066612306;أخرى;https://www.nosdhabiha.com;;;nosdhabiha@gmail.com;558864166;Active;0;0
fa23en;فاء عين ;;تصميم وطباعة;https://salla.sa/fa23en;https://instagram.com/fa23en;;fa23en@yahoo.com;533013016;Active;0;0
;فات الطيب للعود;1010695486;أخرى;https://salla.sa/fat.lileawd;;https://twitter.com/fatlileawd;Fat.lileawd@gmail.com;503089030;Active;0;0
deliverdx;ديلو  ارد ايكس;4650229239;تسويق إلكتروني;https://deliverdx.com/;;;aassd222231@gmail.com;503322722;Active;0;0
better life massage gun;حياة افضل لاجهزة المساج;;إلكترونيات واكسسورات;https://salla.sa/better_life_massagegun;;;turky565@outlook.com.au;505554134;Active;0;0
Riyadh Academy for E Learning;اكاديمية الرياض للتعليم الالكتروني;;خدمات أكاديمية;https://riyadhacademy.com/;https://instagram.com/riyadh__acadmey;https://twitter.com/9utb6FbzCqjsyTm;meshal-almutairi@riyadh-academy.com;598680241;Active;0;0
Hadeele Alameer for Graphics services ;هديل الامير لخدمات التصميم الجرافيكي;;تصميم وطباعة;https://www.behance.net/hadeeles19db;;;hadeele.alameer@gmail.com;590812662;Active;0;0
Estaneel store;متجر إستانيل ;1010424636;تسويق إلكتروني;https://estaneel.com/;;;estaneelfactory@gmail.com;551117494;Active;0;0
My trees;ماي تريس;1010587431;أثاث وديكور;https://salla.sa/solat;;;solat.alkl@gmail.com;505896944;Active;0;0
Daliaa Ali abbas;داليا على محمد عباس;4031205938;أخرى;Https://oudasalah.com;;;info@oudasalah.com;508800078;Active;0;0
LifeStore;لايف ستور;;تسويق إلكتروني;https://t.me/lifestore8;;;fh.vip.7@gmail.com;542154455;Active;0;0
GG Good Game;جي جي قود قيم;;أخرى;https://gg-sa.com/;;;Ggstore.sa@gmail.com;503354144;Not Active;0;0
Ready to Surve;جاهز للخدمة;;أخرى;https://readytosurve.blogspot.com/;;;readytosurve2021@hotmail.com;590191773;Active;0;0
Technical Sciences;علوم التقنية;;إلكترونيات واكسسورات;https://salla.sa/fromhere2.com;;;Azooz_12121@hotmail.com;541415869;Active;0;0
Ewan;ايوان;1010677478;تسويق إلكتروني;https://ew-an.com/;;;support@ew-an.com;537373328;Active;10;1
;مؤسسة مسكرة ;1131312138;كوافيرة و تجميل;https://www.mskarah.com;;;jvdi4455@gmail.com;558182233;Active;0;0
ARIS;اريس ستور;5900126549;مستلزمات المرأة;https://salla.sa/arisstore;https://instagram.com/arisstoree;;aresstore1@gmail.com;533537197;Active;0;0
DESIGNERS HUB TRADING COMPANY;شركة محور المصممين للتجارة;2051224717;تسويق إلكتروني;https://designers-hub.com;;;Shaymaalsalim@gmail.com;536992277;Active;0;0
Mashaer Beauty ;مشاعر بيوتي;;أخرى;https://salla.sa/mashaer_beauty;;;mashaerhop@gmail.com;550529222;Active;0;0
Selling accounts for the game PUBG Mobile;بيع حسابات لعبة ببجي موبايل;;أخرى;https://pubg96.com/;;;mohmmed112207@gmail.com;534155783;Active;0;0
Steele4;ستيل٤;;أثاث وديكور;https://steele4.com/;https://instagram.com/steele.four;https://twitter.com/steele_four;sar.steele4@gmail.com;502448881;Active;0;0
store mubtakar;متجر مبتكرا;1010687073;أخرى;https://salla.sa/store_mubtakar;;;Shatha5021@gmail.com;549756759;Active;0;0
Makers cookies;ميكرز كوكيز;;مطبخ و مخبوزات;https://makerscookies.com;;;makerscookies@gmail.com;563613851;Active;0;0
Binjamea Oud;بن جامع للعود;1010896354;تسويق إلكتروني;https://bjoud.sa;;;sales@bjoud.com;532979783;Active;0;0
AlOyayna Medical;العيينة الطبية ;4030411105;أخرى;https://www.ote-store.com/;;;Oyayna-ote@ote-sa.com;503013560;Active;0;0
chocola rocky;روكي رود و رايس كرسبي;;مطبخ و مخبوزات;http://wa.me/966502219093;https://instagram.com/chocolate_flavorr;;alking5858a@gmail.com;502219093;Active;0;0
GRANDEURPUOR STORE;متجر جرانديوربيور;;تسويق إلكتروني;https://grandeurpure.com/;https://instagram.com/grand.uer;https://twitter.com/grandeur813;grandeur813@gmail.com;553677570;Active;0;0
Jeddah Point;جدة بوينت;4030402309;تسويق إلكتروني;http://Jedpoint.com;;;Mystricity@gmail.com;551291180;Active;0;0
;مؤسسة توصية للتسويق;1010684711;تسويق إلكتروني;https://tawsia.so;;;tawsiaco@gmail.com;505122229;Active;0;0
09-نوفمبر;09-نوفمبر;;الحرف والصناعات اليدوية;https://salla.sa/9november;https://instagram.com/novembe09;;mawalxo.24@gmail.com;565368940;Active;0;0
T99SOUQ;سوق تي تسعة وتسعون للعطور;1118001070;مستلزمات المرأة;https://t99souq.com/?expires=1616540821&identifier=1115161259&utm_source=dashboard&signature=ff6a2902bbd68824d482f2d2b942f3484ed1e3991fc2bd6102a0cf213b3b0e65;;;t99souq@gmail.com;502301178;Active;0;0
;هيا للعبايات النسائية;2050231566;مستلزمات المرأة;https://www.abayahaya.com;;;anaalbayat68@gmail.com;542370599;Active;0;0
ETERSTORE ;عطر ستور ;;كوافيرة و تجميل;https://kwaidi.com/eterstore;;;eterstore.es@gmail.com;566905114;Active;0;0
fawahcoffe;متجر فوح القهوة ;;أخرى;https://fawahcoffe.com/;;;matjar.nadine@gmail.com;537499975;Active;0;0
;متجر الخليج;;أخرى;https://salla.sa/cheatninja_ksa;;;kaald90000@gmail.com;567860417;Active;0;0
Fast experience company for logistics ;شركة التجربة السريعة للخدمات اللوجستية;1010691579;أخرى;http://www.fast-experience.com;;;hashimalbishri@gmail.com;564066668;Active;0;0
cof ksa;قهو تك;;تسويق إلكتروني;https://mapp.sa/cof_ksa;;;cof.ksa11@gmail.com;508008581;Active;0;0
QAHWEEN;قهوين;4030358886;تسويق إلكتروني;https://www.qahween.com;;;qahween@gmail.com;502501080;Active;0;0
antick;أنتيك1;;أثاث وديكور;https://antick1.com/;;;alkhaled1x@gmail.com;558868040;Active;0;0
Evano01;متجر ايفانو٠١;;أخرى;https://evano01.com/;;;al55al1omomar@gmail.com;553004045;Not Active;0;0
Fox Coffee;متجر قهوة الثعلب;;أخرى;https://foxcoffee9.com;;;foxcoffee7@gmail.com;540490401;Active;0;0
zerotonone;متجر زيرو تو نون;2050143659;إلكترونيات واكسسورات;https://zerotonone.net/;https://instagram.com/zerotonone1;;zero0.2none@gmail.com;537107159;Active;0;0
sooma boutique;سووما بوتيك;;تسويق إلكتروني;https://sooma-boutique.com;;;sa1473xii@gmail.com;502644131;Active;0;0
The Natural Choice;الإختيار الطبيعي;;مطبخ و مخبوزات;https://maroof.sa/194647;https://instagram.com/the.natural.choice;;thenaturalchoiceksa@gmail.com;563075752;Active;0;0
Watch Club;نادي الساعات والنظارات ;;إلكترونيات واكسسورات;https://watch-club1.com/;https://instagram.com/watch_club97;https://twitter.com/Watch_club97;mj4business@hotmail.com;532651187;Active;0;0
Radz Velvet;رادز فلفت;;أخرى;https://www.maroof.sa/radzvelvet;;https://twitter.com/RadzVelvet;radzvelvet@gmail.com;531043803;Active;0;0
Tyb alkhuzama;متجر طيب الخزامى;;أخرى;https://tybalkhuzama.com;;;s.l.9@icloud.com;501402007;Active;0;0
lotana store for care products and perfumes;متجر لوتانا ستور;1010693716;تسويق إلكتروني;https://www.lotanastore.com/;;;lotanastore@gmail.com;547202930;Active;0;0
savvy app;تطبيق سافي;1010379157;تسويق إلكتروني;https://www.savvy.sa/;https://instagram.com/savvyshopsa;https://twitter.com/SavvyShopSa;info@savvy.sa;555017772;Active;0;0
H2go;اتش تو قو;2031103746;أخرى;https://h2gosport.com/;https://instagram.com/h2gosport;https://twitter.com/H2GOsport;h2gosport@gmail.com;502922284;Active;0;0
AGLEET SHOP;متجر اجليت;2051224675;أخرى;https://agleetshop.com/;;;amralnajjar@gmail.com;566093763;Active;0;0
;ريف العود;;أخرى;https://salla.sa/reefoud;https://instagram.com/reef_aloud12;;muneir1990@hotmail.com;541555385;Active;0;0
Marketer supplies;مسوقه مسلتزمات;;مستلزمات المرأة;https://www.gccggff1@gmail.com;https://instagram.com/ll99.9l;;gccggff1@gmail.com;533056728;Active;0;0
scarlet;سكارلت;1010682612;تسويق إلكتروني;https://scarletsa.com;;;info@almohia.com;539801000;Active;0;0
Bubblegum store ;ملكة العلك;;أخرى;https://salla.sa/mylilystore;;;Lilystore1998@outlook.com;557454194;Active;0;0
ALBATAL;البطل;;تسويق إلكتروني;https://salla.sa/talal272000;;;talal272000@hotmail.com;543616419;Active;0;0
1999;١٩٩٩;;أخرى;https://salla.sa/at1999?expires=1616553497&identifier=1326935829&utm_source=dashboard&signature=9dea292da1229c2891da2ec2a18b2cd55e0f685f2bb072b92753cc5e5873325a;;;Ath4661@gmail.com;503843979;Active;0;0
Rosalind;روزاليند;;كوافيرة و تجميل;https://salla.sa/rosalind;;;Rosalindselfcare@gmail.com;530674811;Active;0;0
Coffee factory2;كوفي فاكتوري 2;;تسويق إلكتروني;https://salla.sa/coffeee_factory12;https://instagram.com/coffefactory2020;;coffefactory2021@gmail.com;507158599;Active;0;0
SPECIAL SAUDI STORE;المتجر السعودي المميز;;تسويق إلكتروني;https://salla.sa/specialsaudistore;;;mhd.r.nasser@gmail.com;503722710;Active;0;0
Extra Discount;الخصم الإضافي;;تسويق إلكتروني;https://extradiscount.me;https://instagram.com/extra.discount;;support@extradiscount.me;544206487;Active;0;0
wowemarketing;مؤسسة واو للنشر الإلكتروني ;4031230116;تسويق إلكتروني;https://salla.sa/wo8ow;;;jwo8owj@gmail.com;530660845;Active;0;0
beautypapaya;بابايا بيوتي ;;مستلزمات المرأة;https://salla.sa/beautypapaya;https://instagram.com/beautypapaya;;1beautypapaya@gmail.com;506162987;Active;0;0
Nawara;نـواره بوتيك;;أخرى;https://nawara.com;;;nouraz1999@hotmail.com;549792659;Not Active;0;0
1pand;يغغصزلصص;;تسويق إلكتروني;https://t.me/M_R13m;;;cc05530565011@gmail.com;568163425;Not Active;7.3;3
Day dream;داي دريم;;تسويق إلكتروني;https://salla.sa/day.dream;https://instagram.com/day.dreaming0;;Mawaddahodeh2@gmail.com;566971150;Active;0;0
filter snapchat instgram;تصميم فلاتر سناب ودعوات الكترونيه;;تصميم وطباعة;https://salla.sa/f_design10;https://instagram.com/f_design10;https://twitter.com/f_design10;sar2fharbi@gmail.com;548478495;Active;0;0
;زيت الأرغان;;مستلزمات المرأة;https://salla.sa/h.a.oil;https://instagram.com/h.a.oil;;h.a.oil@outlook.sa;553229468;Active;0;0
YORK STORE;متجر يورك;;تسويق إلكتروني;https://www.YORK.sa;;;sllas0@hotmail.com;562410667;Active;4;4
Asd999;نقل العفش وخدمات التوصيل;;أخرى;https://legacy.haraj.com.sa;;;asd999529@gmail.com;537522283;Active;0;0
Altea;التيا;;مستلزمات المرأة;https://salla.sa/altea;https://instagram.com/_altea2;;Xbsmh4@hotmail.com;533458723;Active;0;0
intmaa; انتماء;;إلكترونيات واكسسورات;https://intmmaa.com/;https://instagram.com/intmaa.7;;belongingksa1@gmail.com;581207639;Not Active;0;0
hwazen stor;هوازن;1010490002;تسويق إلكتروني;https://hwazen.net/;https://instagram.com/hwazenksa;https://twitter.com/jzOtmUPK5Lm2rT5;almooo0ooogtareb@gmail.com;500508721;Active;0;0
Rowa1;متجر رواء للاطفال;;تسويق إلكتروني;https://salla.sa/rowa;;;Saraalharbi401@gmail.com;508047723;Active;0;0
qasralkhalil;قصر الخليل للعود;;أخرى;https://qasr-alkhalil.com/;;;qasralkhalil21@gmail.com;581891314;Active;10;1
STUN STORE ;ستن ستوري ;;تسويق إلكتروني;https://t.me/STUN_STORE;;https://twitter.com/it__angel;sarahalhmlan@gmail.com;550919388;Active;6.6;14
Close Buy;كلوس باي;4030066756;تسويق إلكتروني;https://close3uy.com;https://instagram.com/close3uy;;alshatristore@hotmail.com;556761970;Active;0;0
Sarawat Market ;سروات للتصميم والتسويق الاكتروني ;;تسويق إلكتروني;https://saratksa.com/;;;sarawat343@gmail.com;542175173;Active;0;0
Ajzal Solutions;أجزل للحلول;;أخرى;https://salla.sa/ajzalsolutions;https://instagram.com/ajzalsolutions;;Info@Ajzalsolutions.com;503136817;Active;10;2
Think;الفكر المختلف;4030603550;خدمات أكاديمية;https://think.com.sa;;;info@thought.sa;560972772;Active;0;0
Manari store;تم قفل المتجر;;تسويق إلكتروني;https://t.me/i1M;;;manarTe@uotlook.sa;592744628;Not Active;8.2;9
Maaiyah;معية;;مطبخ و مخبوزات;https://maaiyah.com/;;;Maaiyah_food@hotmail.com;530452435;Active;0;0
RoseScent ;رائحة روز ;1010718417;مستلزمات المرأة;https://cutt.us/UvXDL;https://instagram.com/rose_scent0;https://twitter.com/rose_scent0;rosescent_@outlook.com;576655441;Active;10;1
Faisl Abdullah Alamoudi For Trading EST ;مؤسسة فيصل عبدالله العمودي ;4030163932;أخرى;https://mapp.sa/Alamoudi.For.Trading;https://instagram.com/alamoudi_for_trading_est;;Dukan.shoop@hotmail.com;566666355;Active;0;0
Your chance;يور شانس;;تسويق إلكتروني;http://zid.store/your-chance/;;;Ameenaalharbi09@gmail.com;547087009;Active;0;0
Saudiresin;ريزن السعودية;;الحرف والصناعات اليدوية;https://salla.sa/saudiresin;;https://twitter.com/saudiresin;Nonynon600@gmail.com;538574482;Active;0;0
cuptrip;رحلة كوب;;أخرى;https://www.cup-trip.com;https://instagram.com/cup_trip;https://twitter.com/cup_trip;cuptrip1@gmail.com;555897733;Active;0;0
nawader aloud;نوادر العود و مستحضرات التجميل ;4030393965;أخرى;https://salla.sa/nawader_aloud;https://instagram.com/noadr_aloud;;nwaderaloud@gmail.com;569733416;Active;0;0
My care48;ماي كير ٤٨;;أخرى;https://salla.sa/my_care48;;;My_care488@gmail.com;533899391;Active;0;0
agarat1;صروح لعرض  وتسويق العقارات;1010478912;تسويق إلكتروني;http://www.agarat1.com;;;agaraat1@gmail.com;530230053;Active;0;0
TATTAR;تعطر;3401101367;أخرى;https://tattarmart.com/;https://instagram.com/t3ttar21;;1993.M.MHZ@gmail.com;552461540;Active;0;0
NFBCo;نافب العقارية;4030314557;العقارات;https://nfbco.net;;;info@nfbco.net;544562227;Active;0;0
refadah wa ehsan;رفادة و إحسان;;أخرى;https://refadh.com;;;najla-alqahtani@hotmail.com;506208267;Active;0;0
Onpoint cosmetics;اون بوينت كوزماتكس;;أخرى;https://salla.sa/onpointcosmetics;;;e.alnezari@gmail.com;532224488;Active;0;0
Ateab Bajunaied;مؤسسة أطياب باجنيد;;أخرى;https://salla.sa/ateabbajunaied;https://instagram.com/nokbati;;nan934@hotmail.com;541035961;Active;0;0
Mgeed store 97;متجر مجيد 97;;إلكترونيات واكسسورات;https://mgeed97.com/;;;Mgeed1318@gmail.com;567698000;Active;0;0
;قطع غيار السيارات وتوابعها يشمل زينة السيارات;4030265578;السيارات;https://hashmi-part.com/;https://instagram.com/hashmipart;;hashmi-part@hotmail.com;559745262;Active;0;0
BAREEQ TARA ;بريق تارا ;;أخرى;https://www.bareeqtara.com;https://instagram.com/bareeqtara;;bareeqtara@gmail.com;590213381;Active;0;0
special box;الصندوق المميز;;أخرى;https://salla.sa/special_box;https://instagram.com/special__box1;https://twitter.com/Special_box1;Special__box@hotmail.com;566577104;Active;0;0
Nada Alrihana;ندى الريحانة;;أخرى;https://salla.sa/nada_alrihana;;;mhrm@outlook.sa;531831524;Active;0;0
The groomer;ذا قرومر;1010639460;أخرى;https://salla.sa/thegroomers;https://instagram.com/tg_truck;;thegroomersksa@gmail.com;557250250;Active;0;0
Reynad store;ريناد ستور;1010113980;أخرى;http://reynadstore.com;;;reynadonline@gmail.com;557447110;Active;0;0
Reynad 1;ريناد 1;;أخرى;http://reynadsdore.com;;;reynadonline@gmail.com;557447110;Not Active;0;0
TheGold Tree;شجرة الذهب;1010522035;أخرى;https://goldtree-sa.com;;;s.zahrh.g@gmail.com;500095045;Active;0;0
tawatar;متجر تواتر;1131282353;إلكترونيات واكسسورات;http://www.tawatar.com/;;;tawatar.sa@gmail.com;565810708;Active;0;0
Ronza Perfume;رونزا  للعطور;;أخرى;https://salla.sa/Perfumes.ronza;https://instagram.com/ronzaperfums;;Ronzaparfum@gmail.com;550281074;Active;0;0
7days;اليوم السابع;1128185208;تسويق إلكتروني;http://app.7days.one/;;;aaghmm999@gmail.com;583001241;Active;0;0
Graham App;تطبيق غراهام;4032244372;حلول إلكترونية;http://thegrahamapp.com;https://instagram.com/graham_app;https://twitter.com/graham__app;graham.app@outlook.sa;544498543;Active;0;0
Beautiful gift ;متجر بيوتيفول قفت;;مستلزمات المرأة;https://salla.sa/munca.re;;;Tooly_1231@hotmail.com;535375299;Active;0;0
FaaDates;فاء العجوة ;4650228634;أخرى;Https://Www.faadates.com;;;Faa.dates@gmail.com;541971386;Active;10;1
Anwar Market;اسواق أنوار;1010646405;أخرى;https://www.aswaaqanwar.com/;https://instagram.com/aswaaganwaar;https://twitter.com/AswaagAnwaar;contact@aswaaqanwar.com;547018465;Active;0;0
classic eleven;كلاسيك اليفن;;أخرى;https://classic-eleven.com;https://instagram.com/classic.eleven11;;fahad.nabulsi123@gmail.com;538842000;Active;10;5
Saryat Almanzel ;متجر سارية المنزل;;أثاث وديكور;https://zid.store/saryatalmnzl;;;altafwasd@gmail.com;539415173;Active;0;0
;تطوير وتصميم مواقع الويب;;حلول إلكترونية;https://fais.dev;;;contact@fais.dev;593344351;Active;0;0
Tv Store;تي في ستور;;إلكترونيات واكسسورات;https://salla.sa/tv_store;;;r.4v@hotmail.com;533122204;Not Active;0;0
Chocoatlsa;شوكواتل;;مطبخ و مخبوزات;https://chocoatlsa.com/;https://instagram.com/chocoatl.sa;;chocoatl.sa@gmail.com;502392259;Active;10;2
muntajat albashayr;منتجات البشاير;;مطبخ و مخبوزات;https://salla.sa/muntjatalbshayer;;https://twitter.com/bashair3495;bashayeribrahimdokhialharthi90@gmail.com;500583495;Active;10;3
W99;و٩٩;5801775249;تسويق إلكتروني;https://waleed99.com;https://instagram.com/w99_999999;https://twitter.com/W99_999999;walid7790@gmail.com;537110384;Active;0;0
 Moracle skin care ;مجموعة المعجزة المفتحة ;;مستلزمات المرأة;https://www.snapchat.com/add/itsmeracle-1210;https://instagram.com/itsmiracle.1210;;asmaasaad315@gmail.com;583996681;Not Active;0;0
Altajir Alarabi;التاجر العربي;4030411399;أخرى;https://altajir.shop/;https://instagram.com/alarabialtajir;https://twitter.com/AlarabiAltajir;Altajir.Alarabi@gmail.com;561890885;Not Active;10;1
;كاندل ستور;;أثاث وديكور;https://salla.sa/candlle?expires=1616501478&identifier=1733399426&utm_source=dashboard&signature=79688e28304ff73e9190c454007ef8ac762abbfe3c03a7ea900c87c2ed451445&_gl=1*12r9hk2*_gcl_aw*R0NMLjE2MTY0MDkyNTAuQ2p3S0NBandnT0dDQmhBbEVpd0E3RlVYa3NfZlktbk1uOFJIRVBSOVZPVFpkUDJUY0FheHh4YUJTUExScVFPWmdvZzN4d09sSnIwa3NCb0Npd0VRQXZEX0J3RQ..;;https://twitter.com/dolabstore;sens.poet@hotmail.com;508810534;Active;0;0
;القلانس للمستلزمات الرجالية;;أخرى;https://goo.gl/maps/oc3qV6kka5JAZK376;;;alqalanis1441@gmail.com;544161814;Active;0;0
Enan roasters;عنان القهوة;1010692276;أخرى;http://enanksa.com;;;nfo@enanroaster.com;508192895;Active;0;0
40 ML;اربعون ملي;4030313002;أخرى;https://40ml.net/;;;trkeez@gmail.com;554611175;Active;0;0
MAAleawd;ام اي للعود والزعفران ;;أخرى;https://www.m_a_aleawd.sa/;;;mnoalmosa@hotmail.com;564014994;Active;10;1
Laser Malay Store;متجر  ليزر ملاي ;;مستلزمات المرأة;https://mlay-sa.com;;;hmab39945@gmail.com;501516368;Active;0;0
ALmostashreq;المستشرق;4030242117;مستلزمات المرأة;https://almostashre.com/;;;macintosh1717@gmail.com;564580580;Active;0;0
bait altatawor;شركة بيت التطور;1010689389;تسويق إلكتروني;https://www.baitaltatawor.com;;;f.shyuokh@baitaltatawor.com;501152341;Not Active;0;0
Faris com;فارس كوم;5950122439;تسويق إلكتروني;https://salla.sa/farisstore.com;https://instagram.com/faris.c0m;https://twitter.com/FarisComSA1;faris.commsa@gmail.com;507585621;Active;0;0
A D For office services;أ د للخدمات المكتبيه ;;أخرى;https://twitter.com/aojj4/status/1374149575372591104?s=21;;https://twitter.com/Aojj4;Shad84@icloud.com;542597699;Active;0;0
ALGAMMASH;القماش الاصلي;4030216626;أخرى;https://algammash.com;;;algammash@algammash.com;555033693;Active;0;0
Reynad;ريناد;;أخرى;http://reynad.com.sa;;;reynadonline@gmail.com;557447110;Active;0;0
Sakhr Tech;صخر للتقنية;;إلكترونيات واكسسورات;https://sakhrtech.com;https://instagram.com/sakhrtech;https://twitter.com/SakhrTech;sakhrtech@gmail.com;546119639;Active;0;0
DorraKSA;درة السعودية للخدمات العقارية ;2511120557;حلول إلكترونية;https://salla.sa/dorraksa;https://instagram.com/dorraksa;https://twitter.com/dorra_ksa;mamdouh-saud@hotmail.com;506900042;Active;0;0
BLaCKFaCe;بلاك فيس;;أخرى;https://t.me/FaCei110m;;;altybymshnwq@gmail.com;557308802;Active;0;0
ZMCods;زد ام ستور;;حلول إلكترونية;https://zmcods.com;;;zomolat@gmail.com;502621501;Active;0;0
;عطر خلود ;;أخرى;https://salla.sa/khulood1459;;;mashan85@yahoo.com;557063241;Active;0;0
;شركة الانوار الخضراء ;4031235395;أخرى;https://gtech-o.com;;;ahmedhalahmadi1@gmail.com;555506928;Active;0;0
;متجر البيت السعيد الالكتروني;;تسويق إلكتروني;https://happyhome.vip/;;;Alialjoundb@gmail.com;501141808;Not Active;0;0
advertising 1;اعلان وتسويق;;تسويق إلكتروني;http://salla.sa/best_wax;;;aalmosa764@gmail.com;549916359;Active;0;0
World of ward Al Taif Perfume ;عالم ورد الطائف للعطور;4032246773;أخرى;http://wardtaif.com;;;salih.1256@hotmail.com;505424081;Active;0;0
best wax;واكس ايطالي اصلي;;أخرى;http://salla.sa/best_wax;;;aalmosa764@gmail.com;549916359;Active;0;0
Q Alqaseem;قمة القصيم;;أخرى;https://salla.sa/q-alqaseem;;;amm554466pp@gmail.com;505562232;Active;0;0
pubge hima;ببجي هيما;4030371126;أخرى;https://salla.sa/pubge_hima;;;abohrash@gmail.com;548259215;Not Active;0;0
Cazorina;كزورينا;1010154473;مستلزمات المرأة;http://cazorina.com;;;sales@cazorina.com;503359252;Active;0;0
benar;متجر بي نار;1010632788;أخرى;https://www.be-nar.com;https://instagram.com/be_narksa;https://twitter.com/be_narksa;nssr5@hotmail.com;558975958;Active;0;0
Vazastore;فاز متجر;;أثاث وديكور;https://salla.sa/store_vaza;https://instagram.com/storevaza;;vazaa.store@gmail.com;568822264;Active;0;0
;عبده فانز;;إلكترونيات واكسسورات;https://salla.sa/abdufans?expires=1616479086&identifier=1090010914&utm_source=dashboard&signature=1c723cef31925b294416b9c5cfb76bbe506a84488bec2c8165eaf1cdd32f4c41;;;ihas11@yahoo.com;545251320;Active;0;0
Attractive angles store;متجر زوايا ملفتة;;تسويق إلكتروني;http://salla.sa/zawayastore;;;Zawayastore2030@gmail.com;540884686;Active;0;0
Joustan;جوستان;;مستلزمات المرأة;https://salla.sa/joustan;;;joud_binrabba@hotmail.com;538714948;Active;0;0
ODA1;أودا;4030383385;أخرى;https://salla.sa/oda.com;;;turkey.in.you.hand0@gmail.com;500000000;Active;0;0
asdaalnagah;اصداء النجاح ;1010659699;أخرى;https://zid.store/asdaalnagah/;;;aboath33@outlook.sa;566893569;Active;0;0
Electra Store;إلكترا ستور;1131307597;إلكترونيات واكسسورات;http://e-electra.com/;https://instagram.com/elec_q;https://twitter.com/electra_storee;sales@e-electra.com;592020392;Active;0;0
zawaya balas;زوايا بلس;;أثاث وديكور;https://zawayablus.com/;https://instagram.com/zwybls;;zawayaplus11@gmail.com;580145446;Active;0;0
om noorah;ام نوره;;مطبخ و مخبوزات;https://maroof.sa/Users/UserPreference;;;adoli20170@gmail.com;555823473;Active;0;0
Khorasan;مؤسسة خراسان  لتجارة;1010681196;أخرى;https://salla.sa/zaffron?expires=1616460589&identifier=852524359&utm_source=dashboard&signature=bac413d5e2f5af18765ff2b4ae6416c6316bc1346cc49a4c7138d4b0e42ff34c#;;;zaffron21@gmail.com;533527292;Active;10;1
Rose Marie;مطبخ روز ماري;;مطبخ و مخبوزات;https://ntoqws9981.expandcart.com/index.php?route=common/home;;;haylalanzai@gmail.com;504745655;Active;0;0
Yellow box stor;متجر الصندوق الاصفر;;إلكترونيات واكسسورات;https://salla.sa/yellowbox;https://instagram.com/yellow_box_stor;;Tigre_703@hotmail.com;578814442;Active;10;3
MAHER MQBEEL AL OUFI;ماهر مقبل العوفي;;أخرى;https://m3ney.com/;;;m3ney.com@gmail.com;569888123;Active;0;0
myeyesight;نظري للنظارات ;4650223320;تسويق إلكتروني;https://my-eyesight.net/;https://instagram.com/myeyesight2021;;info@my-eyesight.net;542227236;Active;0;0
;حلوولذيذ;;مطبخ و مخبوزات;https://salla.sa/lwlathith;;;7lwLathith@gmail.com;558486483;Not Active;0;0
Altaaj;أبراج التاج ;4030312509;مستلزمات المرأة;https://maroof.sa/addbusiness/AddBusinessWizard;;;alqnene_2005@hotmail.com;562664712;Active;0;0
Om othman store;متجر أم عثمان;;مطبخ و مخبوزات;https://salla.sa/omothman_store;;;Smawork1968@gmail.com;563543862;Active;0;0
Perfection Lab ;مختبر الكمال;;كوافيرة و تجميل;https://perfectionlab-sa.com/;https://instagram.com/perfectionlab.sa;;PerfectionLab@outlook.com;542559067;Active;0;0
AABAR AL MUNAWARA CONTRACTING EST;مؤسسة ابار المنورة للمقاولات العامة ;4650227495;أخرى;https://abar-almnwra.com/;;;abaralmnwra@gmail.com;566576829;Not Active;0;0
mrsool alhadia;مرسول الهدية;;أخرى;http://zid.store/mrsool-alhadia/;;;salehtaif2@gmail.com;500400282;Active;0;0
Fun Games Store;متجر فن قيمز للألعاب;;أخرى;https://salla.sa/fungames;;;Mmalharbi258@hotmail.com;539279219;Active;10;3
Diwan Almisk;متجر ديوان المسك للعود والبخور ;1010696925;أخرى;http://www.DiwMisk.com;https://instagram.com/diwmisk;https://twitter.com/diwmisk;sulaiman@diwmisk.com;570043777;Active;0;0
Ballerina;بلارينا;;أخرى;https://salla.sa/ballerina;https://instagram.com/ballerinax_1;;zoro-503@hotmail.com;553299009;Active;0;0
;اكسسوارات الكترونية;;إلكترونيات واكسسورات;https://salla.sa/stars.world0;https://instagram.com/k1ua0;;a1h2uda@gmail.com;540474802;Active;0;0
 lapassion LP;لباسيون;4031249020;أخرى;https://lapassionlp.com/;https://instagram.com/lapassion_lp;https://twitter.com/lapassionLp;lplapssion@gmail.com;568941998;Active;10;1
The charming touch;مؤسسة اللمسة الساحره للتسويق الالكتروني;5900112952;إلكترونيات واكسسورات;https://salla.sa/q1w2e34r;https://instagram.com/xxppxxppxx;https://twitter.com/thnXvkUOUNRAKAF;xx99xx99xx@gmail.com;582224450;Active;0;0
Balanced service;مؤسسة الخدمات المتوازنة;4030376306;أخرى;https://balanced-service.com/;;;balancedserv@gmail.com;590034010;Active;0;0
About fanatk ;اباوت فناتك;;مستلزمات المرأة;https://www.salla.sa;;;Sonaalshehri@gmail.com;530642468;Active;0;0
Wolf Pubg Store;قناة بيع وعرض حسابات ببجي و شحن شدادت ;;تسويق إلكتروني;https://t.me/WOLF_PUBG_Store;;;xwolf1718x@gmail.com;564068814;Not Active;0;0
wardahalteeb;مؤسسة وردة الطيب التجارية;1131312430;أخرى;https://kingdomsala.com;;;ksmsaeed44@gmail.com;502162190;Active;0;0
BATCH;باتش ;;مطبخ و مخبوزات;https://salla.sa/batch;;;Batchcookies@hotmail.com;550480432;Active;0;0
pricetou;السعر لك ;1010642287;أثاث وديكور;https://pricetou.com;https://instagram.com/pricetou;;info@pricetou.com;502131580;Active;0;0
RiO Phone;ريو فون ;;إلكترونيات واكسسورات;https://rio-phone.com/;https://instagram.com/rio_phone1;https://twitter.com/Rio_phone1;Rio.phone111@gmail.com;563174935;Active;0;0
Premium Organic Olive Oil;زيت زيتون بريميوم عضوي;4030411270;تسويق إلكتروني;https://www.saudiolivo.com?m=1;;https://twitter.com/tunisiaolivo;contact@saudiolivo.com;501230410;Active;0;0
Nash Lens;عدسة ناش للتصوير ;1010677415;تصوير;https://nashlens.com;;;nashlens.com@gmail.com;542770789;Active;0;0
bmb cup;كوب بمبي;;أخرى;https://salla.sa/bmb.cup;;;iiimiii-17-@hotmail.com;595990771;Active;10;1
Body Beauty;جمال الجسم;;مستلزمات المرأة;https://salla.sa/bodybeauty;https://instagram.com/bodybeautycare.sa;https://twitter.com/BodyBeauty15;Bodybeautycare.sa@gmail.com;561702355;Active;0;0
MMLogic;مؤسسة لمسه الابداع لنقل الطرود;1010690900;أخرى;http://sa-lamsa.com;;;m.atta@sa-lamsa.com;541710015;Active;0;0
;نوف للجلابيات والفساتين;;مستلزمات المرأة;https://Wa.me/966535464290;https://instagram.com/noof_1403;;noouf3@outlook.com;535464290;Active;0;0
RingsWorld;عالم الخواتم;5850121388;تسويق إلكتروني;https://ringsworld925.com;;;RingsWorld@hotmail.com;504555403;Active;0;0
Coffee Chain;كوفي تشين;5860062624;أخرى;https://salla.sa/coffee_chain;;;mjm0main@gmail.com;552544825;Active;0;0
EcoPC Org;مؤسسة الجهاز المقتصد لتقنية المعلومات;1010699672;إلكترونيات واكسسورات;https://ecopc.me;https://instagram.com/ecopc_me;;info@ecopc.me;556725992;Active;0;0
Muhjah;مهجة;;تخطيط مناسبات وحفلات;https://salla.sa/muhjah;;;muhjah.gift@gmail.com;562221837;Active;10;1
QMASH ;بيع أقمشة;;أخرى;https://salla.sa/qmash?preview=true;;;anas.amen.2001@gmail.com;536296925;Active;10;1
Off Sadu;اوف سدو;;مستلزمات المرأة;https://salla.sa/off.sadu;https://instagram.com/off.sadu;;off.sadu@outlook.com;551547139;Active;0;0
Khmelh UOD ;خميلة العود ;;أخرى;https://salla.sa/khmelh;https://instagram.com/khmelh;;M.o.aljmaz2@gmail.com;551156235;Active;0;0
alrahimi;متجر الرحيمي;;إلكترونيات واكسسورات;http://al-rahimi.com/;;;hmoodn1432@gmail.com;544707601;Active;0;0
Makhazin Aljumla;مخازن الجملة;;حلول إلكترونية;https://makhazin-aljumla.com/;;;alqahtani.93.aa@gmail.com;504696934;Active;0;0
ZIYAD STORE1;زياد ستور;;أخرى;https://t.me/ZIYAD_STORE1;;;ziyaad.se@gmail.com;541215618;Active;7.3;21
;الجنوبي لبيع حسابات ببجي;;أخرى;https://salla.sa/fashion.house;;;Kelid12345@icloud.com;502557608;Not Active;0;0
aysh;ايش في بالك;1010643887;تسويق إلكتروني;https://aysh-stor.com/;;;aysh.stor2021@gamil.com;546968958;Active;0;0
UNI STORE;يوني ستور;5851876833;إلكترونيات واكسسورات;https://salla.sa/uni.store;;;unistroe1@gmail.com;556484407;Active;0;0
Um Dla foods;مأكولات أم دلع;4030401243;مطبخ و مخبوزات;https://www.snapchat.com/add/um_dla2021;https://instagram.com/um.dla2021;;anwaralghamdi1988@gmail.com;566767548;Not Active;0;0
Cobonat Box Platform;منصة كوبونات بوكس;2051222786;تسويق إلكتروني;https://cobonatbox.com;;;CobonatBox@gmail.com;544724779;Active;0;0
Carta;كارتا;;تصميم وطباعة;https://salla.sa/carta_logo;;;Carta.loogo@gmail.com;563971673;Not Active;0;0
Omloodsa;أملود;;مستلزمات المرأة;https://s.salla.sa/home;https://instagram.com/rashmmah;;rashmma@gmail.com;555028134;Active;10;1
Yard Away;يارد اواي;1010694282;أخرى;https://www.yardaway.shop/;https://instagram.com/yard.away;;ayardaway21@gmail.com;596624666;Active;0;0
The Featured Product Store;المنتج المميز ;1010938612;إلكترونيات واكسسورات;https://tfps21.com/;;;t.f.p.ebah@gmail.com;534953765;Active;0;0
Gustome;قوستومي;;أخرى;http://gustome.com;;;gustomecoffee@gmail.com;531391412;Active;0;0
ATEEM94;عتيم  للعطور;;أخرى;https://ateem94.com/;;;a.hajri1994@gmail.com;504793885;Active;0;0
Mohamedalhamesh;محمد الهمش;;تسويق إلكتروني;https://www.alhamesh2030.com/;https://instagram.com/al_hemash;https://twitter.com/Al_hemash;Alhamesh2030@gmail.com;563337371;Active;0;0
The Black Snake Foundation to organize trips;مؤسسة الافعى السوداء لتنظيم الرحلات مامبا;4032240955;أخرى;https://mambatrips.com;https://instagram.com/mamba.hiking;;social663@gmail.com;535233805;Active;0;0
Sugoi store;متجر سوقوي;;أخرى;https://salla.sa/sujoi;https://instagram.com/sugoii.store;https://twitter.com/sugoi_store;Sugoiksa@gmail.com;583141719;Active;0;0
Ania;آنية;;أخرى;https://salla.sa/anai_cuup?expires=1616432019&identifier=358337353&utm_source=dashboard&signature=0af91c48127df58ca8027d5031a24758bcf7fbebbf3ccb447a7097d7bb2149fd;;;joeldez2020@gmail.com;537931341;Active;0;0
Homes Station ;هومز ستيشن;1010500169;تسويق إلكتروني;https://homesstation.app/;https://instagram.com/homesstation;https://twitter.com/HomesStation_;officialhomesstation@gmail.com;504156617;Active;0;0
EDO;إدو;4030411155;تصميم وطباعة;https://edo-platform.com/;https://instagram.com/edo.platform;https://twitter.com/edo_platform;edo.platform@gmail.com;556626193;Active;10;1
ollo store;اولو ستور;4030409647;تسويق إلكتروني;https://ollo.sa;https://instagram.com/ollo_ksa;https://twitter.com/ollo_ksa;info@ollo.sa;501343252;Active;10;8
LoveMe Beauty;لافمي بيوتي ;4030392270;مستلزمات المرأة;https://loveme-beauty.com/;https://instagram.com/loveme_beauty_;https://twitter.com/lovemebeauty2;Info@loveme-beauty.com;502224802;Active;0;0
Raheem Fitness;رحيم فتنس ;;أخرى;https://linktr.ee/Raheemfitness;https://instagram.com/raheemfitness;https://twitter.com/RaheemFitness_;Raheemfitness@outlook.com;548433377;Active;0;0
alhana store;أطياب الهنا;;أخرى;https://salla.sa/alhana.store.com;https://instagram.com/alhana.store__;;aseel2007hl@gmail.com;544430438;Active;10;1
RH PUBG MOBIL;ار اتش ببجي موبايل;;تسويق إلكتروني;https://t.me/RHPUBGMOBILE;;;xioun8@icloud.com;555419972;Not Active;0;0
Rowad Atatweer For Trading And Marketing;شركة رواد التطوير للتجارة والتسويق;;تسويق إلكتروني;https://www.ozoon.co;https://instagram.com/ozoonsa;https://twitter.com/OzoonSa;sales@ozoon.co;550005934;Active;0;0
beauty quetzal;بيوتي كتزال ;;كوافيرة و تجميل;https://bquetzal.com/;https://instagram.com/osamah227;;osamah227@gmail.com;543022055;Active;0;0
BFWdesign ;بس اف دبليو ديزاين;4030384860;تصميم وطباعة;https://bfwdesign.com/;https://instagram.com/bfw.design?igshid=1pmx6ovxdnkvr;;BFWdesignd@gmail.com;568468967;Active;0;0
The Desert Land;أرض الصحراء لتنظيم الرحلات السياحية;1010575821;أخرى;https://thedesertland.com/;https://instagram.com/thedesertland;https://twitter.com/thedesertland;info@thedesertland.com;559552334;Active;0;0
Saraooneline;ساروني لبن;;تصميم وطباعة;https://salla.sa/saroone78;https://instagram.com/saroone.line;;sara.a.gomawi@gmail.com;548243302;Active;0;0
Bootiqcom;بوتيك كوم ;;أخرى;https://salla.sa/bootiq_com?expires=1616423037&identifier=413489119&utm_source=dashboard&signature=708854e9153282b12d10329bedc12f3a98f2e8bd8de8a72a2c3ab0824f603390;;;Majedsaleh101@gmail.com;580433433;Active;0;0
EtosPerfumes;عطور ايتوس;4650229111;أخرى;http://salla.sa/etosperfumes;;;mohammedalqrafe@icloud.com;562166015;Active;0;0
LaLash;لا لاش;;كوافيرة و تجميل;https://lalashksa.com/;https://instagram.com/lalashksa;;lalashksa@gmail.com;546541714;Active;0;0
Waha trading ;واها للتجارة ;1010652791;أخرى;https://www.wahastore.sa;;;Abdulazizfastin@gmail.com;590893000;Active;0;0
Aldhna Co  For Industry;شركة الدهناء للصناعة;1010479180;أخرى;https://salla.sa/aldhna;;;aldhnatea@gmail.com;559969455;Active;0;0
SmartPoint;نقطةذكية;;إلكترونيات واكسسورات;https://beta.haraj.com.sa/users/smartpoint;;;mmm1987ali@gmail.com;569370030;Active;0;0
douceurSA;دوسيغ;1010722261;أخرى;http://douceur-sa.com/;https://instagram.com/douceur_ksa;https://twitter.com/douceur_ksa;douceur.care@gmail.com;551775567;Active;10;1
Asma Cosmetics ;اسماء للجمال ;;مستلزمات المرأة;https://asmacosmetics.com/;https://instagram.com/asmacosmetics.sa;;Asma_saud@icould.com;504497664;Active;0;0
MAWDHI;موضي;2511116350;مستلزمات المرأة;https://www.mawdhi.com;https://instagram.com/mawdhi20;;20MAWDHI20@gmail.com;598262080;Active;0;0
Enjaz United Security;إنجاز المتحدة الأمنية;2051234011;أخرى;https://enjaz-u.com/;;;info@enjazunited.com;570573111;Active;0;0
FATANFIKA;فاتنفيك;;تسويق إلكتروني;https://salla.sa/alk4c0;https://instagram.com/fatanfika;https://twitter.com/RaDhuItk8Z500D3;alk4c0@gmail.com;503470341;Active;0;0
MAGICLIGHT;مؤسسة الإنارة العجيبة;1123102627;أثاث وديكور;https://salla.sa/magiclight_1;;;aayoob.1415@gmail.com;501309118;Active;0;0
;النجمة الذهبية للاتصالات;;إلكترونيات واكسسورات;https://s.salla.sa/home;;;alnajmuhdhabih@gmail.com;537151943;Not Active;0;0
ghasf perfums;عطور غسف;;أخرى;https://salla.sa/male7a.perfumes;https://instagram.com/ghasf.sa;;arw67@hotmail.com;583041190;Active;0;0
;الخيال ستور ;;أخرى;https://salla.sa/al5yaa;;;themer89@hotmail.com;556598499;Active;0;0
AFAQALTAYIB TRADING EST;مؤسسة أفاق الطيب للتجارة;1010685264;تسويق إلكتروني;https://afagaltayib.com;;;afagaltayib@gmail.com;539347710;Active;0;0
 Maashar Al Arabiya Trading Est;مؤسسة معشار العربية التجارية;4030316988;أخرى;https://m3shar.com/;https://instagram.com/m3sh.ar;;info@m3shar.com;562623467;Active;0;0
Mostalzamat;مستلزمات;1010579604;أخرى;https://mostalzamat.com;https://instagram.com/mostalzamat_sa;https://twitter.com/Mostalzamat;cc@mostalzamat.com;552239906;Active;0;0
Hub;هب;;تسويق إلكتروني;https://www.viral-me.com;;;kam@viral-me.com;549144446;Active;0;0
Collect store;كولكت ستور ;;أثاث وديكور;https://salla.sa/collectstore;;;collectstore@hotmail.com;507056506;Active;0;0
My child's life;متجر حياة طفلي;4650229099;أخرى;https://kidsaco.com/;https://instagram.com/kidsa33;;mlbosat.atfal@gmail.com;548686457;Active;0;0
 store shopping;متجر الكتروني للتسويق;;تسويق إلكتروني;https://ali-show.com;;;manager@rosemary.fun;554746727;Not Active;0;0
Bin Shihoon;متجر بن شيهون لقطع الغيار ;4030383107;السيارات;https://binshihoonparts.com/;https://instagram.com/binshihoonparts;https://twitter.com/binshihoonparts;support@binshihoonparts.com;533334985;Active;0;0
Vintage Store;متجر ثمين ;;أخرى;https://t.me/Vintage_store2;;;Mahaalmutairii24@gmail.com;504446493;Active;0;0
Divar Store For detergents and plastics;متجر ديفار للمنظفات والبلاستيك;;أخرى;https://www.divar.sa;;;info@rhone.sa;581806116;Active;0;0
GameTims;متجر وقت اللعب ;;أخرى;https://salla.sa/g.t_ysr20.com;https://instagram.com/game.tims;;yyas.1@hotmail.com;566959532;Active;0;0
 SHARP SHOTER ABO FAHAD;شارب شوتر أبو فهد;;أخرى;https://salla.sa/pubg2020;;;m0dii2031@gmail.com;565602467;Active;10;1
afandm;أفندم;4030408292;تسويق إلكتروني;https://afandm.com;;;info@afandm.com;561689793;Active;0;0
Fandom;فاندوم;1010696881;أخرى;https://appfandom.com/;https://instagram.com/appfandom;https://twitter.com/AppFandom;appfandomstore@gmail.com;503710612;Active;0;0
Shm Store ;متجر سهم  لشحن ببجي;;أخرى;https://t.me/ShmPubguc;;;almumshal@gmail.com;547834182;Not Active;0;0
The Quick;الاعمال السريعة;2251498828;تسويق إلكتروني;https://www.thequick.sa;https://instagram.com/thequicksa;https://twitter.com/Thequicksa;Thequicksa@gmail.com;506620366;Active;0;0
NOEMS Girl;فتاة نيوم;;الحرف والصناعات اليدوية;https://www.etsy.com/shop/NEOMSGirl;;;rowedasalem@gmail.com;540553524;Active;0;0
Store wed;متجر ود للمباخر والاكسسوارات;;أخرى;https://salla.sa/wed1_store;https://instagram.com/wed1880;https://twitter.com/Wed1880;hope_20@outlook.sa;501195114;Active;0;0
Amaar medical ;متجر امار الطبيه ;1010487395;أخرى;https://www.amaarmedical.sa;;;Abdallahbagazi@gmail.com;531566777;Active;0;0
Youiva;يوفا;;أخرى;https://youiva-sa.com/;;;fy.fy20@hotmail.com;533737728;Active;0;0
Alanood Mohammd;العنود محمد عبدالله;;أخرى;https://salla.sa/tottori.com?expires=1616374283&identifier=1803159064&utm_source=dashboard&signature=934a926611491036f23e5898be0d8d474a819f183a6e5b187de29752ee21d0d4;;;kfunnn.n@gmail.com;502596505;Active;0;0
Relamest; ريلام للاتصالات;4030467617;إلكترونيات واكسسورات;https://relamtelecome.business.site/?utm_source=gmb&utm_medium=referral;;;Relamtelecom@gmail.com;566866684;Active;0;0
Dokan90;دكان تسعين;;أخرى;https://salla.sa/dokan90;;;Ashwag.mk@hotmail.com;569618029;Not Active;0;0
Relam Telecome;متجر ريلام للاتصالات ;4030467617;إلكترونيات واكسسورات;https://relamtelecome.business.site/?utm_source=gmb&utm_medium=referral;;;F_had007@hotmail.com;566866684;Not Active;0;0
Ronag AlAtaa For Trading;مؤسسة رونق العطاء للتجارة;1010552367;أخرى;https://ronagalata.com/;https://instagram.com/roanag_alata;;info@ronagalata.com;550318630;Active;0;0
Mnfth;متجر منفذ;1010538291;تسويق إلكتروني;http://monfth.com/;;;othman2061@gmail.com;548885895;Active;0;0
ROXAN;روكسان;1010608537;أخرى;https://www.roxansa.com/;https://instagram.com/roxansa_;https://twitter.com/Roxansa_;Roxan.ksa@gmail.com;565926001;Active;0;0
Abdullah Ali Bin Abdullah Aljabri Trading Est;مؤسسة عبدالله علي بن عبدالله الجابري التجارية;4030390355;أخرى;http://www.quotes.sa;;;a.aljabriapp@gmail.com;561777729;Active;0;0
Proof shop;متجر برووف;;تسويق إلكتروني;https://alproof.com;;;proof.01@gmail.com;559103352;Active;0;0
Deenabotique;دينا بوتيك2021;;مستلزمات المرأة;https://www.deenabotique.com/;;;sales@deenabotique.com;502285613;Active;0;0
Osood Alauwlaa for travel and tuorism;وكالة أسود الأولى للسفر والسياحة;4030363785;أخرى;http://www.osoodalauwlaa.com/;;;osoodalauwlaa@gmail.com;544706738;Active;0;0
Starbucks VIA;ستاربكس فيا;;تسويق إلكتروني;https://salla.sa/starbucks_via;https://instagram.com/starbucks_via.sa;;Thecoffeestore.sa@gmail.com;558891676;Active;0;0
Blind Spot Store;متجر النقطة العمياء;;تسويق إلكتروني;https://t.me/BlindSpotStore;;;fai9al00.f12@hotmail.com;545967888;Active;0;0
naseejsa;خيط النسيج;4030217478;أخرى;http://naseejsa.com;https://instagram.com/naseej.sa1;https://twitter.com/naseejsa1;al_awny@hotmail.com;553688776;Active;0;0
Glories Perfume;قلورس للعطور;1010694240;تسويق إلكتروني;https://www.gloriespu.com/;https://instagram.com/glories.pu;https://twitter.com/GloriesPu;glories.sa@hotmail.com;502294665;Active;10;7
bluestar;بلوستار للعطور;;أخرى;https://www.bluestar2.com;;;mtjrbluestar@gmail.com;501962201;Active;0;0
babyguard;بيبي قارد;;إلكترونيات واكسسورات;https://www.babyguard99.com;;;babyguard99@gmail.com;581249190;Active;0;0
Erab;متجر إرب;;الحرف والصناعات اليدوية;https://salla.sa/erab_94;https://instagram.com/erab_94;https://twitter.com/Erab_94;hanin.acc@hotmail.com;539366991;Active;0;0
taeemah;طعيمة;1010692694;أخرى;https://taeemah.com;;;honeytaeemah@gmail.com;592001431;Active;0;0
Selling PUBG accounts and offering accounts to cus;متجر تيوير لشحن الشدات;;تسويق إلكتروني;https://t.me/dwcw6;;;raiid5045@gmail.com;591632374;Not Active;0;0
Cafe88;مقهى;;مطبخ و مخبوزات;https://sycvuk0891.expandcart.com/admin;;;Rosealinda507@gmail.com;538312178;Active;0;0
El Khair mood;مزاج الخير;4030388591;أخرى;https://salla.sa/mazajalkhair?expires=1616360051&identifier=1779071531&utm_source=dashboard&signature=a91d82ca0bbab75c9834b91f89f92c53fe55757d4c59e5a9c21e81587c6643d1;;;abunomay2011@gmail.com;561440235;Active;0;0
Gag Store;متجر غاغ;;تسويق إلكتروني;https://saudigag.com/;;;Gagforhelp@gmail.com;570239502;Active;0;0
dohalvjr5 ;ضحى الفجر ;;تسويق إلكتروني;https://salla.sa/dohalvjr_1386;https://instagram.com/dohalvjr5;;hopy--1406@hotmail.com;532400664;Active;0;0
Ravus;رافوس;;مستلزمات المرأة;https://ravusksa.com;https://instagram.com/ravus_ksa;https://twitter.com/ravus_store;ravusstore5@gmail.com;544937922;Not Active;0;0
beautiful smell;روائح عطرة;;تسويق إلكتروني;https://zid.store/rekom/;;;osamamas91@gmail.com;552501424;Active;0;0
Alfryadh;عباية الفريدة;;مستلزمات المرأة;https://salla.sa/alfrydh;https://instagram.com/alf.rydah;;Alfryah.abyah@gmail.com;539507990;Active;0;0
WARADA WED;وردة ود;;تخطيط مناسبات وحفلات;https://salla.sa/warada-wad;;;noshnj86@gmail.com;501786407;Active;0;0
Hero store;هيرو ستور;;تسويق إلكتروني;https://www.maroof.sa/Herostore1;;;Ra.almadi22@gmail.com;544757420;Not Active;10;4
kian aleayn;كيان العين;4030397589;تسويق إلكتروني;https://kian-aleayn.com/;;;Kian-aleayn@hotmail.com;576764483;Active;0;0
Fuj Cups;أكواب فوج;;تسويق إلكتروني;https://salla.sa/fuj.cups;https://instagram.com/fuj.cups;;Futon_mansor@hotmail.com;500229003;Active;0;0
Recharge card pubg;شحن لعبة ببجي;;تسويق إلكتروني;https://t.me/Thesky6;;;3bndah@gmail.com;501738988;Not Active;0;0
Neue Yeezy;نيو ايزي;;أخرى;https://salla.sa/neueyeezy;https://instagram.com/neueyeezy;;neueyeezy@gmail.com;540854267;Active;0;0
Nootl Store ;نوتل ستوري;;تسويق إلكتروني;https://t.me/NootlStore;;;Nwne199@gmail.com;503995998;Active;0;0
ZAMANISWEET;حلويات زماني;1010628773;مطبخ و مخبوزات;https://zamanisweets.com/;https://instagram.com/zamanisweets;;marketing@foodbox.sa;503111677;Active;0;0
Genad alnshama;قناد النشاما;;أخرى;https://wa.me/message/7VL7DT37CA7FA1;;;reemh307@gmail.com;509178566;Active;0;0
kozbara;بهارات كزبرة ;;مطبخ و مخبوزات;https://salla.sa/kozbira;https://instagram.com/kozbara_94;;bharatwtawabul@gmail.com;555654860;Active;10;1
Toffah;تفاح ;1010160247;أخرى;https://mshtryate.com;;;admin@mshtryate.com;569190667;Active;0;0
KATO STORE;كاتو ستور;;تسويق إلكتروني;https://t.me/Aboood8;;;aboood300666@gmail.com;549742416;Active;4.7;3
slgnforud;علامة للعود;;أخرى;https://salla.sa/signforoud;;;uufhh248@gmail.com;583191139;Active;0;0
 ask and request;اسأل واطلب;;حلول إلكترونية;https://m7l-e.com/;;;mrbdrm@gamil.com;550969996;Active;10;2
mushafalqeuam;مصحف القيام;;تسويق إلكتروني;https://mushafalqeuam.com;https://instagram.com/mushaf.alqeuam;https://twitter.com/alqeuam;mushaf.alqeuam@outlook.sa;562232818;Active;0;0
Kitty Pink;كيتي بينك;2053118346;مستلزمات المرأة;https://salla.sa/kittypink;;https://twitter.com/KiPi_Store;kittypinkstore1@gmail.com;502534178;Active;0;0
yaqutah store;متجر ياقوتة;3550137194;تسويق إلكتروني;https://www.yaqutah.com;;;abu.albaraa00@gmail.com;567873732;Active;0;0
PINK FACES;بينك فيسز;4031241648;مستلزمات المرأة;https://pinkfaces.com;;;support@pinkfaces.com;592949299;Active;0;0
OHM EST TRAD;مؤسسة أوم التجارية;;أخرى;https://ohmest.com;;;info@ohmest.com;505410033;Active;0;0
;مؤسسة رواء العناية للتجارة;1131312265;مستلزمات المرأة;https://rowa.sa/;https://instagram.com/roowa.sa;;roowa.sa@gmail.com;548980089;Active;0;0
sai candle ;شموع ساي;;أثاث وديكور;https://salla.sa/sai_candle;https://instagram.com/sai__candle;;saif145alsaif@gmail.com;531199572;Active;0;0
Phone accessories store;متجر اكسسوارات هواتف;;إلكترونيات واكسسورات;https://salla.sa/bit_store;;;abd-vip-911@hotmail.com;534965983;Active;0;0
Itunes Gift Card Us Store;بطاقه ايتونز امريكي ;;حلول إلكترونية;https://api.whatsapp.com/send?phone=966501334474;;;Raiiz2@hotmail.com;501334474;Active;10;1
Aresh;عريش للعسل;1010694643;أخرى;https://areesh-sa.com/;;;areesh.areesh21@gmail.com;542079428;Not Active;0;0
aletawi;متجر العطاوي لأتصالات;1010894888;إلكترونيات واكسسورات;https://aletawiksa.com/;;;khalieed446@gmail.com;569861403;Active;10;6
Youssef Mohammed ;كيان للعطور و الأكسسوارات;4030411857;تسويق إلكتروني;https://salla.sa/kas.shopping;;;abuziayd@gmail.com;541801940;Active;0;0
Jazl Square;مربع جزل;2055130021;أثاث وديكور;http://www.jazlsq.com/;https://instagram.com/jazl_sq;https://twitter.com/jazl_sq;contact@jazlsq.com;554209152;Active;0;0
shadajasmin;متجر شذا الياسمين;1010663539;أخرى;https://shadajasmin.com/;;;shadajasmine2020@gmail.com;533598061;Active;0;0
online umrah; عمرة اولاين;4650228784;أخرى;https://www.onumrah.com/;;;yaser@samaren.com;500910463;Active;0;0
Hictro;هكترو;1010689532;تسويق إلكتروني;https://hictro.com;https://instagram.com/hictro.store;https://twitter.com/hictro;sam@hictro.com;500873810;Active;0;0
elfwz;متجر الفوز;;إلكترونيات واكسسورات;https://elfwz.com;;;An-m@outlook.sa;500104182;Not Active;0;0
oud sa;سله عود;;أخرى;https://salla.sa/oud_sa;https://instagram.com/oud.s.a;;oud.sa@hotmail.com;583689171;Active;0;0
Binz store;بنز ستور;;إلكترونيات واكسسورات;Http://salla.sa/binz;https://instagram.com/binzstore1;;Sultan00@windowslive.com;546548642;Active;0;0
capitalfurniture;كابيتال فورنتشر;;أثاث وديكور;https://www.capitalfurniture.sa/;https://instagram.com/capitalfurnitu3;https://twitter.com/capitalfurnitu3;capitalfurniture2020@gmail.com;555830309;Active;0;0
Diamond store card;متجر دايموند كارد;;أخرى;https://salla.sa/wasmi;;https://twitter.com/_nq93;sswe305@gmail.com;502517734;Active;0;0
KEDAI ASIA;كداي اسيا;4030336324;أخرى;https://kedai.asia/;;;mohmadqarah@gmail.com;503315613;Active;0;0
nukhbat almasbah;نخبة المسباح ;;أخرى;https://salla.sa/msba_7;https://instagram.com/nk_msba7;;nk_msba7@hotmail.com;537841454;Active;0;0
Mohammed I store;متجر محمد اي;;تسويق إلكتروني;https://t.me/Mohammed_stor;https://instagram.com/e5hk;;majnaaww511@gmail.com;557234007;Active;0;0
rora lashes;رورا لاشز;;مستلزمات المرأة;https://salla.sa/roralashes;https://instagram.com/_roralashes;;roralashes@gmail.com;545478851;Active;10;1
WAGIF ALAMAAL EST;مؤسسة واقف الأعمال ;1010639146;حلول إلكترونية;https://wagif.app/;;;abdullah.alsaid@wagif.app;534434230;Active;0;0
STORE KSA M;متجر السعوديه م;;تسويق إلكتروني;https://t.me/pubgstoreksa;;;Ffm888@hotmail.com;550230618;Active;6.9;8
;مؤسسة ملهمة للتجارة;5950122392;تسويق إلكتروني;http://maroof.sa;;;mulhema.trading@gmail.com;502292889;Active;0;0
Mona Abdulrahman Mansour Abahusain For Trading  M;مؤسسة منى عبدالرحمن منصور اباحسين للتجارة والتسويق;1010603864;أخرى;https://www.noon.com/saudi-en;;;techpointstore99@gmail.com;590504483;Active;0;0
Raheeq Jarra EST;رحيق جارا;1010648084;تسويق إلكتروني;https://salla.sa/jarrah.nectar;;;jarrah.nectar@gmail.com;566990933;Active;0;0
Famjoy;فام جوي;1010683627;تسويق إلكتروني;https://famjoy.com/;;;Naeal@hotmail.com;546208888;Active;0;0
MF LINE;ميم فاء لاين;;أخرى;https://salla.sa/mf_line;;;MF.LINE.sa@gmail.com;509138268;Active;0;0
;مؤسسة الشباب الرقمي لتقنية المعلومات;5950121242;حلول إلكترونية;http://www.youth.sa;;;Isa@youth.sa;550606619;Active;0;0
ozone digital marketing;أوزون للتسويق الرقمي;1128184676;تسويق إلكتروني;http://ozone.social/home;;;Abdulaziz_z@hotmail.com;570267777;Active;0;0
NAJEZ;منصة ناجز;1010606637;حلول إلكترونية;http://sims-dev.syanahapp.com;;;info@tarqeem.sa;554808555;Active;0;0
Zid digital marketing ;منصة زد للخدمات الرقمية ;;تسويق إلكتروني;https://zidlab.com/;;;noraf888@gmail.com;501541760;Not Active;0;0
junuh;رباط الحذاء الذكي;;مستلزمات المرأة;https://salla.sa/junuh?expires=1616323660&identifier=737604510&utm_source=dashboard&signature=1e711fe931e4a4d780931157004e0772af1162d05f51241733192e4ac1c0cfbe;;;adhwa1993@gmail.com;530188995;Active;0;0
Deqah Oud;دقة للعود;1010691291;تسويق إلكتروني;https://deqah-oud.com;https://instagram.com/deqah.oud;https://twitter.com/Deqahoud;deqah.oud@gmail.com;534534994;Active;0;0
Sajil;سجل للخدمات الاكاديمية والالكترونية;;خدمات أكاديمية;https://is.gd/ZAsfhY;https://instagram.com/sajil_ksa;https://twitter.com/sajil_ksa;Sajilksa1@gmail.com;543164728;Active;0;0
Freshen8;فريشن٨;;أخرى;https://freshen8.com;https://instagram.com/freshen8__;https://twitter.com/freshen8_;8freshen8@gmail.com;570158658;Active;10;1
;موقع للاسر المنتجه;;مطبخ و مخبوزات;https://salla.sa/znqah?expires=1616322726&identifier=1978950660&utm_source=dashboard&signature=c1414286e2dc7574ef05e6b1a27e1a99a073dfe51c2b788582954e0fcf2812ae;;;ameeraq88l@gmail.com;533247355;Active;0;0
almutamayiz 1;المتميز 1;;إلكترونيات واكسسورات;https://amvvwy8761.expandcart.com/;;;bmbm1616@gmail.com;556817236;Not Active;0;0
Talaq;تألق للخدمات الإلكترونية;;خدمات أكاديمية;https://twitter.com/tallk369?s=09;;https://twitter.com/tallk369?s=09;tallkpot369@gmail.com;500000000;Active;0;0
Hunting Solutions;حلول الصيد;;أخرى;https://www.hunting-s.com;;https://twitter.com/Hunting_s0;Qx9.ksa@gmail.com;557135585;Active;0;0
alkhair spices;بهارات الخير;;مطبخ و مخبوزات;https://salla.sa/alkhair-spices;https://instagram.com/alkhairspices;;spicealkhair@gmail.com;503182027;Active;0;0
Aamal Alissham Recruitment office;مكتب اعمال الاسهام للاستقدام;1132010726;أخرى;http://aalissham.net/;;;info@alissham.net;554332095;Active;0;0
koala storee;كوالا ستور;;أخرى;https://koalastoresa.com/;;;koalastoresa@gmail.com;505199480;Active;0;0
mujuhar;مجوهر;;مستلزمات المرأة;https://mujuhar.com;https://instagram.com/mujuhar;https://twitter.com/mujuhar;mujuhar8@gmail.com;594399410;Active;0;0
iMoon eCommerce ;متجر ايمون الالكتروني;2055128808;تسويق إلكتروني;https://imoon.sa/;;https://twitter.com/imoon_sa1;info@imoon.sa;553599531;Active;0;0
Ayar Perfumes;عطور ايار ;1010653646;أخرى;https://ayarperfumes.com/;;;ayarsaudi@gmail.com;503906499;Active;0;0
whatsapp;واتساب;;أخرى;https://www.whatsapp.com/;;;bmbm1616@gmail.com;556817236;Not Active;0;0
Lets speak;ليتس سبيك;;تخطيط مناسبات وحفلات;https://salla.sa/e_rosez7;;;Mayet.ksa@gmail.com;550058538;Active;0;0
The Pretty Little Candle ;الشمعة الصغيرة الجميلة;;أثاث وديكور;https://salla.sa/tpl.candle?expires=1616314168&identifier=1247272644&utm_source=dashboard&signature=3deb6eb7fe0b481ff4f0c567ffabe8affcb0da9def159c80a23af70eb0e2ac88;;;Tpl.candle@gmail.com;505304839;Active;0;0
Royal 1Store;رويال 1ستور;;تسويق إلكتروني;https://t.me/Royal_2Store;;;ii.royalstory@gmail.com;504468568;Active;10;1
clara shopping;كلارا شوبينق;1010683763;تسويق إلكتروني;https://www.clarasaudi.com;;;clara.saudiarabia@gmail.com;540479743;Active;0;0
;متجر فلامنجو الرسمي;;أخرى;https://flamingo-ksa.com/;;;bahasan.business@gmail.com;535799533;Not Active;0;0
Brightness;برايتنس;4030392743;أخرى;https://salla.sa/brightness;https://instagram.com/brightness_stor1;;Brightness.store3@gmail.com;565828700;Active;0;0
hdaya alwed;هدايا الودد;;أخرى;https://hdayaalwed.mycn.io;;;Sharoo-22@hotmail.com;533572994;Active;0;0
Red Brand;متجر ريد براند;;مستلزمات المرأة;https://red-bra.com/;;;Lail.al876ani@gmail.com;504442275;Active;0;0
Bar omar;بار عمر;;مطبخ و مخبوزات;https://salla.sa/baromar.sa?expires=1616306318&identifier=1490813383&utm_source=dashboard&signature=363c5a998a22edcb1c845f7ea0fca2f24e985fa71ccb8af98062c1dcfe096acf;;;Baromar.sa@hotmail.com;500637537;Not Active;0;0
Oudspout;عود سبوت;;أخرى;https://oudspout.com/;;;Ioudspout@gmail.com;508444877;Active;0;0
zahou; ز هو ;4031248305;أخرى;https://salla.sa/zahu;;;tr_816@hotmail.com;594309009;Not Active;0;0
Hoda for electronic services;هدى للخدمات الإلكترونية;;أخرى;https://wa.me/966507910756;;;fluor1223@gmail.com;504391578;Active;0;0
BombShop ;بومب شوب;;تصميم وطباعة;https://salla.sa/bombshop;;;Bombshop11@gmail.com;592580460;Active;0;0
;متجر همس للعود والبخور والعسل;;تسويق إلكتروني;https://hamsaloud.com/;;;as520as520@hotmail.com;551117837;Not Active;10;1
canopusa;كنوبس;;تصميم وطباعة;https://salla.sa/canopus.sa?expires=1616005104&identifier=76343386&utm_source=dashboard&signature=c4cbbf1145980277d50e5406894875f5a48df174ab8c5844798e8cbfd3270f77;https://instagram.com/canopus.sa?igshid=15qlono73xpvx;;taoris6@gmail.com;563243676;Active;0;0
Guava;جوافه ;2055130684;أخرى;https://salla.sa/guava/category/YmoEl;https://instagram.com/guava.sa;;Guavanma@gmail.com;567443317;Active;10;1
SH THIS is for you ;ش انه لك ;;مستلزمات المرأة;https://salla.sa/thisis?expires=1615324613&identifier=989499981&utm_source=dashboard&signature=6d88fe0278a004c5c5471d63d9b0ba492de5628920b9c087c201c84accaef2fe&_gl=1*qudmsk*_gcl_aw*R0NMLjE2MTUxNTM0NDguRUFJYUlRb2JDaE1JdjVMUnVaT2Y3d0lWcWVqdENoMHBEZ0dFRUFBWUFTQUFFZ0wyU3ZEX0J3RQ;;;shahad.alnahdi@icloud.com;569666515;Active;0;0
8imh store;متجر قيمة;;تسويق إلكتروني;https://8imh.com/;;https://twitter.com/8imh_sa;8imh.sa@gmail.com;551990979;Active;10;15
Online4444 ;اونلاين4444;;تسويق إلكتروني;https://iwtsp.com/966503603349;;;Homosy@hotmail.com;503603349;Active;0;0
NAWAL  STORE;متجر  نوال  ستور;;تسويق إلكتروني;https://t.me/STORE_NAWAL;;;Myuc1100@gmail.com;501391975;Active;6.5;44
softwoman;متجر انثى ناعمه;4650229335;أخرى;https://softwoman.net/;;;hanincom5@gmail.com;548686457;Active;0;0
Voltreon;فولتريون;;أخرى;https://voltreonstore.com/;;;shop@voltreonstore.com;595143936;Active;0;0
FJSTORE510;متجر اف جي ستور ٥١٠;;أخرى;https://salla.sa/sgstore122;;;fjstore510@gmail.com;530028516;Not Active;0;0
Aljabbari Marketing;الجباري للتسويق الالكتروني;4650229038;تسويق إلكتروني;https://www.aljabbari-marketing.com/;;;moja1417@gmail.com;538041612;Active;0;0
Basilseasonir;توابل الريحان;;أخرى;https://api.whatsapp.com/send?phone=+966559799091;;;s.a.m.y.k@hotmail.com;559799091;Active;0;0
Appwait to coordinate and organize events and buff;أفوايت للتنسيق وتنظيم المناسبات والبوفيهات;;تخطيط مناسبات وحفلات;https://linktr.ee/Avwait2030;https://instagram.com/avwait2030;;avwait2030@gmail.com;533335135;Active;10;1
Piece and more sa;بيس اند مور;;أثاث وديكور;https://salla.sa/piecesandmore?expires=1616186584&identifier=1663185113&utm_source=dashboard&signature=dec45046a9c63b92913b71441ddb272b3ce75fd8f147f4447e3b8b58938fb555;https://instagram.com/pieceand.more;;Piece.andmore1@gmail.com;556556566;Active;0;0
smart Art;الفن الذكي ;;إلكترونيات واكسسورات;https://smartart-tech.com/;https://instagram.com/smart_art_store;;smart.art.tech.store@gmail.com;504210296;Active;0;0
;ام محمد للأكلات الشعبية الجنوبية ;;مطبخ و مخبوزات;https://www.snapchat.com/add/om_mohammadd21;https://instagram.com/ass22.1;;om.mohammadd@icloud.com;558009834;Active;0;0
Murad UC;متجر مراد للشدات;1010699558;حلول إلكترونية;https://muraduc.com;https://instagram.com/muraduc1;https://twitter.com/muraduc1;Muraduc@hotmail.com;502268437;Not Active;10;2
Amazon account;حساب في موقع امازون;;أخرى;https://www.amazon.sa/s?k=amazon;;;amalsanat00@gmail.com;550443627;Not Active;2;1
;تصميم وتفصيل اسم الذهب وبيع نواعم;;مستلزمات المرأة;https://jewelry-store-4320.business.site/?utm_source=gmb&utm_medium=referral;;;turki.alzahrani2016@gmail.com;569262014;Active;0;0
muhamad alsaedy;محمد الصاعدي;;تسويق إلكتروني;https://mapp.sa/mudiharbi;;;mudiharbi77@gmail.com;580054739;Active;0;0
Lilsa store; متجر ليلاس;;مستلزمات المرأة;http://www.lilas-shop.com/;;;rrooww590@gmail.com;552288623;Not Active;0;0
Jeekj store;مغللق را;;تسويق إلكتروني;https://t.me/p;;;Rawan.pubg@gmail.com;500000000;Not Active;6;4
SMA Tag group;مجموعة سما تاق ;1010261751;حلول إلكترونية;http://smatag.net/;;;info@smatag.com.sa;532997430;Active;0;0
;أطايب التمور;1010175430;أخرى;https://atayb.com;;;atayebaltomor@gmail.com;555337966;Active;0;0
Ongood coffee;قهوة عنقود;3350149491;أخرى;https://www.ongoodcoffee.com;https://instagram.com/ongood_coffee;https://twitter.com/Ongood_Coffee;Ongood_coffee@hotmail.com;566162028;Active;0;0
zaffrani;مؤسسة زعفراني التجارية;;مطبخ و مخبوزات;https://salla.sa/zaffrani;;;zaffroni01@gmail.com;591254757;Active;0;0
Thirty percent  ;ثيرتي برسنت ;;تسويق إلكتروني;https://30perc.com/;https://instagram.com/tpercnt;https://twitter.com/tpercnt;Tpercent30@gmail.com;500221558;Active;0;0
NR STOCKINGS;ان ار للجوارب ;;أخرى;https://salla.sa/nr_stocking;https://instagram.com/nr_stockings;;mdrw5v8@gmail.com;569775999;Active;0;0
DOODLES;دودلز;;الحرف والصناعات اليدوية;https://salla.sa/doodles;;;danaaljandabi@gmail.com;550516162;Active;0;0
H And M Chocolate tools;اتش اند ام لادوات الشوكلاته;;أخرى;https://salla.sa/chocolate-tools1;;;dood1429@hotmail.com;582975195;Active;0;0
;لبيع البحريات طازجة ;;أخرى;https://salla.sa/fayezrfish/NrGNxK#product-images-3;;;fayezr2019@gmail.com;595999908;Active;0;0
RAMOL SOLITAIRE ;رامول سوليتير ;;أخرى;https://salla.sa/ramol?expires=1614240812&identifier=1590745007&utm_source=dashboard&signature=701702211f8ff8f68708aa78de8184019566fa36705a46117a92f865058684dd&_gl=1*olcjtg*_gcl_aw*R0NMLjE2MTQxNTI1MzYuRUFJYUlRb2JDaE1JMzh1bjJJS0M3d0lWZ2JyVkNoMGpGUVBmRUFBWUFpQUFFZ0tLQnZEX0J3RQ;https://instagram.com/ramol_solitaire;;ramolresin@gmail.com;530682483;Active;0;0
Alsaifs store;السيف ستور للاتصالات;3550135692;إلكترونيات واكسسورات;https://www.alsaifs.com;https://instagram.com/alsaifs33;https://twitter.com/alsaifs33;Middhsw4@gmail.com;505953332;Active;10;1
chocolate tools;ادوات شوكلاته  ;;أخرى;https://salla.sa/chocolate-tools1;;;dood1429@hotmail.com;582975195;Not Active;0;0
My Care Animal ;متجر عنايتي بالحيوان;;تسويق إلكتروني;https://mycareanimals.com/;;;mymalak.info.careanimal@gmail.com;550467673;Active;0;0
shalky abaya;عبايات الشالكي;;مستلزمات المرأة;https://salla.sa/shalky1_;https://instagram.com/shalky1_;;Shlkay2021@gmail.com;551166148;Active;0;0
Batreq Store;متجر بطريق;2055104761;أخرى;https://batreq.com;;;partners.support@batreq.com;504386281;Active;0;0
perfume Station0;محطة العطور0;;أخرى;https://salla.sa/perfume.station?expires=1616265961&identifier=799571014&utm_source=dashboard&signature=db449725becf921e6ad7c8eaed7b57db27acfa037d005d2bfba67d9c88a00669;https://instagram.com/perfume.station0;;alarifi707@gmail.com;541969470;Active;0;0
BuyWell KSA;باي ويل السعودية;4030387259;تسويق إلكتروني;https://www.buywell.me;https://instagram.com/buywellksa;https://twitter.com/BuywellSA;info@buywell.me;567366669;Active;0;0
SpSumaiaJalloun; سمية جلون;;أخرى;https://salla.sa/sp.sumaia_jalloun?expires=1616262104&identifier=508882665&utm_source=dashboard&signature=654956db4cfe9bf406accd66d94b2e4dbf5e6475810b5b5c3c7501343c934953;https://instagram.com/sp.sumaia_jalloun;https://twitter.com/SpSumaiaJalloun;suma.jalloun@gmail.com;570771300;Active;10;1
Tazwea;تزوية;1010570067;أثاث وديكور;https://tazwea.com/;;;ma@tazwea.com;504418427;Active;0;0
Anag7 store;اناقة ستور;;مستلزمات المرأة;https://salla.sa/anag7;;;nhk8888@hotmail.com;502130003;Active;0;0
Your alternative ad ;اعلانك البديل;4031241086;حلول إلكترونية;http://youralternativead.wordpress.com;;https://twitter.com/your_vertising;your.alternative.ad@gmail.com;541194912;Active;0;0
Etiquette and Wellbeing Coaching and Consultancy;التمكين الشخصي والاستشارات في الاتيكيت و الرفاهية;;أخرى;https://hazaralyemni.com/;https://instagram.com/hazaralyemni;;Hazaralyemni@gmail.com;503400755;Active;0;0
Visual Vision for Communications and Information T;الرؤية المرئية للاتصالات وتقنية المعلومات;1010633875;حلول إلكترونية;https://www.vvccaci.com;;;info@vvccaci.com;539344530;Active;0;0
Cobonat Box;كوبونات بوكس;;تسويق إلكتروني;https://cobonatbox.com;;;CobonatBox@gmail.com;544724779;Not Active;0;0
Seveen Cosmetics Foundation ;مؤسسة سفين لمستحضرات التجميل ;1128183577;مستلزمات المرأة;https://svcosmetics.com/;https://instagram.com/seven_cosmetiiics;;seveen.cosmetics@gmail.com;565323536;Active;0;0
Wak Perfumes;واك للعطور;2055126934;أخرى;https://wakperfumes.com/;https://instagram.com/wakperfumes;https://twitter.com/WakPerfumes;wakperfumes@gmail.com;502122667;Active;10;2
Wireless;وايرلس;1010624388;إلكترونيات واكسسورات;https://wireless-co.com;https://instagram.com/wirls_co;;wireless-co@outlook.com;556709991;Active;0;0
Elegance style store;متجر اناقه ستايل;;مستلزمات المرأة;https://zid.store/anagah-style;;;Nhk8888@hotmail.com;502130003;Not Active;0;0
;كنز المسلم ;;أخرى;https://www.tiktok.com/@kanzalmuslim;https://instagram.com/kanzalmuslim1;;shoppingtime.h0@gmail.com;566005513;Not Active;0;0
Qursan Games;ألعاب القرصان;1010580036;إلكترونيات واكسسورات;http://www.qursangames.sa;;;Qursangamesksa@gmail.com;533303633;Active;0;0
Ghasaq;غسق١;;مستلزمات المرأة;https://salla.sa/ghasq;https://instagram.com/ghasaq__1;;Areejalzuair@gmail.com;500832604;Active;0;0
COESTT;كويست;1010695060;تسويق إلكتروني;https://coestt.com/;;;info@coestt.com;501236416;Active;0;0
Ronk Sabouh Business Foundation;مؤسسة رونق صبوح للتجارية;1010694004;تسويق إلكتروني;https://salla.sa/sabouh;;;sabouh0777@gmail.com;583129737;Active;0;0
GOLD UC;قولد يو سي;;أخرى;https://t.me/GOOLDUC;;;salhaalbogami92@gmail.com;502188251;Active;0;0
Solar energy lighting;أنارهـ الطاقة الشمسية ;;تسويق إلكتروني;https://salla.sa/enarataltaqaa;;;azmh55@hotmail.com;533889386;Active;0;0
Ain shop 22;متجر عين 22;;الحرف والصناعات اليدوية;https://salla.sa/ainshop;https://instagram.com/ain_shop_22;;ain.shop55@gmail.com;566510137;Active;0;0
Bent Alteeb;بنت الطيب;;أخرى;https://salla.sa/bentalteeb;https://instagram.com/bentalteeb.sa;;BentAlteeb.sa@gmail.com;544925676;Active;0;0
Anatomy outfit;اناتومي اوت فت ;;أخرى;https://Anatomyoutfit.com;https://instagram.com/anatomyoutfit;;hello@anatomyoutfit.com;547054137;Active;0;0
  store to sell accoun;لادارة ;;تسويق إلكتروني;https://maroof.sa/193533;;;Looom@gmail.com;566628277;Not Active;0;0
jbrasstore;متجر جبراس;1010677772;أخرى;https://jbrasstore.com/;https://instagram.com/jbras_sa;;3jbras@gmail.com;533110791;Active;0;0
TeTNy;تتني;1010713461;تسويق إلكتروني;https://tetny.net/;https://instagram.com/raw_riyadh;;sulaiman.alqadi506@gmail.com;549942730;Active;0;0
Game Zone Store;متجر جيم زون;;حلول إلكترونية;https://store.gamezone.to/;;;admin@gamezone.to;555781351;Active;0;0
06:00 ص;السادسة صباحا;;أخرى;https://www.6amcoffeesa.com;https://www.instagram.com/6amcoffee.sa/;;6amcoffeesa@gmail.com;582715607;Active;0;0
Retail sale of mobile phones;بيع الجوالات بالتجزئة;;إلكترونيات واكسسورات;https://yomn-cell-phone-store.business.site/;;;m.alsulami@gmail.com;502846567;Active;0;0
Green Hills;التلال الخضراء;;تسويق إلكتروني;https://salla.sa/green.hills;https://instagram.com/green_hills_nursery;;green.hills.nurseys@gmail.com;555536058;Active;0;0
Hair care 2; كورس العنايه بشعر;;أخرى;https://wwww.Haircare202;;;Ramy1627@gmail.com;501212045;Active;0;0
Bido Plus;بيدو بلس;;أخرى;https://t.me/Beeedo0;https://instagram.com/pubge.9;;badrr037b@gmail.com;582344062;Active;0;0
Design and construction of certified football fiel;تصميم و إنشاء ملاعب كرة قدم معتمده ;;أخرى;https://5fec3bef36513.site123.me/;;;Mohamadasar11@gmail.com;538890616;Not Active;10;1
NotNice Store;نوت نايس ستور;;تسويق إلكتروني;https://t.me/NotNice_Store;;;raen.harby@gmail.com;550561965;Active;8.7;6
Shop for women ;متجر أنثى حالمة;;مستلزمات المرأة;http://wa.me/971505587324;;;jnan99jnan@gmail.com;505587324;Active;0;0
Masaco Store;متجر مساكو;1010615960;تسويق إلكتروني;https://msaco-sa.com/;;;zzzw-2076@hotmail.com;531511670;Active;2;1
roweya store;متجر رؤيه;;إلكترونيات واكسسورات;https://roweya.com/;https://instagram.com/roweya_store;https://twitter.com/roweya_;roweyastore@gmail.com;562420063;Active;0;0
AYAR FLOWER;ايار زهر وحب;;تخطيط مناسبات وحفلات;https://salla.sa/ayar_flowerr;https://instagram.com/ayar_flowerr;;ayar_flowerr1@gmail.com;554694080;Active;10;1
Store Nawaf;ستور نواف;;تسويق إلكتروني;https://salla.sa/nawaf_pubg;;;tkoodtreedt@gmail.com;542442288;Active;0;0
RMD Abaya;ريم الدعجاني;;مستلزمات المرأة;https://salla.sa/con_reem?expires=1616203329&identifier=1109743254&utm_source=dashboard&signature=2a5d8be850154c3c06f94a6b921b4105108752aaa8f124cae3ba3c4074685c91;https://instagram.com/con_reem;;Reeooom511@gmail.com;500830242;Active;0;0
MunTech;مون تيك;;إلكترونيات واكسسورات;https://muntech.co/;;;munther.tech@gmail.com;532288553;Active;0;0
Vermilion Five;فيرميليون فايف;;الحرف والصناعات اليدوية;Https://Salla.sa/vermilionfive;;;Fivevermilion@gmail.com;546414534;Active;0;0
Thirty nine ;تسعة وثلاثون ;;إلكترونيات واكسسورات;https://salla.sa/thrty39nine.com?expires=1615831748&identifier=1937240804&utm_source=dashboard&signature=a5e182d9692f992893cf19f8d8c7adc15130f570df07cfd220beceb9030a0090;https://instagram.com/thirty3nine9;;alikaalah1234@gmail.com;578504589;Active;0;0
Horshoop;حور للجمال;;مستلزمات المرأة;https://www.horshoop.com;https://instagram.com/hor.shoop;;Abdaraem@icloud.com;552355055;Not Active;0;0
nesmat alsaba est;نسمة الصبا التجارية ;;كوافيرة و تجميل;https://ssmperfume.com;https://instagram.com/ssm.perfume;;ssm.perfume@gmail.com;558442451;Active;0;0
Electronic Services  Enjaz;انجاز للخدمات الاكترونية ;;حلول إلكترونية;https://amns25.wixsite.com/website;;https://twitter.com/enjaz_e;enjaz_e@outlook.com;500064363;Active;10;3
Branzac;برانزك;;مطبخ و مخبوزات;https://salla.sa/branzc;https://instagram.com/branzac_;https://twitter.com/Branzac_;mkoplnmkopl2@gmail.com;550339615;Not Active;0;0
Thekra Happinese ;ذكرى السعاده ;;تصميم وطباعة;https://salla.sa/thekrahappinese;;;albnyah@gmail.com;502146315;Active;0;0
Bv pubg;مغلق المتجججر;;تسويق إلكتروني;https://t.me/nn_owal;;;Pubg.zaem.p@gmail.com;544740829;Not Active;4;4
Bb STORx;مغلققققق;;تسويق إلكتروني;https://t.me/p;;;Xrxpubg@gmail.com;500000000;Not Active;4;8
ALBADAH FOR OUD COMPANY;شركة البداح للعود;1131311797;تسويق إلكتروني;https://albdah.com;;;Care@albdah.com;596393000;Active;10;1
PUBG HOLA;بيع شدات ببجي وكل مايخص  الالعاب ;;تسويق إلكتروني;https://almasa1.com/;;;m14noo@hotmail.con;500140316;Active;0;0
arees;زهرة أريس ;;مستلزمات المرأة;https://salla.sa/arees;;;yasmyas80@gmail.com;554502066;Active;0;0
;عريق العسل;;أخرى;https://salla.sa/areeq.sa;;;yazid.1@icloud.com;505543536;Not Active;0;0
 muner mohammed almutairi;الكوب اللامع;;تصميم وطباعة;https://s.salla.sa/settings;;;maeoal201@gmail.com;557876915;Active;0;0
;متجر شحن شدات ببجي;;تسويق إلكتروني;https://t.me/LX_50;;;mnzar1745@gmail.com;502255526;Not Active;0;0
NAAN;نآن;;تخطيط مناسبات وحفلات;https://salla.sa/giftsnaan?expires=1616162835&identifier=1869565351&utm_source=dashboard&signature=5b238a404c0b4f1f2cdc69bf729a6ace5a624bd459375ab5a7c502d03cf4d5d5;https://instagram.com/na.an.16;https://twitter.com/_na_an_16;Hnony60@gmail.com;598762093;Active;0;0
mural;مورال;;أثاث وديكور;https://mural-sa.com;;;muralksa@gmail.com;548902473;Active;0;0
Black Shark Corporation for the sale and maintenan;مؤسسة القرش الاسود  لبيع الجوالات وصيانتها ;1010684148;حلول إلكترونية;https://wa.me/message/4B7ZHEGHEOWLI1;;;abadi2006a@outlook.sa;543209962;Active;0;0
Women elegance store ;متجر أناقة المرأه ;;مستلزمات المرأة;https://women-elegance.com/;;;info@women-elegance.com;570792581;Active;0;0
Zozma;زوزما;2051233096;أخرى;https://zozmastore.com/;;;zozmastore@gmail.com;583271323;Active;0;0
lmsah group;مجموعة لمسة;;حلول إلكترونية;http://lmsah.net/;;;info@lmsah.com;559151169;Active;0;0
kid vision; رؤية الطفل;2511119373;أخرى;http://kid-vision.com/;;;info@kid-vision.com;592940000;Active;0;0
falcon k r;فالكون ك ر;;مستلزمات المرأة;https://s.salla.sa/design;;;renad.markt@gmail.com;535893814;Active;0;0
nofalarts;نوفل;;تصميم وطباعة;https://nofalarts.com;https://instagram.com/nofalarts;;nofalinquiry@gmail.com;565829658;Active;0;0
Maylh;ميله;;تسويق إلكتروني;https://www.Maylh.com;https://instagram.com/maylh_ar;https://twitter.com/Maylh_ar;support@maylh.com;558552448;Active;0;0
nanosstamps;نانو ستامب;;تصميم وطباعة;https://instgram.com/nanosstamps?igshid=1bb4w9gk7p1k1;;;ziad.r71@gmail.com;539490949;Not Active;0;0
souvenir2021;سوفينير2021;;أخرى;https://salla.sa/souvenir2021.com;https://instagram.com/shop12278865;;albdrwafa@gmail.com;538790288;Active;0;0
pupg;ببجي 6766;;تسويق إلكتروني;https://t.me/adidibeixhbeicpabeb;;;ueueururu112233@gmail.com;504393505;Not Active;0;0
collectandship;كوليكت اند شيب;4030190468;أخرى;https://collectandship.com;;;support@collectandship.com;537913735;Active;0;0
Haris;حارس;4030399202;حلول إلكترونية;http://haris.sa;;;info@haris.sa;544557788;Active;0;0
Senwan Store;متجر صنوان;;أخرى;https://salla.sa/site/;;;senwan.store@gmail.com;573298688;Active;0;0
Osten Tools;اوستن;;أخرى;https://salla.sa/osten?expires=1616159854&identifier=1346838794&utm_source=dashboard&signature=6e8f8f9a8caeb3df13691952af525e6f169d8c574e08d14824a155ea3325190d;https://www.instagram.com/osten.21/;https://twitter.com/ostentools;ostentools@gmail.com;565221990;Active;0;0
tawalif altabiaea;تواليف الطبيعة ;;مستلزمات المرأة;http://tawalif-altabiaea.com/;https://instagram.com/tawalif_altabiaea?igshid=1nfupp1w8924p;;maha.bjd511@gmail.com;505488628;Active;0;0
Moviebox;موفي بوكس;;أخرى;https://salla.sa/movie_box;https://instagram.com/movie.night.s;;Movienightbox22@gmail.com;502038655;Active;0;0
Almohrah;موقع المهره;;تسويق إلكتروني;https://salla.sa/almohrh?expires=1616158240&identifier=540437512&utm_source=dashboard&signature=c277202aa8793e57a7b0bbff7618c63824ab478a15368ea2020471626120461a;https://instagram.com/almohrah_6;;Hannoo1434@hotmail.com;505553144;Active;0;0
ODDstore;اودد ستور;;إلكترونيات واكسسورات;https://oddstore4.com;https://instagram.com/oddstore4;;ODD.store4@gmail.com;504711773;Active;0;0
Loot box;صندوق الغنائم;;أخرى;https://lootboxsa.com;https://instagram.com/lootbox.sa;;loot.box15@gmail.com;542520230;Active;0;0
M97;ام ناينتي سفن ;;أخرى;https://salla.sa/m97.store.m/;https://instagram.com/m97.store.m;;m97.store.m@gmail.com;594512884;Active;0;0
ladnaest;مؤسسة لدنة ;1015110267;تسويق إلكتروني;https://salla.sa/ladna;;;ladna0552244531@gmail.com;552244531;Active;0;0
;مـتـجـر  بيع وشراء حسابات ببجي;;تسويق إلكتروني;https://t.me/xdanas;;;ff716979@gmail.com;558425782;Not Active;0;0
My Custom Craft;صناعتي المخصصة;;الحرف والصناعات اليدوية;https://www.mycustomcraft.com;;https://twitter.com/TheMCCstore;yasserzaylaey@gmail.com;536608873;Active;0;0
Al Otaibi Official Store;متجر العتيبي الرسمي ;;حلول إلكترونية;https://salla.sa/dawadmi-store;;;cv1442cv@gmail.com;570837963;Not Active;2;1
hmsahshop;متجر همسة شوب لادوات التجميل والاكسسوارات النسائيه;4031249031;مستلزمات المرأة;https://hmsahshop.com/;;;zhnak.com@gmail.com;551313073;Active;0;0
Rashfhalma;رشفة ألمع;;أخرى;https://rashfhalma.com;https://instagram.com/rashfhalma;https://twitter.com/rashfhalma;rashfhalma@gmail.com;539492001;Active;0;0
KangrStore;متجر كنغر;;أخرى;https://kangrstore.com/;https://instagram.com/kangr_s0;https://twitter.com/Kangr_S0;kangrstore@gmail.com;503062138;Active;10;2
bayt alkhalij;متجر بيت الخليج ;;تسويق إلكتروني;https://t.me/PUPG_iii8;;;amnyamny62@gmail.com;562588662;Not Active;6;6
N O S H I N; نوشين;4650223746;مستلزمات المرأة;https://noshin1.com;;;noshin.shop13@gmail.com;504592942;Active;0;0
fanar;فنار ;4039100167;تسويق إلكتروني;https://cutt.us/Opftaq;;;tdrybdwrat@gmail.com;572164080;Active;0;0
;عبق البخور أم سطام ;;مستلزمات المرأة;https://www.eabaq16.com;https://instagram.com/eabaq16;;cbb33t@gmail.com;559693189;Active;0;0
Malk Shop;متجر مللك;;أخرى;https://malk2020.com/;;;malkshop2020@gmail.com;578997860;Not Active;0;0
XTShop;متجر اكس تي شوب;;أخرى;https://xtshop.io/;https://instagram.com/xtshop.io;;o0iy@hotmail.com;507328247;Active;10;1
Besbas;بسباس;4030380617;مطبخ و مخبوزات;http://www.besbasksa.com;;;Besbasstore@gmail.com;500979813;Active;0;0
asal nahla;عسل نحلة;;أخرى;https://salla.sa/nahla77;https://instagram.com/nahla.x7;;Vxakvx@gmail.com;562099143;Not Active;0;0
ElectroSight;الكتروسايت;;إلكترونيات واكسسورات;https://electrosight.com/;;;ahmed01799@gmail.com;568595106;Active;0;0
Lush Lash;الرموش الكثيفة ;;كوافيرة و تجميل;https://salla.sa/lush_lash00;;;LU_000000@hotmail.com;590109629;Active;0;0
;العنود وسيطة مواقع;;تسويق إلكتروني;https://wa.me/message/CNDKMYUHTW5SJ1;https://instagram.com/alanoud_beautyy;https://twitter.com/alanoud_beautyy;alanoudcutess@gmail.com;500140702;Active;0;0
Switch bot;السوتش بوت;;إلكترونيات واكسسورات;https://salla.sa/switch_bot_sa?expires=1616113783&identifier=1597200930&utm_source=dashboard&signature=4b22ce8fd20a63d1624fd4be6c91440f10643a9190d4b9680062200a94f8c54e;;;sa3dode@hotmail.com;557000646;Active;0;0
Candle By Carmen;كاندل باي كارمن;;الحرف والصناعات اليدوية;https://salla.sa/candlebycarmen;https://instagram.com/candlebycarmen;https://twitter.com/CandleByCarmen;candlebycarmen@gmail.com;538690268;Active;0;0
altayf;متجر الطيف ;;أخرى;https://salla.sa/eivt0;;;taiifiib@gmail.com;503108852;Active;0;0
marish;موسسة مارش;;تسويق إلكتروني;https://salla.sa/marish.store;;;abdullahmarish16@gmail.com;569660387;Active;0;0
Electronic boxes store;"	 متجر مربعات الالكتروني";;أخرى;https://salla.sa/shopboxes;;https://twitter.com/Shopboxes;talaharbi.cc@gmail.com;535922810;Active;0;0
Spices and Aroma;سبايس اند اروما ;;مطبخ و مخبوزات;https://salla.sa/spicesaroma6;https://www.instagram.com/p/B9lR8cfpEmU/?igshid=3jy8zyl3kjkq;;Nursara900@gmail.com;567390083;Active;0;0
khaleedshop;متجر خالد للساعات والاكسسوارات;;إلكترونيات واكسسورات;https://salla.sa/khaleed.shop;https://www.instagram.com/khaleed.shop/;;khaleed.shop7@gmail.com;582840657;Active;0;0
SKIN4CARE;العنايه بالبشرة ;;مستلزمات المرأة;https://www.skin4care.sa;https://instagram.com/skin.4care;;najod.mn@gmail.com;504487823;Active;0;0
;التاج للتجارة;4030312509;تسويق إلكتروني;https://maroof.sa/addbusiness/AddBusinessWizard;;;rtog1419@hotmail.com;562664712;Not Active;0;0
Thea Outlet;ثيا اوتلت;;أخرى;https://www.TheaOutlet.com;https://instagram.com/theaoutlet;https://twitter.com/theaoutlet;theaoutlet@gmail.com;532889550;Not Active;0;0
Alarshaad Oud;الرشيد للعود;;تسويق إلكتروني;https://alrasheedoud.com/;https://instagram.com/alrasheed.oud;;Alarshaad.Oud@gmail.com;558231230;Active;10;3
Shop haven;شوب هافن;4650227436;أخرى;http://shophaven.org/;;;Mt1510318@lmc.edu.sa;544030987;Active;0;0
a store11;متجر اكتروني متكامل;;تسويق إلكتروني;https://salla.sa/cieodpubg;;;mhfwz419@gmail.com;554538582;Active;0;0
shomul lighting;شمول الاضاءة;4030366716;تسويق إلكتروني;https://shomul.com;;;shomul.lighting@gmail.com;555088218;Active;0;0
tmrtna;تمرتنا;4650229003;أخرى;https://tmrtna.com;;;med.tmor@gmail.com;570826435;Active;0;0
;بصمات العود;;تسويق إلكتروني;https://cutt.us/YZEJr;https://instagram.com/basamat_oud;https://twitter.com/basamat_oud;basamat.oud@gmail.com;553256513;Active;0;0
Stars glow establishment for cosmotics;وهج النجوم لمستحضرات التجميل;;مستلزمات المرأة;https://naturalglowsa.com;;;aalsharif@naturalglowsa.com;558591170;Active;0;0
PUBG Accounts Store  M S;متجر  ام اس;;تسويق إلكتروني;https://t.me/MS11011;;;maaged1010@gmail.com;563220357;Active;8.7;14
al khayal alnajdi;الخيال النجدي;1010694354;أخرى;https://najdishoe.com/;;;abdullah_w_b@hotmail.com;593115454;Active;0;0
Perfumes razen;عطور رزين ;;أخرى;https://rezen-sa.com/;https://instagram.com/razen_pp;;RZIN_PP@outlook.sa;500418281;Active;0;0
 Freedom from smoking;الحرية من التدخين;;أخرى;https://www.ffsmoking.com/;https://instagram.com/freedomsmoking;https://twitter.com/freedom_smoking;freedom.f.smoking@gmail.com;567466858;Active;0;0
salwa beauty;متجر سلوى بيوتي;4030230285;أخرى;https://salla.sa/salwabeauty;https://instagram.com/sal_wabeauty;;Flower_19.2011@hotmail.com;582363432;Active;10;1
SAYCHEESE;ساي تشيز;2052102189;أخرى;https://saycheese.co/;;;help@saycheese.co;501976007;Active;0;0
raedfawaz;متجر العدالة للشحن;;تسويق إلكتروني;https://t.me/justice966;;;a7la_dmoo3_2009@hotmail.com;504628438;Active;2;1
royal cigars;رويال سيجار ;;أخرى;https://salla.sa/royalcigars.ksa;https://instagram.com/royalcigars.ksa;;royalcigars.ksa@gmail.com;559780655;Active;10;3
LINEN EST;كتان للأثاث;1010676615;أثاث وديكور;https://linenest.net/;https://instagram.com/linenest7;;sales@linenest.net;565732050;Active;0;0
Gulf shop1;متجر الخليج لببجي;;أخرى;https://t.me/qp950;;;aa05faroq@gmail.com;595825159;Not Active;0;0
Jewelry ;متجر ش ;;مستلزمات المرأة;http://zid.store/shcapricorn/;;;Shoug2310@hotmail.com;507819572;Active;0;0
Cwar;سيوار ;;مستلزمات المرأة;https://salla.sa/cwar_sa;;;Altamimi71x@gmail.com;536644611;Not Active;0;0
Eiffel;ايفل;;إلكترونيات واكسسورات;https://eiffel1.com;;;naif.951@outlook.sa;596380809;Active;0;0
;متجر سبتمبر ;;أخرى;https://salla.sa/bushelstore?expires=1616077414&identifier=1606457951&utm_source=dashboard&signature=77bfe0b1e53eb81b91f12d8e9131a1ed2de076e5176aa427b12b31572e78b9c7;;;A7lamalz@gmail.com;552886738;Active;0;0
mirai alteeb;ميراي الطيب;;تسويق إلكتروني;https://mirai-alteeb.com;;;mIraitayeb990@gmail.com;504166475;Active;0;0
Rashat Rnod ;رشة رنود ;;مستلزمات المرأة;https://salla.sa/rashat_rnod;;;mzn_n11@hotmail.com;504810273;Not Active;0;0
DARKLE;داركل;;إلكترونيات واكسسورات;https://salla.sa/darkle.sa;https://instagram.com/darkle.sa;;Darkle.sa1@gmail.com;532981263;Active;0;0
lugtah;مؤسسة لقطة للتجارة;;أخرى;https://salla.sa/lugtah?expires=1616072442&identifier=1119930856&utm_source=dashboard&signature=5b8795b3c8467a073e763ecedd8d86019e4729526197abf5151ca9a6df161d9f;;;haya-m-s@hotmail.com;555959417;Active;0;0
habat aloud;هبة العود;;تسويق إلكتروني;https://habataloud.com/;https://instagram.com/habat_aloud?utm_source=ig_profile_share&igshid=1bm096euds1dl;;habat_aloud@hotmail.com;597254884;Active;0;0
Komash;قماش للأزياء;;أخرى;https://salla.sa/komash;https://instagram.com/komash_sa;;Komash.sa@gmail.com;546802878;Active;0;0
frame art;إطار للمنتجات الرقمية;;أخرى;https://salla.sa/framesa;https://instagram.com/frameart_sa;https://twitter.com/frameart_sa;muhraallii@gmail.com;582688618;Active;0;0
SHOEMES;شومس;4031065319;تسويق إلكتروني;https://shoemes.com;https://instagram.com/shoemes.sa;https://twitter.com/shoemes;it@lorent.sa;557936955;Active;0;0
secav;مؤسسة سكاف للتجارة;1010693554;أخرى;https://secavofficial.com;;;omaryo.altamimi@gmail.com;583312366;Active;0;0
Vape Club;نادي التدخين الالكتروني;;إلكترونيات واكسسورات;https://salla.sa/svc;;;h-nassar@hotmail.com;503457173;Active;0;0
Sutumatic ERP System;نظام صتماتيك المحاسبي السحابي;4030142796;أخرى;https://www.sutumatic.com/sutumatic;;;info@sutumatic.com;501996999;Active;0;0
saud morazg ali helbani;سعود مرزق علي الهلباني;;تسويق إلكتروني;https://twitter.com/Back4accounts;;https://twitter.com/Back4accounts;saud22-saud22@hotmail.com;508160788;Active;0;0
aleasl almumiz;العسل المميز;;تسويق إلكتروني;https://salla.sa/aleasl_almumiz;;;mmzzccbb67@gmail.com;535939394;Not Active;0;0
UM;يو ام لصيانة الاجهزة الذكية;4030591524;إلكترونيات واكسسورات;https://um-sa.com/;https://instagram.com/um_service;https://twitter.com/um_service;info@um-sa.com;509055330;Active;2;2
elegant suite;الأجنحة الأنيقة ;4030357316;أخرى;https://elegant-suits.com/shop;;;tayeb_f55@hotmail.com;505514423;Active;0;0
Earth shoe;ارض الحذاء;;أخرى;https://salla.sa/earth_shoe.sa/;https://instagram.com/earth_shoe.sa;;earth.shoe.sa@outlook.com;538013011;Active;0;0
saraya businiss est;سرايا الأعمال للتجارة;4030401550;أخرى;https://sarayabusiness.com/shop;;;tayeb_f55@hotmail.com;505514423;Active;0;0
Abdulaziz Alshehru;عبدالعزيز الشهري;;تسويق إلكتروني;http://athingtobuy.com;;;az0o0.ksa20@gmail.com;592000903;Active;0;0
Rabaite store;متجر رابيت ;;الحرف والصناعات اليدوية;https://salla.sa/rabaite;https://instagram.com/rabaite;;Rabaite@gmail.com;596998189;Not Active;0;0
Speical number;مؤسسة رقم خاص التجارية;2055103839;إلكترونيات واكسسورات;https://www.sn.sa;;;bxl.fr.ee@gmail.com;570450450;Active;0;0
LA LEEM;لا ليم;4030268280;تسويق إلكتروني;https://www.laleemstore.com;https://instagram.com/laleemstore;;laleem@idpfactory.com;567100430;Active;0;0
Active Pro;اكتيف برو;;تسويق إلكتروني;https://salla.sa/mfateh?expires=1616060076&identifier=1014617314&utm_source=dashboard&signature=036f5a0dc44c9e8ec7e35dc4efc96f48c19564b6abf6bfc19d6f94fcd0a10445;;;AHMED.M.Q@outlook.com;507830928;Active;0;0
;وسيط تسوق إلكتروني من المتاجر الامريكيه;;حلول إلكترونية;https://maroof.sa;;;Alromnsy8@gmail.com;581299299;Not Active;0;0
300 Flowers;٣٠٠ فلاورز;;أخرى;https://300flowers.com;;;f300owers@gmail.com;502120869;Active;0;0
katrev;كاتريف;;تصميم وطباعة;https://salla.sa/katrevdesign;https://www.instagram.com/KATRev_design/;;kattrev2@gmail.com;551465216;Not Active;0;0
Ship2;شيب2;1010693244;تسويق إلكتروني;Https://Www.ship2.sa;;;Assd07@hotmail.com;555886145;Active;0;0
medquran;متجر المدينة المنورة للمصحف الشريف ;2050134734;أخرى;https://www.medquran.com;;;customer@medquran.com;550221456;Not Active;0;0
Nafha Store;متجر نفحة;;أخرى;https://salla.sa/nafha.store;https://instagram.com/nafhaa.store;;nafha.store.sa@gmail.com;596337784;Active;0;0
Alem Coaching;عالم كوتشنج;;تسويق إلكتروني;https://m.facebook.com/hani.alem;;;coachingalem5@gmail.com;558581277;Active;0;0
;حنفية للأدوات الصحية ;1010251492;أخرى;https://hnafeh.sa/;https://instagram.com/hnafeh_store;https://twitter.com/Hnafeh_store;ecare@hnafeh.sa;539541144;Active;0;0
Alem Marketing;عالم التسويق;;تسويق إلكتروني;https://m.facebook.com/hani.alem;;;hani_alem@hotmail.com;558581277;Active;0;0
Electronic business ;التجارة الاكترونيه ;;تسويق إلكتروني;https://eightiesstores.com/?expires=1616055367&identifier=818679797&utm_source=dashboard&signature=3cf75f4ce163e9a511d3af995b94226e4e40a338e57d986204687defd5c89af9;;;eightiesstores@gamil.com;553493862;Active;0;0
Roseyar;روزيار;4032236847;أخرى;Https://roseyar.com;;;info@roseyar.com;502233270;Active;0;0
ALThiqah Store;الثقة ستور;;أخرى;https://maroof.sa/109281;https://instagram.com/_thiqah_;https://twitter.com/_ThiQah_;megansandvill@gmail.com;570977423;Not Active;0;0
ATLLUB STORE;متجـــر أطلب;;تسويق إلكتروني;https://atllub.com/;;;atllubstore@gmail.com;581889919;Active;0;0
TEA YARA;تي يارا;1010652315;تسويق إلكتروني;https://wwwyara.net;;;teayaraest@gmail.com;556373737;Active;0;0
Wameedh Candles ;وميض للشموع;4031248216;الحرف والصناعات اليدوية;https://zid.store/twinklecandle;;;Wwaammeeddhh@hotmail.com;508009418;Active;0;0
Mullsaqat;متجر ملصقات;;تصميم وطباعة;https://mullsaqat.com/;https://instagram.com/mullsaqat;https://twitter.com/mullsaqat;mullsaqat@hotmail.com;541741738;Active;0;0
lookgoood;يبدو  جيدا;;أخرى;https://lookgoood.com/;;;omarmadani101@gmail.com;541705055;Active;0;0
Lavendr;لافندررر;;أخرى;https://salla.sa/lavendr;;;LU_000000@hotmail.com;590109629;Active;0;0
tables tech;متجر جداول تقنية ;;إلكترونيات واكسسورات;https://tablestech.com;;;cool@tablestech.com;561382618;Active;0;0
Wahi Nature;وحي الطبيعة ;;أخرى;https://salla.sa/electronic_auction;;;nawwaf269@gmail.com;546564219;Not Active;0;0
Dheim store for iTunes and Playstation cards;متجر دحيم للبطاقات الايتونز وبلاي ستيشن;;تسويق إلكتروني;https://salla.sa/dhom_store;https://instagram.com/h.88u;;aab.w.78u@gmail.com;550499266;Not Active;0;0
Carla;كارلا;;حلول إلكترونية;https://salla.sa/carla;;;reemdahlan.2001@gmail.com;538588244;Not Active;0;0
Tamr cartoon ;كرتون تمر;;أخرى;https://salla.sa/tamr_cartoon;;;Hdoo7081@gmail.com;594510133;Active;0;0
 5D FURNITURE EST;مؤسسة البعد الخامس للأثاث;4030410696;أثاث وديكور;https://salla.sa/furniture-5dhome;;;naifalharthi388@gmail.com;509300388;Active;0;0
Tarfahh;طرفه للبخور والمرشات;;أخرى;https://iwtsp.com/966559022348;https://instagram.com/tarfah_b;;Tarfahh0@gmail.com;559022348;Active;0;0
;متجر عجآج لـ إنجاز الكوماندو وإنجازات السولو;;أخرى;https://t.me/Ajaj_Media2;;;rwaijo-2017@outlook.sa;557731535;Not Active;0;0
Future Media  for Trading;مؤسسة مستقبل الوسائط للتجارة;1010167819;إلكترونيات واكسسورات;https://www.futuremedia-sa.com;;;sales@futuremedia-sa.com;503303627;Active;0;0
Teddy bear store ;متجر تيدي بير;;أثاث وديكور;https://salla.sa/teddy_bear;;;Hindiboo@hotmail.com;552493827;Active;0;0
;متجر لبيع الأواني المنزلية والتحف وأكواب القهوة;;تسويق إلكتروني;http://salla.sa/meem12;https://instagram.com/miad.1i;;ms.miad121@gmail.com;503176994;Active;0;0
Qennina ;قنينة القهوة;;أخرى;https://salla.sa/qennina?expires=1616022654&identifier=1397560115&utm_source=dashboard&signature=560e4c22f7dcb606cf81dc75171cdd6982779b57e7c2fcc5324abf29063511f2;;;asq.000@outlook.sa;597700678;Active;0;0
Quite store;متجر كوايت;;إلكترونيات واكسسورات;https://salla.sa/quiet?expires=1616021059&identifier=722707000&utm_source=dashboard&signature=bfcb47a9e1be2e92c29084cf8bb7e839be570ff98a543b2032a3630dc1a89885&_gl=1*1u2tqy6*_gcl_aw*R0NMLjE2MTM2OTAzNTcuQ2owS0NRaUF2YmlCQmhELUFSSXNBR000OGJ6eU5pSVdxZW8xU1VjM3RHdDd5QW5Nd1IyYVFqX3dVdEtUeTZVSjh4OVUtV2xMaGd2d2NMTWFBbWFIRUFMd193Y0I.;https://instagram.com/quite.stor;https://twitter.com/quitestor;hadi789m@gmail.com;550955711;Active;0;0
Alblwi Furniture;مفروشات البلوي ;1010515913;أثاث وديكور;https://alblwifurniturestore.business.site/;;;trade111ksa@hotmail.com;500011722;Active;0;0
M5tar;مختار ;;إلكترونيات واكسسورات;https://m5tarr.com/;https://instagram.com/m5tar33;https://twitter.com/m5tar33;M5tarr33r@gamil.com;536363676;Active;0;0
Ad3mnii;ادعمني;;تسويق إلكتروني;https://www.ad3mnii.com;;;Abdulaziznk@outlook.com;557436634;Not Active;0;0
the independent;المستقل للعطور;3350152679;أخرى;https://theind7.com/;;;theind2021@gmail.com;500583375;Active;0;0
;اركان مختلفه;4650226806;تسويق إلكتروني;https://mapp.sa/rkun;;;Azoz0532900@gmail.com;532900850;Active;0;0
 Solo;سسولو ;;تسويق إلكتروني;https://t.me/iisolo;;;Almalki221417@gmail.com;542098875;Active;0;0
;ديزاين منار;;تصميم وطباعة;https://salla.sa/desima;;;abdhalmalki0@gmail.com;531248480;Active;0;0
Roaya for academic services;رؤيا للخدمات الأكاديمية;;خدمات أكاديمية;https://www.roaya.academy;https://instagram.com/roaya.academic;;rbatobarah@hotmail.com;561555880;Active;0;0
 Trust Company for Trade;شركه ثقه الابداع للتجارة ;;السيارات;https://rasmialrashidi.com;;;admin@rasmialrashidi.com;507855519;Active;0;0
alarj altayib;الارج للطيب;;أخرى;https://salla.sa/site/;;;sssmmm100@gmail.com;551516793;Active;0;0
aqadak;عقدك;;حلول إلكترونية;http://aqadak.com/;;;admin@turkialqahtani.com;551199733;Active;10;1
The best deals;افضل الصفقات;;إلكترونيات واكسسورات;https://salla.sa/best0deals;;;bestdeals1442@gmail.com;502086521;Active;0;0
Style Center 1;ستايل سنتر ;4030405638;تسويق إلكتروني;https://shopping-center-26523.business.site/?m=true;;;stylecenter@gmail.com;506070292;Active;0;0
;منارات العود;1010687289;أخرى;https://zid.store/manarataloud/;https://instagram.com/manarat.aloud;https://twitter.com/manarat_aloud;manarat.aloud@gmail.com;504277646;Active;0;0
;خالد سبع;;أخرى;https://salla.sa/shopin.cart;https://instagram.com/sv.cart;;almzaayyn1995@hotmail.com;559307930;Active;0;0
NAKHAT ALYASMEEN;نكهة الياسمين;1128185215;تسويق إلكتروني;https://yasmineflavor.com/;;;alyasmen.0989@gmail.com;553770989;Active;0;0
Velvet Girl Cosmetic;فلفت قيرل كوزمتك;;مستلزمات المرأة;https://salla.sa/dkhoonoud;https://instagram.com/velvet_girll_;;Light2moon98@gmail.com;548047021;Active;10;1
Meral;ماراال;;أخرى;http://zid.store/maral;;;Dhari.alshreem@gmail.com;557031006;Active;0;0
Helme;حلمي دوت مي ;;تسويق إلكتروني;https://helme.me/ar/;;;Ahlame74@gmail.com;598410767;Active;0;0
  Personal Consultancy;استشارات شخصية;4030265896;أخرى;http://bsco.sa//;;;allforms2020@gmail.com;598132510;Active;0;0
;بهارات ناطع;;مطبخ و مخبوزات;https://salla.sa/nattea;;;salman_alajmi@icloud.com;580282581;Active;0;0
18-يونيو;18-يونيو;;تسويق إلكتروني;https://jun18.shop;;;rrh_52@hotmail.com;563752901;Active;0;0
AL AM;العمل الرئيس ;;تسويق إلكتروني;https://wwwmaroof.sa;;;it201010@yahoo.com;500315326;Active;0;0
Kitchen Zone;كتشن زون;2053103455;أخرى;https://1zonesa.com;https://instagram.com/zonesa;;kitchenzone63@gmail.com;576722150;Active;0;0
saffron Gold;ذهب الزعفران;;أخرى;https://salla.sa/saffrongold1;https://instagram.com/_ui10;;mm1420mm2011mm@hotmail.com;580608359;Active;0;0
TARAF Trading Est;مؤسسة ترف للتجارة ;1135101400;كوافيرة و تجميل;https://taraf-pure.com/;https://instagram.com/taraf.pure;https://twitter.com/TarafPure;taraf.pure100@gmail.com;557072200;Active;0;0
Al Khibra Corporation for Air Conditioning and Ref;مؤسسة الخبره للتكييف والتبريد;2055129143;أخرى;https://alkhibr.com/;;;alkhibr@gmail.com;595832555;Active;0;0
Smari Studio ;سماري ستديو;1010695199;مستلزمات المرأة;https://smaristudio.com/;;;alsmaria1994@gmail.com;555265575;Active;0;0
keeera;موقع كراء;;حلول إلكترونية;https://keeera.com;https://instagram.com/keeera__site;https://twitter.com/KeeeraS;mortada.bhr@gmail.com;567773832;Active;0;0
Dalaa store;ستور دلع;4604109008;تسويق إلكتروني;https://salla.sa/dalaastore;;;Zekrahshoaibi@gmail.com;550334603;Active;0;0
sheeera;موقع شراء;;حلول إلكترونية;https://sheeera.com;https://instagram.com/sheeera__site;https://twitter.com/SSheeera;mortada.bhr@gmail.com;567773832;Active;0;0
lotus resin ;لوتس;;الحرف والصناعات اليدوية;https://salla.sa/lotus.resinart/;;;lotusresin26@gmail.com;566320218;Active;0;0
Sendan App for maintenance;تطبيق سندان للصيانة ;1010256489;أخرى;https://sendantech.com/app/;;;info@sendantech.com;533552201;Active;0;0
Lavender Nurseries;مشاتل لافندر;2062618174;أخرى;https://zid.store/lavendernew;https://instagram.com/lavender.new;;lavenderdmm@gmail.com;550126222;Active;0;0
Bein fashion;بي ان فاشن ;;مستلزمات المرأة;https://salla.sa/beinfashion0;https://instagram.com/bein_fashion0;;Be.in324@gmail.com;543307559;Active;0;0
Farah bit;قطعة فرح;;الحرف والصناعات اليدوية;https://farahbit.com;https://instagram.com/farah.bit;;itariq909@gmail.com;554339309;Active;0;0
MEM R;متجر ميم ار;;مستلزمات المرأة;https://memr1414.com;https://instagram.com/mr_accessories0;https://twitter.com/mr_accessories0;mem.4.14@hotmail.com;547414219;Active;0;0
Coffeebyhan;كوفي باي هان;;أخرى;https://salla.sa/coffeebyhan;https://instagram.com/coffeebyhan;;Coffeebyhan@gmail.com;532827019;Active;0;0
Khayrat albalad;متجر خيرات البلد;;أخرى;https://khayrat-albalad.com;;;Mhkoor1@gmail.com;533322090;Active;0;0
GOLDENROSESA1;جولدن روز;1010499523;مستلزمات المرأة;https://goldenrose-sa.com/;https://instagram.com/goldenrose.sa1;https://twitter.com/GoldenRosesa1;goldenrose.sa1@gmail.com;500516260;Active;10;1
Mawahb; مواهب;;أخرى;https://salla.sa/mawabvipp;;;mawahbvvip@outlook.com;501922090;Active;0;0
Ladin;لادين;;مستلزمات المرأة;https://ladin.com.sa;;;Olawi_alharbi2000@hotmail.com;509812705;Not Active;0;0
ABORAKAN DATES;تمور وشعبيات أبو راكان;;تسويق إلكتروني;https://aborakan.shop;;;aborakan.dates@gmail.com;541295810;Active;0;0
ARWAA ALDUKHOUN TRADE ;مؤسسه اروع الدخون للتجارة;1010364342;أخرى;https://arwaaperf.com/;;;info@arwaa.com;554040472;Active;0;0
RoaaMart;سوق رؤى;;مستلزمات المرأة;Https://roaamart.com;;;Roaamart@gmail.com;566120217;Active;0;0
Amirachocolate;أميرة شوكولاتة;;مطبخ و مخبوزات;https://salla.sa/amirachocolate;https://instagram.com/amira_chocolate;;ftom_h@hotmail.com;558530673;Active;0;0
;متجر وقرطاسية فيولا;;تصميم وطباعة;https://salla.sa/viola3?expires=1615991587&identifier=501673049&utm_source=dashboard&signature=5983ec3a83ca5778fc795131bef1af05a41894f9353a5183672b92bd9540dfb3;https://instagram.com/_viola3;;ba5005@outlook.com;503462841;Active;10;2
Shop eleven fifty five;متجر إلآفين ففتي فايف;;أخرى;https://salla.sa/15nf;https://instagram.com/n1155k;;xxnawafxx476@gmail.com;546346105;Active;0;0
alsheuokh; الشيوخ ;4030159455;أخرى;https://alsheoukh.com;;;leedo.m266n@gmail.com;530809973;Active;10;2
kuzama kitchen;خزامى كتشن ;1010394483;مطبخ و مخبوزات;https://kuzamakitchen.my.taker.io;;;m.assaf@kuzama.co;501264102;Active;10;2
Distinguished Crop Foundation;مؤسسة محصول مميز;1010645537;أخرى;https://distcrop.com/;https://instagram.com/distcrop;;aaldgelbe@gmail.com;569810920;Active;0;0
anady;أنادي للعطور والبخور;;أخرى;http://anadyoud.com/;https://instagram.com/anadyoud;https://twitter.com/anadyoud;anadyoud@gmail.com;550119195;Active;0;0
baeuty scent;بيوتي سنت ;;مستلزمات المرأة;https://baeutyscent.com/;https://instagram.com/baeutyscent;;baeutyscent@gmail.com;500830108;Active;0;0
rosy;روزي للجمال;;مستلزمات المرأة;https://salla.sa/rosy.sa;;;ft0_@hotmail.com;503737841;Not Active;0;0
lenz;لينز;1010932210;تسويق إلكتروني;https://lenz.com.sa/;;;abdulrahman@rond.com.sa;592861025;Active;0;0
PromoWeddings;برومو ويدنق;1010641973;تصوير;https://promoweddings.com/;https://instagram.com/promoweddings;;info@promoweddings.com;540080565;Active;10;1
Rubystore;متجر  روبي;1010421211;تسويق إلكتروني;https://rubystore.me;https://instagram.com/rubystore_me;;care@rubystore.me;559607695;Active;10;3
litany;ليتني;;مستلزمات المرأة;https://litanyperfume.com/;https://instagram.com/litanyperfume;;litanyperfume@gmail.com;594904600;Active;0;0
Sinbad;متجر سنباد ;1010689231;إلكترونيات واكسسورات;https://sinbad-sa.com;;;Mohammedeid810@gmail.com;540366101;Active;0;0
AbeerAlonzy;عبيرالعنزي;;تصميم وطباعة;https://wa.me/message/QDO2GOREUP6AP1;;;mooooge@gmail.com;596465148;Active;0;0
Albandr;بندر;;تسويق إلكتروني;https://wa.me/966554938688;https://instagram.com/albandr01;;Newaccalshibani@icloud.com;554938688;Active;0;0
;متجر زروع;1012102275;أخرى;https://zuruostore.com/;;;contact@zuruostore.com;550531350;Active;0;0
mtgr olhan;متجر ولهان الاكتروني;;أخرى;https://salla.sa/olhan1;https://instagram.com/olh2n_store;;mtgr.olhan@gmail.com;578574006;Not Active;0;0
runin sports ;رنين للرياضة ;2050106240;أخرى;https://www.runinsports.com;;;orders@runin.sa;500227058;Active;10;1
Housing Solutions;الحلول السكنية;4030366875;العقارات;https://skania.sa;;;Badr@aljifri.biz;568888210;Active;0;0
khedmadkm;خدمة في الخدمة;;حلول إلكترونية;https://iwtsp.com/966534883121;;;nedalshdokhi@gmail.com;534883121;Active;0;0
Ballonah;بلونة;;أخرى;Https://www.ballonah.com;https://instagram.com/ballonah.store;;Ballonh.store@gmail.com;559235617;Active;0;0
The luxury watch ;ساعات فاخره;;إلكترونيات واكسسورات;https://salla.sa/the_luxur_hour_2020;;;theluxuryhour2020@gmail.com;552520427;Not Active;0;0
Alrawieh;الراوية;;مطبخ و مخبوزات;https://salla.sa/alrawieh;https://instagram.com/alrawieh;;alrawieih@gmail.com;542480993;Active;0;0
perfume purity;نقوة عطر;1010688466;أخرى;https://salla.sa/perfume_purity;;;perfume_purity@outlook.sa;557141471;Active;0;0
Moms gift;هدية الأم;;مستلزمات المرأة;https://www.salla.as/momsgift;;;momsgift.sa@gmail.com;541078019;Active;0;0
Dealer Website;مؤسسة تاجر الموقع التجارية;4031248384;تسويق إلكتروني;https://bazarksa.com/;;;itctaha@gmail.com;555547207;Active;0;0
coffee click;كوفي كليك;;أخرى;https://sa.coffeeclick.net/;https://www.instagram.com/coffeeclick_/;;nadomair@gmail.com;540829542;Active;0;0
commander;كوماندر;1010246124;أخرى;https://commanders.shop/;;;commander.01K@gmail.com;546093351;Active;0;0
opticea store;متجر اوبتيكا;1010675614;إلكترونيات واكسسورات;https://opticae.org/;;https://twitter.com/opticaeorg;info@opticae.org;506241995;Active;0;0
house of millet factory ;مصنع بيت الدخن للحلويات ;4030269102;مطبخ و مخبوزات;https://houseofmillet.com/;;;houseofmillet@gmail.com;564408288;Active;0;0
Hamad Salem ofaish Alyami;حمد سالم عفيش اليامي;2052102853;تسويق إلكتروني;https://ofaish-trading.com/;;https://twitter.com/gorbah1231;gm@ofaishtrading.com;580373737;Active;0;0
Wedding coordination;تنسيق الأفراح;;تسويق إلكتروني;https://www.facebook.com/maghd.maghd;;;frfeed@gmail.com;550103847;Active;0;0
jkhsfh;مومسم;4031248217;مستلزمات المرأة;https://lucyet.com;;;Lucystore0@gmail.com;561635450;Not Active;0;0
THMAR ALBR;ثمار البر;;أخرى;https://zid.store/thmar-albr/;;;thmar.albr@gmail.com;540341199;Active;0;0
Belen Perfumes;عطور بيلين;;أخرى;https://belenksa.com/;;;belen.perfume@gmail.com;570504477;Active;0;0
sarkr77;ساركر;;تسويق إلكتروني;https://beta.haraj.com.sa/users/sark.505;;;modng77@gmail.com;551408798;Not Active;0;0
EXTRO STORE;متجر الإستثنائي ;;أخرى;https://salla.sa/extro;;;eng.alshammari.moh@gmail.com;554772377;Active;0;0
The efficiency of excellence for electronic servic;كفائة التميز  للخدمات الالكترونية;;أخرى;https://salla.sa/theart1.com;;;saqour25@gmail.com;554231800;Not Active;0;0
Universal London;يونيفرسال لندن للتدريب والاستشارات;;خدمات أكاديمية;http://www.universalondon.com;;;info@universalondon.com;567379322;Active;0;0
AshaGolden;آشا الذهبية ;1010681782;أخرى;https://salla.sa/ashagold;;;alaoy201070@gmail.com;539411444;Active;0;0
mashabeauty;ماشاء بيوتي;1010519455;مستلزمات المرأة;https://mashabeauty.com/;;;mashabeautyar@gmail.com;534134352;Active;0;0
Cup and more shop;كوب و اكثر ;;تسويق إلكتروني;https://salla.sa/cup_andmore;;;Rawan_2010_r@hotmail.com;569957520;Active;0;0
v3nm store;متجر فينوم الالكتروني;;حلول إلكترونية;https://v3nm.store;;https://twitter.com/v3nmstore;v3nmstore@gmail.com;533264942;Active;10;6
ABbest;أب أفضل;;مطبخ و مخبوزات;https://www.maroof.as/;;;bdoo.1111@hotmail.com;530201454;Active;0;0
AlOtaibi;العتيبي;;تسويق إلكتروني;https://salla.sa/THF;;;thamer.9090@icloud.com;553504224;Active;0;0
The story of quality EST;مؤسسة حكاية جودة;2050136883;أخرى;https://salla.sa/zum;;https://twitter.com/Zum_Ksa;zum.ksa@gmail.com;558999079;Active;0;0
abolaban;ابولبن للاتصالات;4031072241;إلكترونيات واكسسورات;https://abolaban.com/;;;abolaban1410@hotmail.com;505523332;Active;0;0
Not Boring Anymore;ليس ممل بعد الآن;;الحرف والصناعات اليدوية;https://notboringanymore.com/;;https://twitter.com/NtBoringAnymore;ukclan6@gmail.com;558005358;Active;0;0
;أنفاس الورد للبخور;;أخرى;https://s.salla.sa/profile;;;nonshh33@gmail.com;548009840;Active;0;0
justk;متجر خ فقط;;أخرى;https://justk96.com/;;;justkn96s@gmail.com;577664405;Active;0;0
Bareq store;بارق ستور;;تصميم وطباعة;https://bareq-store.com/;;;Bareq.store1@gmail.com;541422964;Active;0;0
Shopping Assistant;مساعد تسوق;;تسويق إلكتروني;https://sa.iherb.com/;https://instagram.com/teafiherp?igshid=17jhtrkxofc6q;;teafdeeb@gmail.com;500711468;Active;0;0
ALDORGAM OUD;الضرغام للعود;;كوافيرة و تجميل;http://zid.store/aldorgam-uod/;;;3adel502@gmail.com;544013866;Active;10;2
A pen for you;قلم لأجلك;;حلول إلكترونية;https://salla.sa/penforyou;;;pin363370@gmail.com;556936884;Active;0;0
HAF;هاف;;مستلزمات المرأة;https://www.maroof.com;;;Hayfa_1415@hotmail.com;531836322;Active;0;0
aistshwar; استشوار;;مستلزمات المرأة;https://aistishwar.com;;;aistshwar@hotmail.com;502012174;Active;0;0
Sim store ; سيم ستور ;4030393543;أخرى;https://simstore1.com/;;;alooshkau@gmail.com;550667559;Active;0;0
Tsawag; تسوق;4030410585;تسويق إلكتروني;https://www.tsawag.com;;https://twitter.com/tsawagofficial;tsawagofficial@gmail.com;541115770;Active;0;0
Truckgames;شاحنة ألعاب;;أخرى;https://truckgames2030.com;;;gamesf2030@gmail.com;504176641;Active;0;0
Bouqz197;بوقز197;;أخرى;https://salla.sa/bouqz197;;;Sultanlils269@gmail.com;561409392;Active;0;0
Helman Perfumes Foundation;مؤسسة هلمان للعطور;;أخرى;https://salla.sa/helman?expires=1615908180&identifier=72447217&utm_source=dashboard&signature=3804892caec875d16e414d3bb6d75ce161066ffb940d80947cc5805c41e1b588;;;Helman.pe@gmail.com;533547112;Active;0;0
Rashid for applications and online stores;راشد للتطبيقات والمتاجر الالكترونيه ;;أخرى;https://iwtsp.com/966547818582;;;Rashed550011a@gmail.com;547818582;Active;0;0
Coffee of the king of sheikhs coffee;قهوة ملك شيوخ القهوة;1010566398;أخرى;https://salla.sa/coffee.2;;;aqopma@gmail.com;533041202;Active;0;0
Era of progress foundation;مؤسسة عهد التقدم ;;أخرى;https://t.me/joinchat/T6KIJwgr42WkygvJ;https://www.instagram.com/ahadaltqdum/;https://twitter.com/3hd_2030;ahdaltqdum@gmail.com;561041120;Active;0;0
Azka Aloud;أزكى العود;;أخرى;https://salla.sa/azka1aloud;;;mmam1421@hotmail.com;503592510;Active;0;0
Afshstore;عفش;2053118131;أخرى;https://afshstore.com/?expires=1615934368&identifier=1938758488&utm_source=dashboard&signature=fc7c55fddfec7d098d7e02e2cb282a85ed7d9e9939d6f16adbecd638deccbfd3;;;Afshstore@gmail.com;566544780;Active;0;0
TheElegantCar;متجر اناقة السيارة;;السيارات;https://theelegantcar.com;;;c.elegancecar@gmail.com;541479967;Active;0;0
mshtly;متجر مشتلي;1010651439;أخرى;https://mshtly.com;;;contact@mshtly.com;543761402;Active;0;0
fashionsalve;موضة سلفي;4650229156;تسويق إلكتروني;https://www.fashionsalve.com/;https://instagram.com/fasion.salve1;;fashion.team@fashionsalve.com;552639926;Active;0;0
Alfareed for oud;الفريد للعود;1010648080;أخرى;https://www.alfareedforoud.com;;;alfareed4oud@gmail.com;553084460;Active;0;0
;مؤسسة ندى عبدالله سعيد باداود للتجارة;4030369048;تسويق إلكتروني;http://www.talyahroseksa.com;;;t_badawood@hotmail.com;566585880;Active;0;0
C4STORE;سي فور ستور;;إلكترونيات واكسسورات;https://salla.sa/c.4;;;zh7388@gmail.com;530208045;Active;0;0
If one; اف ون;;إلكترونيات واكسسورات;https://haraj.com.sa/users/abdalazizez/rate;;;z.alrashed9@gmail.com;570101757;Active;10;1
Golden shop for shipping formations;متجر الذهبي لشحن شدات;;أخرى;https://t.me/Goldenshop44;;;shares.haqwi@gmail.com;551122874;Active;10;2
Arabesque;عرب إسك ;;تصميم وطباعة;https://salla.sa/arab.esque?expires=1615907759&identifier=2059661905&utm_source=dashboard&signature=dfd17671db9c1428225503a49e76dc2328b48d3e8b4ac2397ffa217d8baf6ae2;;;reemaalqurashi@gmail.com;544929904;Active;0;0
Mademoiselle;مدموزيل;;كوافيرة و تجميل;https://salla.sa/mademoiselle.osa;;;Mademoiselle.osa@hotmail.com;553546488;Active;0;0
FOREVER4;فوريفر٤;;تسويق إلكتروني;https://t.me/saadtuuul;;;makig2211@gmail.com;562351272;Active;10;1
Chubbybunny Store;الارنب الدب;;أخرى;https://itschubbybunny.com/?page=2;;;Itschubbybunnyy@gmail.com;502018347;Active;0;0
F and K Store;متجر اف آند كي للأزياء;;مستلزمات المرأة;https://salla.sa/fandkstore;;;ali-moha2018@outlook.sa;553677419;Active;0;0
BellevueHub;بيلفيو هاب;;تسويق إلكتروني;https://bellevuehub.com/;;;bellevuehubs@gmail.com;572724090;Not Active;0;0
Ali hadadi008;علي حدادي للعقارات;1010627460;العقارات;Https://www.alibenhamad.com;;;allawee.000099@gmail.com;500636053;Active;0;0
Falsfat alteeb;فلسفة الطيب;1128185465;أخرى;https://www.fsalteeb.com;;;Falsfatalteeb@gmail.com;557788445;Active;2;3
JOYiN;جوي ان;1010677293;تخطيط مناسبات وحفلات;https://elite-horizon.net/;;;H.alomari@Elite-Horizon.net;506633554;Active;0;0
The luxury watch store;متجر الساعة الفاخرة;;تسويق إلكتروني;https://salla.sa/the_luxur_hour_2020;;;theluxurhour2020@gmail.com;552520427;Not Active;0;0
sa3adah soroor;سعادة و سرور;;أخرى;https://s3adah-soroor.com/;;;sara_al-quzi@outlook.sa;560045482;Not Active;0;0
Aalim Aladkhar;عالم الإدخار للتجارة ;5900125884;حلول إلكترونية;http://www.aalim-aladkhar.com/;https://instagram.com/aalimaladkhar;https://twitter.com/aalimaladkhar;aalimaladkhara@gmail.com;502033914;Active;0;0
Wadan honey Foundation;مؤسسة ودن للعسل ;5850130652;تسويق إلكتروني;https://wadanhoney.com;;;wadanhoney@hotmail.com;582036466;Not Active;0;0
Moodcups;مزاج الاكواب;;أخرى;https://www.cupsmood.com/;;;moodcups.1@gmail.com;581284267;Active;0;0
Alastworh store;متجر الأسطوره;;إلكترونيات واكسسورات;https://salla.sa/alastworh;;;zoooony1818n18@gmail.com;563259024;Active;0;0
Some brands store;متجر سوم براندز;;إلكترونيات واكسسورات;https://salla.sa/some.brands.com;;;Some.brands1@gmail.com;545898265;Active;0;0
Golden pooll ;المسبح الذهبي ;4700112598;أخرى;https://salla.sa/golden_pool;;;Hujayli@yahoo.com;596780606;Active;0;0
Wjeez;وجيز ;1131311641;أثاث وديكور;https://salla.sa/wajiz.sa;;;D70omy@outlook.com;533191818;Active;0;0
New product;منتج جديد;4650228459;تسويق إلكتروني;https://altalm-sa.com;;;altawasooool@hotmail.com;590828677;Active;0;0
Jeet;جيت;1131279608;أخرى;https://jeet.store;https://instagram.com/store.jeet;https://twitter.com/jeet_store;JeetSupport@jeet.store;506077713;Active;0;0
Nasmat perfumes;نسمات العطور;;أخرى;Https://www.maroof.sa/Nasmar_peur;;;Dowly7777@gmail.com;580362277;Active;0;0
New Fashion;مظهر جديد;;أخرى;https://salla.sa/new.fashionn;;;new.fashian229@gmail.com;509452456;Active;0;0
Hello N1;متجر حلى وتوزيعات;;مطبخ و مخبوزات;https://salla.sa/hello_n1?expires=1615917887&identifier=915260720&utm_source=dashboard&signature=ad885bf7055d5adf2d645b5194e7f1ba3a40853808752c330a0d050ea1bf27ca;;;Hello_N1@outlook.sa;503976741;Active;10;1
Zero To One;صفر الى واحد;1010668972;إلكترونيات واكسسورات;https://www.zTo.sa;;https://twitter.com/zTo_sa;Abdullah@zto.sa;545858417;Active;0;0
Mushy Cookies;الكوكيز الطري;;مطبخ و مخبوزات;https://salla.sa/mushycookies;https://instagram.com/mushycookies0;;WedFelemban@gmail.com;565311525;Active;0;0
tafsilstore; تفاصيل ستور;;إلكترونيات واكسسورات;https://salla.sa/tafasil.com;https://instagram.com/tafasilstore;;tafasil.11.0@gmail.com;548624195;Active;0;0
DooryStore;متجر دوري;;الحرف والصناعات اليدوية;https://salla.sa/DooryStore;;;beeebooo8224@gmail.com;532061643;Active;0;0
ivora;ايفورا;4030410474;أخرى;https://ivoraa.com;;https://twitter.com/ivoraaSa;info@ivoraa.com;548706050;Active;0;0
ABDULLAH ALGHAMDI EST;مؤسسة عبدالله الغامدي للتجارة;4030405589;كوافيرة و تجميل;https://MANARA.sa.COM;;;algamdiabood4@gmail.com;593662308;Active;0;0
SPACE FOR HOME AND OFFICE FURNITURE;سبيس للأثاث المنزلي والمكتبي;1010623321;أثاث وديكور;https://spacehof.com/;;;amjad@spacehof.com;594289847;Active;0;0
Furrrsa;فرررصة ;;تصميم وطباعة;https://furrrsa.com/;https://instagram.com/furrrsa_;;furrrsa@gmail.com;570997144;Active;0;0
Join;جوين;;تسويق إلكتروني;https://salla.sa/join.18;;;Join.1855@gmail.com;555257536;Active;0;0
Sntop Store;متجر سنتوب;;تصميم وطباعة;https://salla.sa/sntop_store;;;alamri.196x@gmail.com;566433424;Active;0;0
faisal abullah aljohani;فيصل عبدالله الجهني;;أخرى;https://salla.sa/gyqzart?expires=1615914635&identifier=631984978&utm_source=dashboard&signature=7eec969c4307e1aef0c161503824a45b8bdae964e80983513c5e578215998787;;;gyqzart@gmail.com;502289918;Active;0;0
ALI  SHOW;علي شو;5957100556;تسويق إلكتروني;https://ali-show.com;;;manager@rosemary.fun;554746727;Active;0;0
lafat cotton ;لفة قطن;;مستلزمات المرأة;https://salla.sa/lafat_cotton;;;lafatcotton1@gmail.com;501362473;Active;0;0
;متجر برنس ;;إلكترونيات واكسسورات;https://salla.sa/prince7;;;fasail88969@gmail.com;534119360;Not Active;0;0
alfarah store1;متجر فرح تبوك ;;تصميم وطباعة;https://alfarah.sr;https://www.instagram.com/p/CMdXCekATWx/?igshid=ea3ofuh2k1kh;;mooni-am@hotmail.com;557636575;Active;10;1
AlbahouthElectronics;الباحوث للالكترونيات;1010693638;إلكترونيات واكسسورات;https://brfjry9643.expandcart.com/;;;iid77oomy@gmail.com;533085499;Active;0;0
elegant Store abaya;راقي ستور;2053034309;تسويق إلكتروني;https://elegantabaya.khtwah.com/;;;mt.dg.elegant@gmail.com;595856310;Active;0;0
Lord store;متجر لورد ;;تسويق إلكتروني;https://t.me/LordMot;;https://twitter.com/pubgii14144;Pubgii14144@gmail.com;505199761;Active;7.9;27
perphumer;بيرفيومر;4030616803;أخرى;http://perphumer.com;;;info@perphumer.com;502093767;Active;0;0
waddaa;وضاء;4030616803;أخرى;http://waddaa.com;;;info@waddaa.com;533639111;Active;0;0
oud e luna;عود اي لونا;4030616803;أخرى;http://oudeluna.com;;;info@oudeluna.com;550484049;Active;0;0
naqsha aloud;نقشة العود;;أخرى;https://naqsh-aloud.com;;;naqsha.aloud@gmail.com;509995512;Active;0;0
Bird Oasis;واحة الطيور;;أخرى;https://maroof.sa/192512;;;almumiz34@gmail.com;550413323;Not Active;0;0
;متجر روائع وسطاء العطور;1010572757;تسويق إلكتروني;https://salla.sa/rawayiewosata?expires=1615907616&identifier=1552568217&utm_source=dashboard&signature=0183c4535d86e37bec5f7de32c21df43569c306ad11e81bd3b628b25cb2bbb26;;;rawayiewosata@gmail.com;557464890;Active;0;0
nonilock;نوني لوك;;تسويق إلكتروني;https://nonilockk.com/;;;nonilock@hotmail.com;559082253;Active;0;0
Mqdira;شركة مقدرة للاتصالات وتقنية المعلومات;1010573129;حلول إلكترونية;https://mqdira.com/ar/;;https://twitter.com/mqdira;info@mqdira.com;556696689;Active;10;1
Regions Parfume;مناطق للعطور;1010694552;أخرى;https://www.regions-sa.com;;;Regions21@gmail.com;557597957;Active;0;0
Apple cloub store;متجر ابل كلوب;;حلول إلكترونية;https://ipaxm.net/;;;Meshaal_App@hotmail.com;562100466;Active;10;1
Kabsh Meat trading company;شركة كبش اللحوم للتجارة;4030365944;أخرى;https://salla.sa/kabshmeat;;;kabshmeat@gmail.com;564663466;Active;0;0
Lori online market;متجر لوري الإلكتروني;3400119708;مستلزمات المرأة;https://lori2030.com/;;;Lori.cosmetic@yahoo.com;560966467;Active;0;0
;نزهة;4030399806;حلول إلكترونية;https://www.nozha.sa;;https://twitter.com/nozha_sa;info@nozha.sa;544461927;Active;0;0
Firuze collections ;فيروز كوليكشن;;تسويق إلكتروني;https://firuzeonline.com/;;;Fatimahgg@hotmail.com;544868177;Not Active;0;0
Fancy Perfume;فانسي بيرفيوم;4030410481;تسويق إلكتروني;https://fancyperfume1.com/;https://instagram.com/fancyperfume1;https://twitter.com/FancyPerfume1;aknoud2021@gmail.com;544492574;Active;0;0
sara care;سارا كير;1010688913;مستلزمات المرأة;https://zid.store/saracare;;;shate_1043@yahoo.com;502441217;Active;0;0
Enas ksa;ايناس لمستلزمات المنزل;1010683626;أثاث وديكور;https://enas-ksa.com/;;;sanbia@outlook.sa;544056777;Active;0;0
;راحة الطفل;;أخرى;https://salla.sa/babycomfort;;;mhmd_m2017_@hotmail.com;565874775;Active;0;0
tmatem vegetables and fruits ;متجر طماطم للخضار والفواكه;1010685139;أخرى;https://tmatem.sa/;;;info@tmatem.sa;558144880;Active;0;0
Jaguar store;متجر جاكور ;;حلول إلكترونية;https://t.me/JAGUAR_K;;;Jaaguar.305@gmail.com;538090919;Active;0;0
Dimos;ديموس;1010152700;أثاث وديكور;https://dimos.com.sa;;https://twitter.com/DimosFurniture;info@dimos.com.sa;550501829;Active;0;0
SWANKY;سوانكي;;تسويق إلكتروني;https://www.swankysa.com;https://instagram.com/swanky_ksa;;care@swankysa.com;501707082;Active;0;0
Golden Cat ;قولدن كات ;;تسويق إلكتروني;https://maroof.sa/192466;https://www.instagram.com/goldencat0;;seemo1411xx@gmail.com;503037174;Active;0;0
Kol shaia ;كل شيئ;4030408292;تسويق إلكتروني;https://www.kolshaia.com;;;Info@ncloud.sa;558845884;Active;0;0
;ميم كوتور;;مستلزمات المرأة;https://wa.link/cyepby;;;memcouture@outlook.sa;502033127;Active;0;0
;مؤسسة وقور للعود;;أخرى;https://salla.sa/waqaur;;;waqaur@hotmail.com;570881515;Active;0;0
cuatroo;كواترو ستور;;إلكترونيات واكسسورات;https://salla.sa/cuatro.led;;;noufkk1@hotmail.com;501850471;Active;0;0
Marzougovic;مرزوقوفيتش;;تسويق إلكتروني;http://marzougovic.com;;https://twitter.com/Marzougovic;abdulla_alsale7@pm.me;571717000;Active;0;0
Zarya;مؤسسة سحابة قطنية للتجارة;1010644302;أخرى;http://zarya-store.com;;;Dalthonayan@gmail.com;555427747;Active;0;0
;أنشطة الخدمات الإدارية المتكاملة للمكاتب;4030409953;أخرى;http://www.amerr.net;;;info@amerr.net;562788588;Active;0;0
TALstoor;متجر تال;;تسويق إلكتروني;https://talstoor.com/;;;tal.stoore@gmail.com;533515595;Active;0;0
;بيع حسابات ببجي احمد كريم;;تسويق إلكتروني;https://t.me/PG_OM;;;mnzar1745@gmail.com;599042365;Not Active;2;2
Taha AlEdrisi Notarized Translation Office ;مكتب طه الادريسي للترجمة;4031089968;خدمات أكاديمية;http://edrisitarjama.com/;;;info@edrisitarjama.com;569126116;Active;10;1
Joya Box;جويا بوكس;;أخرى;https://joyaboxstore.com/;;;joyabox369@gmail.com;502069147;Active;0;0
Utopia Diet;يوتوبيا دايت;;أخرى;https://utopia-worlds.com/;;;utopia.diet@gmail.com;570196416;Not Active;0;0
Moroocan food;ماكولات مغربيه;;مطبخ و مخبوزات;Https://www.Anwr1661@gmail.com;;;Anwr1661@gmail.com;506576502;Active;0;0
Cute Printing;كيوت برينتينق للطباعة الحرارية;;تصميم وطباعة;https://salla.sa/cuteprintimg?expires=1615890971&identifier=2105274448&utm_source=dashboard&signature=5b8082cbb41d1f5165d21b542a655aaf28a0b689cc66e0d012ce193ee6fcbd26&_gl=1*w0ij8p*_gcl_aw*R0NMLjE2MTUwMTU0MTkuQ2owS0NRaUF5b2VDQmhDVEFSSXNBT2ZwS3hqYzF2bVl0ZjRMWHBuVEpQa0oyMTNwNXppdG9GeE1yX1VvNVZNQ1Vrcy1uOGtZMGNMdE9WY2FBcFNaRUFMd193Y0I;;;beerabeer09@gmail.com;550573602;Active;0;0
Abgadhwz;ابجدهوز;1131312122;أخرى;https://www.abgadhwz.com;;;Faisalalsaleh67@gmail.com;559070003;Active;0;0
Flat White;فلات وايت;;تسويق إلكتروني;https://salla.sa/flatwhitecoffee;;;flatwhiteshopping@gmail.com;590026659;Not Active;0;0
samaa tawiq;سما طويق لبيع شدات ببجي;;تسويق إلكتروني;https://t.me/samaa9tawiq;;;Swyy1400@icloud.com;567357363;Not Active;0;0
Elite She;إيليتشي;1010727634;مستلزمات المرأة;https://eliteshe.com;;;Info@elitewomen.net;567339553;Active;10;2
MD Boutique ;م د بوتيك ;;أخرى;https://salla.sa/md.boutique;;;M.d.world20@hotmail.com;532233742;Active;0;0
beauty doctors ;دكتور تجميل;2050143273;تسويق إلكتروني;https://www.beautydoctor.app;;;lulwa2020@hotmail.com;536060610;Active;0;0
Meishan store;متجر ميشان;;تسويق إلكتروني;https://t.me/Meishan11;;;mshal5184@gmail.com;533438498;Active;6;2
beauty wall;بيوتي ووال;;أخرى;https://beauty-wall-joutn.com/;;;abouda702a@gmail.com;581802829;Active;0;0
;كليفير;;تسويق إلكتروني;https://salla.sa/clever12;;;Sanad.alwafi@hotmail.com;532151967;Active;0;0
ASWAQ;متجر اسواق;;مستلزمات المرأة;https://alswoq.com/;;;Lail.al876ani@gmail.com;504442275;Not Active;0;0
;متجر اصل الزعفران;;تسويق إلكتروني;https://sa-saffron.com;;;sa-saffron@hotmail.com;566643373;Active;0;0
 Stormilana;ميلانا ستور;;أخرى;https://milaanaa.com/;https://instagram.com/milana_stor;;Seltanmetab@hotmail.com;506255698;Active;0;0
adeyd;عديد ;;تسويق إلكتروني;https://adeyd.com;;;adeyd.su@gmail.com;565342015;Active;0;0
;متجر انجاز للاكترونيات;;تسويق إلكتروني;https://anjaz.com.sa;;;ksa0.net@gmail.com;538381925;Active;10;1
the smart items;البضائع الذكيه;;إلكترونيات واكسسورات;https://account.noon.com/saudi-ar/profile;;;a.aleid515@gmail.com;555252700;Not Active;0;0
EDyoux;ايديو اكس;4031214142;خدمات أكاديمية;https://edyoux.com/;;https://twitter.com/EDYOUX1;edyouxplatform@gmail.com;563491250;Active;0;0
Compustars;نجوم الحاسب;;إلكترونيات واكسسورات;https://salla.sa/compustars;https://instagram.com/compustars;;Compustars2030@gmail.com;556854098;Not Active;10;1
shnb plus;شنب بلس;;أخرى;https://t.me/shnbplus;;https://twitter.com/shnb_plus;ads.shnoby@gmail.com;541229904;Active;8.7;6
;تقني نجد ;;إلكترونيات واكسسورات;https://foryou2021.com/;;;mkbr508@gmail.com;533537505;Active;0;0
Painting ksa;اللوح الفنية;;تصميم وطباعة;http://paintingksa.com/;;;Abeerfahad200@gmail.com;580398801;Active;0;0
Bailsan oil;زيت البيلسان ;;مستلزمات المرأة;https://salla.sa/bilsan.oiill/nWdyZe;;;Bilsan.oiiill@gmail.com;540856956;Active;10;2
Amethyst ;أماثيست ;;الحرف والصناعات اليدوية;https://salla.sa/amethyst.ras;;;amethyst.ras@gmail.com;548107000;Active;0;0
raqayiq aleawd; رقائق العود;;تسويق إلكتروني;https://salla.sa/aleawd.;https://www.instagram.com/invites/contact/?i=1040uw57xvqke&utm_content=anw7wn;;al3nad666@gmail.com;565615475;Active;0;0
Agarid;أغاريد;;تسويق إلكتروني;https://salla.sa/agarid;https://instagram.com/agarid__1234;;agaridagarid@gmail.com;534165282;Active;0;0
Arkad;اركاد;1010692829;مستلزمات المرأة;https://salla.sa/arkadabaya;;;arkad2021@outlook.sa;500463894;Active;0;0
;يوسف جابر الاسمري ;;إلكترونيات واكسسورات;https://salla.sa/senarah;;;senarahstore@gmail.com;501611877;Active;0;0
;التوسط في توظيف السعوديين;1010677669;أخرى;https://play.google.com/store/apps/details?id=sg.bigo.live;;;motebjob@gmail.com;509772762;Active;0;0
Spices om bandar;بهارات ام بندر;;مطبخ و مخبوزات;https://is.gd/VJVu1N;;;bsmhalhrby852@gmail.com;552382037;Active;0;0
SN Personal shopper;س ن  متسوقة شخصية;;مستلزمات المرأة;https://salla.sa/blue_aurorasa;;https://twitter.com/BlueauroraSa;BlueAurora.sa@gmail.com;552896861;Active;0;0
;زيت الفاتنه;;مستلزمات المرأة;https://www.maroof.sa;;;fatenah.oil@gmail.com;504489137;Active;0;0
Luster Hind;بريق هند;;تسويق إلكتروني;https://lusterhind.com/;;;Luster.hind@gmail.com;555882399;Active;0;0
The elected ;منتقاه;;أخرى;HTTPS://salla.sa/theelected;;;Electedproducts@gmail.com;500225158;Active;0;0
ALAEMASH;الاعمش;;أخرى;https://alaemash.com/;;;alghrbi44@gmail.com;567963615;Active;0;0
al3sal;العسل البلدي;;أخرى;https://salla.sa/al3sal.com;;;osm577@gmail.com;506652914;Not Active;0;0
;عميق للنوم ;;أخرى;https://salla.sa/aqht?expires=1615850241&identifier=1553308660&utm_source=dashboard&signature=95b188e052372e6d2f86bd1b6a509a5a9b6340e4a9c139b422b1d1e065463388;;;deeepsleeprs@gmail.com;545023287;Active;0;0
Oud om fairs almotaq;عود ام فارس المعتق;;أخرى;https://salla.sa/toot7064;;;talqhtany756@gmail.com;552888356;Active;0;0
sdfsdfsadf;العمل موقوف لظروف;;حلول إلكترونية;https://t.me/A1h101;;https://twitter.com/hex_32;Rllhex1@gmail.com;504242671;Not Active;6.4;36
Eylulcookies;كوكيز ايلول;;مطبخ و مخبوزات;https://salla.sa/eylul.cookies/login;;https://twitter.com/eylulcookies;slwymsad7@gmail.com;546280005;Active;0;0
Be Andrea;بي أندريا;;مستلزمات المرأة;https://salla.sa/be.andrea?expires=1615846482&identifier=848113828&utm_source=dashboard&signature=ef85db208e107181f9c7f53246c12d13a3d79b1f657d6896b3764dca05f8f9bf;;;andrea20store@gmail.com;564822771;Active;0;0
;تغليف وادوات تجميل;4031230221;تسويق إلكتروني;https://salla.sa/sooma_boutique;;;sa1473xii@gmail.com;502644131;Active;0;0
sockland;أرض الجواب;;أخرى;https://salla.sa/sockland.sa;;;sockland.sa@gmail.com;561281442;Active;0;0
Tigers  Mobile ;النمور للإتصالات;;إلكترونيات واكسسورات;https://salla.sa/tigers_mobile?expires=1615846392&identifier=1551257079&utm_source=dashboard&signature=170e7c667a4c1b3788a0b72dbeb3e431c35cf249e6dc50d46f0a110f73c3a740;;;Maher20az@gmail.com;545138269;Active;0;0
Moon resin1;مون ريزن;;الحرف والصناعات اليدوية;https://moonresin1.sa;;;Moon.resin1@gmail.com;504225868;Active;0;0
Alhakamoud;الحكم للعود;;تسويق إلكتروني;https://www.Alhakamoud.com;https://instagram.com/alhakamoud;https://twitter.com/Alhakamoud;al-hakam@msn.com;546408980;Active;0;0
Autumn leaves Est;مؤسسة  ورقات الخريف التجارية;4030408063;تخطيط مناسبات وحفلات;https://salla.sa/autumnleaves;;;wrqatalkhryf@gmail.com;504411961;Active;0;0
ahil alteeb;دار الطيب;4650228803;أخرى;http://super-oud.com;;;mabroook8999@gmail.com;539038095;Not Active;0;0
Dejavu ;عبايات ديجافو;;مستلزمات المرأة;https://salla.sa/dejavu.;;https://twitter.com/dejavuabaya;wxizxy@gmail.com;508132243;Active;0;0
Wig66;بواريك٦٦;;تسويق إلكتروني;https://salla.sa/wig66;;;zozh1@icloud.com;544515367;Active;2;1
Mpress;امبرس;1010693525;الحرف والصناعات اليدوية;https://mpress-store.com/;;;mpress.store@gmail.com;565240008;Active;9;1
ZEDONE;زد ون ستور;;إلكترونيات واكسسورات;https://zedonesa.com;https://instagram.com/zedonesa;;ii.zedstore@gmail.com;556817197;Active;10;4
DoroobStore;متجر دروب للاتصالات ;1010655682;تسويق إلكتروني;https://zid.store/doroob-store;;;doroob.store@gmail.com;504728505;Active;0;0
Mirai store;متجر ميراي ;;تصميم وطباعة;Https://www.miraiistore.com;;;Mirai.store.95@gmail.com;544449126;Active;0;0
miperfume;ماي بيروفم;;أخرى;https://salla.sa/my-perfume/;;;clowdercatteries@gmail.com;501393321;Not Active;0;0
English language class;مدربة لغه انجليزيه;;خدمات أكاديمية;https://t.me/joinchat/TFQEA_acpSvl4V0z;;;Shahakami20@gmail.com;557498896;Active;9.9;19
mithaqalddualia;شركة ميثاق الدولية للتدربيت والتسويق;1010693604;خدمات أكاديمية;https://www.imithaqd.com;;;mithaqalddualia@gmail.com;552223281;Active;0;0
Merastak Home;بيت مرستك;;أخرى;https://www.merastakhome.com;https://www.instagram.com/merastakhome/;;merastakhome@gmail.com;554262062;Active;0;0
thawq;ذوق للذبائح;;أخرى;https://thawq.netlify.app/;;;a1i26@hotmail.com;538886868;Active;0;0
Mlay;وسيطة ليزر ملاي;;تسويق إلكتروني;https://t.co/fIFVUCVWG0?amp=1;;;rr2014k@hotmail.com;508020973;Active;0;0
Abwab altyib;ابواب الطيب;;تسويق إلكتروني;https://salla.sa/abwab.altyib;;;ixlool11@yahoo.com;568327312;Active;0;0
Talk With Your Hands;تحدث بيديك;1010629325;تصميم وطباعة;https://talkwithyourhandssa.com;;;talkwithyourhands.sa@gmail.com;555240943;Active;0;0
Mashariei;مشاريعي للخدمات التعليمية الالكترونية ;;تصميم وطباعة;https://mashariei0.com/;;;Mashariei0@gmail.com;508530517;Active;0;0
aldeafh alfkhma;مؤسسة الضيافه الفخمه للتجاره;;الحرف والصناعات اليدوية;https://aldeafh-alfkhma.com;;;halasmari@yahoo.com;541659777;Not Active;0;0
Riyadh Zone;رياض زون;1010693625;إلكترونيات واكسسورات;https://hpanel.hostinger.com/hosting/;;https://twitter.com/b_krabs;theriyadhzone@gmail.com;532427260;Active;0;0
Future;فيوتشر;;تسويق إلكتروني;https://salla.sal/futre;https://instagram.com/futu1.2;https://twitter.com/future12469897;n6ss3rr@icloud.com;534263142;Active;0;0
Taybat arrezq;طيبات الرزق للفواكه والخضروات;;أخرى;https://salla.sa/tayebat?expires=1615714552&identifier=730622664&utm_source=dashboard&signature=fbfd4229d8aed4d072670cdc1c89362d225d2c3f7566008f16986a479bac66de;;;Taybatarrezq@gmail.com;554640718;Active;0;0
LE LUNDI;لو لاندي;;الحرف والصناعات اليدوية;https://salla.sa/lelundi;;;Lelundi.sa@gmail.com;569752479;Active;0;0
Anan educational platform;منصة عنان التعليمية;;خدمات أكاديمية;https://anan.wuiltsite.com;https://instagram.com/anan_edu;https://twitter.com/Anan_edu;anan_educational@hotmail.com;541712896;Active;0;0
9if Store;متجر صيف للبطاقات الرقمية;;تسويق إلكتروني;https://9ifcard.com/;;;uc9if@outlook.sa;553676634;Active;0;0
ITEMSHOP;أيتم شوب;;تسويق إلكتروني;https://salla.sa/itemshop;;;Itemshop@outlook.sa;530874492;Active;0;0
FORSA GROUP;مؤسسة فرصة للتدريب;;خدمات أكاديمية;https://www.facebook.com/Forsaa.team;;;hanenelshaer3@yahoo.com;570523548;Not Active;9;1
Maram AlNasser Perfume;مرام الناصر للعطور;;أخرى;https://salla.sa/maramalnasser;;;Maramalnasserp@gmail.com;502100231;Active;0;0
Mtgr win;متجر وين;;تسويق إلكتروني;https://salla.sa/wi_n;;;yzeedabn305@gmail.com;553879055;Active;0;0
Eliif;إيليف;;تسويق إلكتروني;https://salla.sa/eliif;;;aaesh2011@gmail.com;553099014;Active;0;0
New u;نيو يو;;أخرى;https://salla.sa/newu;;;New0u@outlook.com;580161837;Active;0;0
joreismell;جوري سمل;1010931170;تسويق إلكتروني;https://joreismell.com;https://instagram.com/joreismell;https://twitter.com/joreismell;jorei@joreismell.com;549981227;Active;10;2
ThRecords;اسطوانات موسيقية أصلية;;تسويق إلكتروني;http://th-records.com;https://www.instagram.com/threcords_/;;ThAlamalki71@gmail.com;501551988;Active;0;0
Edrak Alashya;ادراك الأشياء;1010664046;حلول إلكترونية;https://DigitUp.ai;;;Ibrahim@DigitUp.ai;554440422;Active;0;0
Samar Evevts;فعاليات سمر;;تخطيط مناسبات وحفلات;https://salla.sa/samarevent17?expires=1615818664&identifier=1630946863&utm_source=dashboard&signature=89a46b8db67d27d9c55eef6e85c3e7d3b55477c434d20bfebe1f808fd4d3ce7a&_gl=1*vx35r*_gcl_aw*R0NMLjE2MTU1ODQ2NzIuQ2owS0NRaUF2dktCQmhDWEFSSXNBQ1RlUFdfMkExRVp6OTc0bTdNWEJ4cEdNSFFob3VEdFZURFZtT0M1eE8xYXRvLUEyc1BnU1BHa2lISWFBZ0lrRUFMd193Y0I.;;;Njdali2019@gmail.com;567157710;Active;0;0
qanateer;قناطير;1010689063;أخرى;https://qanateers.com/;;;qanateer@gmail.com;500848826;Active;0;0
Fas electronic store ;متجر فاس الإلكروني ;;أخرى;https://fas-sa.com/;;;storeoffas@gmail.com;539299768;Active;0;0
Rooh alraihan;روح الريحان ;4030370280;أخرى;https://roohalrehan.com;;;soha7007@hotmail.com;500866080;Active;0;0
Zahi  Fashion;زاهي الملابس;;أخرى;https://zahi-sa.com;;;saud-ziz@outlook.com;500522912;Active;0;0
Malrowad;محبرة الرواد;1010563749;أخرى;https://malrowad.com/;;;malrowad2020@mail.ru;503268448;Active;0;0
Noud Digital;نود الرقمية;1010606322;أخرى;https://noud.digital;;https://twitter.com/Noud_digital;noud.digital@mail.ru;539319823;Active;0;0
Matjar Kastmr;متجر كاستمر;;أخرى;https://t.me/POOP22S;;;srajali0000@gmail.com;530380554;Active;10;1
JanaAlteeb1;جنى الطيب1;;تسويق إلكتروني;https://janaalteeb.com;;;JanaAlteeb@hotmail.com;546541133;Active;0;0
Muhammad AlHarbi Nanoelectronics Store;متجر محمد الحربي للاليكترونيات النانو;;إلكترونيات واكسسورات;https://maroof.sa/mohamadhusinalharbi.com;;;mohaharbihusin@gmail.com;580187898;Active;0;0
Bask;باسك;;حلول إلكترونية;http://www.baskapp.co;https://instagram.com/thebaskapp;https://twitter.com/TheBaskApp;thebaskapp@gmail.com;569395338;Active;0;0
A black drop of trade;قطرة سوداء للتجارة;3554101241;أخرى;https://coffeecherry1.com;;;coffee.cherry.sa@gmail.com;533912304;Active;0;0
IOANA;ايوانا;4030399028;تسويق إلكتروني;https://ioanaa.com/category/aVKzX;;https://twitter.com/Ioana_2030;ioanaa.2030@gmail.com;501631484;Active;0;0
Smart Asst;المساعد الذكي;;تصميم وطباعة;https://www.snapchat.com/add/smart.asst;;https://twitter.com/smart_asst;smart.asst88@gmail.com;599952333;Active;0;0
LOYALTY;لويلتي;;تسويق إلكتروني;https://salla.sa/lolyalty;;;okonksa@gmail.com;550255141;Active;0;0
Drinkie;درينكي ;4031248004;أخرى;https://salla.sa/drinkie;;;drinkieshop@gmail.com;563319139;Active;0;0
Universe112;بوتيك المصممه سميرة الشريف;;مستلزمات المرأة;https://www.snapchat.com/add/s.alshref70;;;samersh707@gmail.com;561062030;Active;0;0
Roz Boutique;روز بوتيك;;مستلزمات المرأة;https://salla.sa/rozboutique;;;bdryhallqmany@gmail.com;566250609;Active;0;0
ASR STORE ;اسر ستوري;;تسويق إلكتروني;https://t.me/storeasr;https://instagram.com/pubg.asrar;;S3222189@gmail.com;556114529;Active;4.7;3
 A M Store;آي أند إم ستور;;إلكترونيات واكسسورات;https://amstoreofficial.com/;;;majd.alhamar@gmail.com;505507046;Active;0;0
I3ateek;مباخر عتيق;;أثاث وديكور;https://salla.sa/i3ateek?expires=1615824659&identifier=1067848134&utm_source=dashboard&signature=0efcead2a96a8256bd64bfe8aa9cc1fd64114144f2c1e31196f51f2bac6435c2;;;I3ateek@gmaol.com;537961173;Active;0;0
alkarida Dates website;متجر الكريدا للتمور ;1128016761;تسويق إلكتروني;https://alkraida.com.sa;https://instagram.com/alkrida.dates;https://twitter.com/alkridadates1;sales@alkraida.com.sa;559980777;Active;0;0
Queen Accessories Store;متجر كوين للاكسسورات;;أخرى;https://queen-store.com;;;shop.sw234@gmail.com;504682025;Active;0;0
Chocolai;شوكولاي;;مطبخ و مخبوزات;https://www.snapchat.com/add/chocolai.jed;;;chocolai0jed@gmail.com;544038139;Not Active;0;0
Sky Store Tech;متجر سكاي تيك;1135101815;تسويق إلكتروني;https://skystore.tech/;;;info@skystore.tech;590993191;Active;0;0
Ebra desgins;تصاميم إبرة;;مستلزمات المرأة;http://ebradesigns.com/;;;Ebradesigns@gmail.com;563328668;Active;0;0
Maysoor;ميسور;1010520020;أخرى;https://maysoor.sa;;;admin@maysoor.sa;503522524;Active;10;1
Koursaat;كورسات;;أخرى;https://koursaat.com;;;Course.edu.sa@gmail.com;503798662;Active;0;0
microstore;ميكرو ستور;;تسويق إلكتروني;https://salla.sa/microstore;;;almulhimx5@gmail.com;501764367;Active;0;0
ahl al medinah medical pharmacy;صيدلية اهل المدينة الطبية ;4650044106;تسويق إلكتروني;https://ahlmp.com;;;medinahpharmacy@hotmail.com;543433097;Active;0;0
Access to digital marketing;الوصول للتسويق الرقمي ;;حلول إلكترونية;https://alwusulmarketing.com;;;contact@alwusulmarketing.com;556180315;Active;0;0
Fs sweet and salty;حلا وموالح عربية;;مطبخ و مخبوزات;https://maroof.sa/addbusiness/AddBusinessWizard;;;Rofe-010@hotmail.com;561847698;Active;0;0
ORKA SWEETS;أوركا سويتس;;مطبخ و مخبوزات;https://orkasweets.com/;;;hala@orkasweets.com;566955660;Active;0;0
iCare store;اي كير ستور;;أخرى;https://salla.sa/icareestore;https://instagram.com/icareestore;;icareforyou.sf@gmail.com;502289332;Active;10;1
mist flower for gardens and hydroponics;زهرة الضباب للحدائق والزراعة المائية;1010636667;أخرى;https://zhrt-aldbab.com/;;;zhrt.aldbbab@outlook.sa;554646833;Active;0;0
Art kard ;أرت كارد ;;حلول إلكترونية;https://t.me/Art0c;;;alabdulir6@gmail.com;537148562;Not Active;0;0
UrCards;بطاقاتك;;حلول إلكترونية;https://salla.sa/urcards;https://instagram.com/urcards0;https://twitter.com/Urcards0;cardsur@gmail.com;501549237;Active;0;0
yourtaste;متجر ذوقك;;أخرى;https://salla.sa/yourtaste;;;meshal98998@icloud.com;508316986;Active;0;0
FANZLIX;فانزيلكس;1010691058;أخرى;https://fanzlix.com/;;;fanzlixbrand@gmail.com;555845654;Active;0;0
AG Store 10;اي جي ستور 10;;تسويق إلكتروني;https://salla.sa/agstore10;https://instagram.com/ag.store10;;xangeljoshuax@gmail.com;531125196;Active;0;0
Dawani World;عالم دواني;;أخرى;https://dawani.world;;;dawaniworld@gmail.com;565935735;Active;0;0
Electronic attachments ;بيع ملحقات اكترونية ;;تسويق إلكتروني;https://salla.sa/mutebaldwani;;;Aldwanymt3eb@gmail.om;545240555;Active;0;0
;متجر الاصدر الذكي للتجاره;1010695268;تسويق إلكتروني;https://smartedition.net/;;;al-motanbi@hotmail.com;554377577;Not Active;0;0
jeempro ;جيم برو لتلميع السيارات اونلاين ;4030398858;السيارات;https://jeempro.com/;;;info@jeempro.com;508181718;Active;0;0
San rose;موسسة سان روز للتجاره ;1110100631;أخرى;https://www.sanroose.com;;;ghazi.alotaiby@gmail.com;532476626;Active;0;0
ArdAlkhairFarm;ارض الخير;4030314826;أخرى;https://ardalkhairshop.myshopify.com/;;;ayman@ardalkhair.net;567025270;Active;0;0
2fal;متجر توفال ;;أخرى;http://www.2fal.com/;;;saad.t000@gmail.com;558411524;Not Active;0;0
lolia gifts;هدية لوليا;;الحرف والصناعات اليدوية;https://lolia-gifts.com/;;;loliahandcraftz@gmail.com;504785287;Active;0;0
life pleasure;متعة الحياة;1010693202;أخرى;https://salla.sa/lifepleasure?expires=1617701680&identifier=1185277013&utm_source=dashboard&signature=8a8231187a5accf237f461f6c7d88ce879e7d35eaae2acabb33700dd7c34dac9;;https://twitter.com/om8rr;omar-abdulrhman@hotmail.com;599181058;Active;0;0
Gash for Tourism;قاش لتنظيم الرحلات السياحية ;1010693466;أخرى;https://gash4tourism.com/;;;ghada.a.s@hotmail.com;540037344;Active;0;0
Stookaat;ستوكات;1131312267;تسويق إلكتروني;https://stookaat.com/;;;stookaat@gmail.com;531127000;Active;0;0
UC Pubg KR;شدات ببجي كوريه;;حلول إلكترونية;https://api.whatsapp.com/send?phone=966501334474;;;Raiiz2@hotmail.com;501334474;Not Active;10;1
;الحر;;حلول إلكترونية;https://alhurpu.com;;;ALSALAHPU@gmail.com;599210210;Active;0;0
G F  FOR ABAYAS;ج ف للعبايات;;أخرى;https://is.gd/wVbIzP;;;3ooash.cute@gmail.com;530107069;Active;0;0
;بيرفكشن;;أخرى;https://t.me/PerfectionStore;;;A7mdibra00@gmail.com;509406300;Active;10;1
Ethqnajdiyah;عذق نجدية;;مطبخ و مخبوزات;https://salla.sa/ethqnajdiyah;;;abdullahmarh2@gmail.com;501187975;Active;0;0
SkillMasters;خبراء المهارة;1010657897;أخرى;https://skillmastersar.com;;https://twitter.com/SkillMasters_Ar;Skillmastersar@gmail.com;548728566;Active;0;0
Axiom Ideas;أكسيو أيدياز;1010689014;أخرى;https://axiom-ideas.com/;;;sma.axiomideas@gmail.com;544228522;Active;0;0
 Malofty for the trade of fodder and sheep;معلوفتي لتجارة الاعلاف والاغنام ;4030396507;أخرى;https://malofty.com;;https://twitter.com/m3lofty;Abdulrhman@gafco.world;503205708;Active;0;0
AlWadani Optical;الودعاني للبصريات;1010608913;أخرى;https://alwadanishop.com;;;info@alwadanioptical.com;509030030;Active;0;0
Ali Hussain Saad AlQahtani Trading Establishment;مؤسسة علي حسين سعد القحطاني التجارية;1010689280;تسويق إلكتروني;https://salla.sa/treejewlery;;;Ali-otot@hotmail.com;550835553;Active;0;0
healing and wellness;متجر شفاء وعافية;;أخرى;https://salla.sa/shifa_waafia;;;somaa4444@gmail.com;561999697;Active;0;0
Miniasia;ميني آسيا ;4030360857;أخرى;https://miniasiaone.com/;;;maz12qi@gmail.com;545151288;Active;0;0
M5shb;مخشب;1131310691;أخرى;https://m5shb.sa/;;https://twitter.com/M5shb;M5shb.sa@gmail.com;552992210;Active;0;0
flowerviolet88;زهرةةالبنفسج;;أخرى;https://salla.sa/flowerviolet-88;;;alzabidyfatimah@hotmail.com;576122461;Active;0;0
smartorbits;المدارات الذكية;;حلول إلكترونية;https://smartorbits.co/;;;abdulkareem.dakheel@hotmail.com;566866279;Active;0;0
Diamond Fund Trading Corporation; مؤسسة الصندوق الألماس للتجارة;;إلكترونيات واكسسورات;https://salla.sa;;;diamondbox281@gmail.com;570650220;Active;0;0
Smartec;سمارتيك;4030273585;أخرى;https://smartec-store.com;;;store@smartec-sa.com;557778796;Active;0;0
;متجر عبدالله ابو سعود;;إلكترونيات واكسسورات;https://antenna.at/;;;saudix404@gmail.com;509832957;Active;6.6;5
Maintenance insulation solutions;حلول العزل للصيانة;1128185130;أخرى;https://solutions-sa.com/;https://instagram.com/solutions_ksa1;https://twitter.com/solutions1t_sa;info@solutions-sa.com;533493549;Active;10;2
Echoo;منصة صدى;4030397944;حلول إلكترونية;https://eechoo.net/;;;Mm-1245@hotmail.com;502120991;Active;0;0
My Tatwir;ماي تطوير;1010685837;تسويق إلكتروني;https://www.mytatwir.com/;;;omghamdi59@gmail.com;555452232;Active;0;0
SALEM SAEED BALHADAD TRADING EST;مؤسسة سالم سعيد بالحداد التجارية;2051000883;مطبخ و مخبوزات;https://balhadadstore.com;;;store@balhadad.com;544107888;Active;0;0
C R 7 STORE;متجر سي ار سفن;4030399227;تسويق إلكتروني;https://t.me/CRS7777;https://instagram.com/o7_co8;https://twitter.com/k8oo1209;rkohfh75@gmail.com;501731409;Active;0;0
TANFOS ALTEEP;تنفس الطيب ;;تسويق إلكتروني;http://zid.store/tanfosalteep/;;;alshreef.amar26@gmail.com;535928559;Active;0;0
Shop nine 9;متجر ناين 9;;تسويق إلكتروني;https://shopnine9.com/;;https://twitter.com/ShopNine91;shop9nine2021@gmail.com;551445809;Active;0;0
Import and sale of spare parts for Mazda cars;استيراد وبيع قطع غيار لسيارات مازدا;4030409355;السيارات;https://kaizen-mazda.com/;;https://twitter.com/KaizenMazda;zoomsparts@gmail.com;545665027;Active;0;0
googlebike;جوجل بايك;1010692965;تسويق إلكتروني;http://google-bike.com;;https://twitter.com/googlebike1;googlebike@gmail.com;598808873;Active;0;0
Jdjdjdjdd;ايهيههيهص;;تسويق إلكتروني;https://t.me/M_R13m;;;a05364888631@gmail.com;596640654;Not Active;6;6
Maramikum;مرامكم ;;مستلزمات المرأة;https://www.mrymrr_1.sa;;;Mooja50@hotmail.com;563274185;Active;0;0
My Curls;ماي كرلز;;كوافيرة و تجميل;https://salla.sa/mycurls;;;contact.us@myCurls.co;536722233;Active;0;0
Littlegirl;البنت الصغيرة متجر اطفال;;أخرى;https://littlegirl1.com/;https://www.instagram.com/noonyy41/;https://twitter.com/Littleg04402701;Asirihanaa@gmail.com;538848771;Active;0;0
Pubg playerss;ببجي بلايرزز;;تسويق إلكتروني;https://t.me/joinchat/VuYbnn6wkSymTQhH;;;saadd1490@gmail.com;505925128;Not Active;0;0
SILVER STUDIO;أستديو سيلفر;;أخرى;https://www.silverstudios.info/;;;silverdesgin@gmail.com;549491646;Not Active;10;1
;حلويات مامي;;مطبخ و مخبوزات;https://www.facebook.com;;;Rama1407dan@gmail.com;508934526;Not Active;0;0
Alharethi Honey;مناحل الحارثي للعسل البلدي ;4032225541;تسويق إلكتروني;https://salla.sa/7arthehany.com;;;Asf.297@hotmail.com;558418047;Not Active;0;0
Alsamari oud;السماري للعود;1010643705;أخرى;https://www.alsamarioud.com/;;;alsamarioud22@gmail.com;502136906;Active;0;0
SAMT BEAUTY;مؤسسة السمت لمستحضرات التجميل;2053118285;أخرى;https://alsamt-beauty.com;;;alsamtbeauty1@gmail.com;501837705;Active;0;0
Afiaa;افياء ;;أخرى;https://afiaastore.com/;;https://twitter.com/afiaastore;co.afiaa@gmail.com;501943005;Active;0;0
ASHQ ALBAKOR;عشق البخور;5865353360;أخرى;https://ashaqwaw.com;https://instagram.com/ashqshop7;;alomish94@hotmail.com;559135899;Active;0;0
Bakkah;بكه;;تصميم وطباعة;https://t.me/Bakkhsa;;;bbrand.makkah@gmail.com;553501190;Active;0;0
B B CUTE;بي بي كيوت;4030407304;كوافيرة و تجميل;https://www.bbcute.net;;;ajbbcute@gmail.com;559471906;Active;0;0
Pet Show;بت شو;2050070973;أخرى;https://www.petzone-shop.com;https://instagram.com/petshow.sa;https://twitter.com/petshow_sa;sales@ksa-advertising.com;552998186;Active;0;0
Pubgplaayers;متجر بلايرز يختص ببيع وشراء حسابات  ببجي موبايل;;تسويق إلكتروني;https://t.me/s33dpubg;;;saadd1490@gmail.com;505925128;Not Active;0;0
Wasiyah Information Technology Foundation;مؤسسة الوصية لتقنية المعلومات;1010641640;تسويق إلكتروني;http://www.alwaseah.sa;;;info@alwaseah.sa;504704114;Active;0;0
muasasat 'amlak alttajir aleaqaria;مؤسسة أملاك التاجر العقارية ;1131303120;العقارات;https://www.snapchat.com/add/mmlk77990;;https://twitter.com/mmlk77990;ahmed0555143259@gmail.com;502333869;Active;0;0
Hfan Perfumes;عطرك هفان;;تسويق إلكتروني;https://hfan.me/;;https://twitter.com/i_hfan;info@hfan.me;583145078;Active;10;2
Attara boutique;أتارا بوتيك;4030384787;أخرى;https://attara.sa/;;;info@attara.sa;534366222;Active;0;0
Saham Agency;وكالة سهم;4031249288;تصميم وطباعة;https://www.sahamagency.com;https://instagram.com/saham_agency;https://twitter.com/Saham_Agency;info@sahamagency.com;582748698;Active;0;0
Syanah ;صيانة;1010606637;العقارات;http://syanahapp.com;;;Info@tarqeem.sa;554808555;Active;0;0
Pubgvip Accounts;حسابات ببجي الرسمي;;تسويق إلكتروني;https://salla.sa/pubgvipaccounts?expires=1615723574&identifier=691271042&utm_source=dashboard&signature=1a45dd84fe6a7582fdc81347c27ad25c39a79800ab391c15734191fb60818a13&_gl=1*3v4fgh*_gcl_aw*R0NMLjE2MTQwNTU4OTEuRUFJYUlRb2JDaE1JaWYzbzNacl83Z0lWTUVpUkJSMXdXQUFDRUFBWUFTQUFFZ0pWeVBEX0J3RQ..;;;pubgmobiilevip@gmail.com;567016231;Not Active;0;0
S jewelry ;مجوهرات سين;;مستلزمات المرأة;https://salla.sa/s_jewelry;;;Sallajewelry@gmail.com;562724034;Active;10;2
Salhmah perfume;سلهمة عطر;1010684879;تسويق إلكتروني;https://salhmah.com;;;salhmahperfume@gmail.com;566270080;Active;10;2
Robo;روبو;;تسويق إلكتروني;https://salla.sa/robosa;;;omarawad097@gmail.com;538448313;Active;0;0
Alajdl;الأجدل;;أخرى;https://alajdalstore.com/;;;Alajdal.sa@gmail.com;590095333;Active;0;0
;مندوب توصيل ومتسوق شخصي ;;أخرى;https://wa.me/message/F7JX5IGL42FZG1;;;inawai.93@gmail.com;596180914;Active;0;0
afaqalhader;افاق الحاضر;3550105772;حلول إلكترونية;http://www.afaqalhader.com;;;afaqalhader@gmail.com;553959766;Active;0;0
store fahd;متجر فهد الرقمي;;أخرى;https://salla.sa/store_fahd1;;;bo0y1@hotmail.com;559888538;Not Active;0;0
Swiftboost;سويفت بوست;;حلول إلكترونية;https://swiftboost.shop/;;;info@swiftboost.com;502906802;Active;0;0
Ameerah;أميره;4030400474;حلول إلكترونية;https://ameerahapp.com;;https://twitter.com/Ameerah_App;Info@ameerahapp.com;568720541;Active;0;0
terre;تيري;;أخرى;https://terreksa.com;;https://twitter.com/TERRE_KSA;terre.gro@gmail.com;500793671;Active;0;0
hamer aen telecom ;حمرعين للإتصالات;;إلكترونيات واكسسورات;https://salla.sa/hr_kfj1;;;b550004831@gmail.com;550004831;Active;0;0
Brilliant Souq;سوق برلنت;1010449487;تسويق إلكتروني;https://brilliantsouq.com;;;sales@ivtc.com.sa;535557607;Active;0;0
HR Services By Consultant FAHAD ALSHMSAN ;خدمات موارد بشرية للمستشار فهد  الشمسان;;أخرى;http://linkedin.com/in/fahadalshmsan;;https://twitter.com/alshamsan_fahad;faashmsan@gmail.com;553444133;Active;0;0
Hana Boutique;هناء بوتيك;;أثاث وديكور;https://hanaboutiquesa.com/;;https://twitter.com/hanaboutiquesa;hanaboutiquesa@gmail.com;531993085;Active;0;0
Creativity Journey Training Center;مركز رحلة الإبداع للتدريب;1010220932;أخرى;https://ralebdaa.com/;;https://twitter.com/k_alshulail;kalshulail@gmail.com;504733030;Active;0;0
Mukhtar Store;متجر مختار;;تسويق إلكتروني;https://salla.sa/mukhtarstore;;;mukhtarstore4@gmail.com;546975703;Active;0;0
;مؤسسة ذهبة للتمور الفاخرة;1010689173;أخرى;https://www.thahaba.com;;;anas1601111@gmail.com;502122976;Active;0;0
Popgere;بيع حسابات بوبجي شحن ببجي  ;;تسويق إلكتروني;https://t.me/salemnn098;;;salmndal50@gmail.com;577858285;Not Active;2;1
abdul rahman zabn nami aimutairi;عبدالرحمن زبن نامي المطيري;4650228657;أخرى;http://www.expandcart.com/ar/createstore/?code=2068d594d023068e2799f1eb905622f9;;;dhwm6337@gmail.com;563101240;Active;0;0
Foam;فوم;;تسويق إلكتروني;https://vm.tiktok.com/ZSJNDr7qN/;;;reem.alaufi@gmail.com;544062268;Active;0;0
Asharah V  Wahid Digital Marketing;عشرة في واحد للتشسويق الالكتروني;4700112767;تسويق إلكتروني;https://10inn1.com/;;;info@10inn1.com;561030139;Active;0;0
ele gant;إيلي جانت;;مستلزمات المرأة;https://zid.store/normal-store;;;elegantt.sa@gmail.com;551579222;Active;0;0
Coffeealkhod;قهوة الخود;;أخرى;https://maroof.sa/191973;;;Dana-9155@hotmail.com;501843648;Active;0;0
Shamri Communications store;متجر الشمري للاتصالات;;إلكترونيات واكسسورات;https://salla.sa/jawalak1;;;saaiyd2030@gmail.com;504670989;Not Active;0;0
Your phone is on the phone;جوالك للاتصالات;;إلكترونيات واكسسورات;https://salla.sa/saaiyd2030;;;saaiyd2030@gmail.com;504670989;Active;0;0
emerald1;رمزد١;;مستلزمات المرأة;https://salla.sa/emerald44;;https://twitter.com/44emerald1;mayalotaibi89@gmail.com;540645457;Active;0;0
wow luxury; واو الفاخرة;;أخرى;https://www.wow-s.com/;;;sultanalasmary4@gmail.com;595959950;Active;0;0
CottageCore;فساتين يومية;;مستلزمات المرأة;https://cottagecore.us;;;cottagecoren@gmail.com;501799067;Active;0;0
;متجر بيع حسابات ببجي شحن شدات;;تسويق إلكتروني;https://t.me/PO_TS;;;mzar1745@gmail.com;599042365;Not Active;2;1
 Luxury jewelry;مجوهرات لكجري ;;أخرى;https://theluxuryac.com;;;kaziz94n@gmail.com;555419031;Active;0;0
Melfa  abayaa;ملفع وعبايةة;;مستلزمات المرأة;https://salla.sa/melfaabaya;;;faisalfyadh@gmail.com;552227180;Not Active;0;0
mnash;مناش;;أخرى;https://mnash1.com;;https://twitter.com/mnash2025;mnash.2025@gmail.com;590451878;Active;0;0
AT hisabat;اتي حسابات ببجي ;;أخرى;https://t.me/Aws1418;;;os22002g@gmail.com;531815359;Not Active;0;0
Almerraj;الميراج ;2251037311;تسويق إلكتروني;https://salla.sa/almerraj322?expires=1615552968&identifier=879636015&utm_source=dashboard&signature=18c8b4a29a7697ad2f98998af4c52e827307df1e54d27d32cc40381a3a818af4;;;ihamad_ali@icloud.com;563227222;Active;0;0
Surrh;صرة لتقنية المعلومات;;أخرى;Https://surrh.com;;;Asao2010@gmail.com;546879591;Active;0;0
Ngngah;نقنقه زون;;مطبخ و مخبوزات;https://iwtsp.com/966563884228;;;Missmema91@yahoo.com;563884228;Active;0;0
Royal stor;رويال لرقميات;4650228693;تسويق إلكتروني;https://royall.com;;;nnn56899@gmail.com;562730158;Active;0;0
Nesmat Tuwaiq;متجر نسمة طويق;;تسويق إلكتروني;https://ntwiq.com;;;nesmttwiq@gmail.com;582238967;Active;0;0
;شعيرات الزعفران;;تسويق إلكتروني;https://salla.sa/saffron21;;;borayan2020@gmail.com;504922430;Active;0;0
111Mera;ميرا 111;;تسويق إلكتروني;https://twitter.com/idresspi?s=21;;https://twitter.com/idresspi?s=21;ellfend19@gmail.com;503471560;Not Active;5.2;10
Chonsa Art;تشونسا آرت;;أخرى;https://salla.sa/chonsa_art;;https://twitter.com/Chonsa_Art;toma_artist@hotmail.com;544610537;Active;0;0
Pets Loot;بيتس لوت;;تسويق إلكتروني;https://petsloot.com;;;info@petsloot.com;594446003;Not Active;0;0
Ar hisabat babajin;اتي حسابات;;أخرى;https://t.me/Aws1418;;;os22002g@gmail.com;596885866;Not Active;0;0
Zeafraniah;زعفرانية للتجارة;1186101272;أخرى;Https://zeafraniah.com;;;Zeafraniah@gmail.com;560880248;Active;0;0
Learn with ysma;تعلم مع يسمى;;تصميم وطباعة;https://salla.sa/learnwithysma;;https://twitter.com/learnwithysma;learnwithysma@gmail.com;544665224;Active;0;0
Obayah line;عبيه لاين;;مستلزمات المرأة;https://salla.sa/obayah_line?expires=1615554811&identifier=746848930&utm_source=dashboard&signature=1e182d85f85e8bb59924a9efc450fa548a543c3c819277c8942f8ff2cc48e745;;;Amalartist21@gmail.com;569463707;Active;0;0
Moon phases ;مراحل القمر للعطور;;تسويق إلكتروني;https://moon-phases-sa.com/;;;y.d.almarzoqi@gmail.com;570990292;Active;0;0
On her wrists;على معصميها;;مستلزمات المرأة;https://salla.sa/onherwrists;;;onherwrists@gmail.com;552740535;Active;10;4
matjar sahm alsiyad;متجر سهم الصياد ;;أخرى;https://salla.sa/arrows500;;;ssaalleehh1188@gmail.com;501949610;Active;0;0
Talah Palms for Premium Khalas with Saffron;تالة النخيل لتمر الخلاص بالزعفران الفاخر;1010693546;أخرى;https://www.talah-palms.com;;;sales@talah-palms.com;550093070;Active;0;0
PUBG STORY5;متـجر بيع حسابات بوبجي;;تسويق إلكتروني;https://t.me/PUBG_RT1;;;rtaboali1@gmail.com;573112475;Not Active;6;4
capwi;كاب واي;;إلكترونيات واكسسورات;https://salla.sa/capwi;https://instagram.com/capwi_;;a15699179@gmail.com;505650968;Active;10;1
Meelan store;ميلان ستوري;;تسويق إلكتروني;https://t.me/meelanstore;;;noor004nn@gmail.com;590000959;Active;3.8;9
Golden Bridge store ;متجر الجسر الذهبي;2051230823;إلكترونيات واكسسورات;https://goldenbridge-shop.com/;;;G.b.khobar@gmail.com;555151417;Active;0;0
Soukra and almonds;سكرة ولوز ;;مطبخ و مخبوزات;Http://www.maroof.sa;;;Mshael.mohmmed@gmail.com;580266628;Active;0;0
Platform helmet;منصة خوذة;1010594550;تسويق إلكتروني;https://khothah.sa/;;;Cs@khothah.sa;533811129;Active;0;0
judi muneer hassan almuwafi foundation;مؤسسة جودي منير حسن الموافي;4650224180;أخرى;https://salla.sa/judijewels?expires=1615537507&identifier=1777107602&utm_source=dashboard&signature=b82c2868619893bb9c14426bfd4daeb613f5ff957e208cef181489dc27ca8af8;;;Medan.t@hotmail.com;547390599;Active;0;0
Asool Alanjaz;أصول الانجاز للخدمات التجارية ;1010569510;حلول إلكترونية;https://ausol.sa/;;;Almgdasi@gmail.com;555961328;Active;0;0
Abaq Omanis;عبق العمانية;;أخرى;http://www.amazon.sa;;;motazasiey5513@gmail.com;558857877;Active;0;0
;متجر الكترونك ريسلنك ;;إلكترونيات واكسسورات;https://salla.sa/my6mobile;;;fbnf00187@gmail.com;554873365;Active;9.7;3
Micro lip;توريد شفايف ;;كوافيرة و تجميل;https://www.azizah;https://instagram.com/az__micro;;azizah2005@icloud.com;583866638;Active;10;1
Loun;منصة لون;1010660402;أخرى;https://lounplatform.com;;;Lounlounplatform@gmail.com;567856684;Active;0;0
Rose shop1;متجر  روز;;تخطيط مناسبات وحفلات;https://salla.sa/rose66i;https://instagram.com/rose6i;;rosenaif686@gmail.com;554909614;Active;0;0
me time appliances;اجهزة مي تايم;;أخرى;https://metimeappliances.com/;;;metime.appliances@gmail.com;567355877;Active;0;0
Tech science store;علم التقنية;;إلكترونيات واكسسورات;https://is.gd/scZNaw;;;Tech.store35@gmail.com;536013648;Active;0;0
Alasrar;الأسرار;;أخرى;https://www.alasrar19.com;https://instagram.com/bero0o19;;Mubary19@gmail.com;500659738;Active;10;1
jazert elrayan;جزيرة الريان;1010613211;أخرى;https://jazertelrayan.com;;;3bdelr7man.3ttia@gmail.com;557386216;Active;0;0
;متجر بخور وعود ;;أخرى;https://salla.sa/alwid-r?expires=1615278410&identifier=828529623&utm_source=dashboard&signature=3f162866a5b2a4feb9b2168980417078ddddb8d762f746aa8f8b139b040c96b2;;;rose-a44@hotmail.com;530229226;Active;0;0
Lacasa Perfumes;متجر لاكاسا للعطور الفاخره ;1010692015;أخرى;https://llacasa.com;https://instagram.com/llacasa.sa;;sales@llacasa.com;501715754;Active;0;0
Saint etienne;سان اتيان;;أخرى;https://thesaintetienne.com/;https://instagram.com/se.perfumes;;Se.perfumes.sa@gmail.com;590011151;Active;0;0
Bullet Store X;متجر بوليت اكس ;;أخرى;https://t.me/BulletStorex;;;sherbeeni.talak@gmail.com;559260442;Active;0;0
airtapsa;أير تاب;;تسويق إلكتروني;https://airtapsa.com;https://instagram.com/airtapsa;;info@airtapsa.com;543845797;Not Active;0;0
Safaa algetha;صفاء الغذاء;4030361540;أخرى;https://www.myhoneyspoon8.com;;;fahad_kha0544@yahoo.com;573105717;Active;0;0
Contempo;متجر كونتيمبو;1122101613;مستلزمات المرأة;https://contempoksa.com/;https://instagram.com/contempoksa;;ContempoKSA@gmail.com;594607760;Active;0;0
aroma makkah;أروما مكة  عبق العود والبخور والعطور ;;أخرى;https://salla.sa/aromamakkah;;;aromamakkah@gmail.com;533733716;Active;0;0
;راء زين;;الحرف والصناعات اليدوية;https://salla.sa/raa.zain;https://instagram.com/raa_zain;;rasan839@gmail.com;536307542;Active;0;0
Tic Tac Toy;ألعاب تيك تاك ;;أخرى;https://toytictac.com/;;;tictac.eshop@gmail.com;503946465;Active;0;0
Decorators Lab;معمل المصممون;;تسويق إلكتروني;https://decoratorslab.com;;;decoratorslabofficial@gmail.com;566770444;Active;0;0
preztec;بريزتك;;حلول إلكترونية;https://salla.sa/preztec;https://instagram.com/preztec;;preztec4@gmail.com;502046848;Not Active;0;0
a m BAKERY;مخبز أ م;;مطبخ و مخبوزات;https://salla.sa/5senses.bakery?expires=1615491299&identifier=937088134&utm_source=dashboard&signature=f346448a5400e51329a435e1176121cc53fd0353bd44bf935d1ac91c7eadae22;https://instagram.com/a.m.bakery21;;asmaa.world20@gmail.com;547696054;Active;0;0
;صنع بيدي;;تسويق إلكتروني;https://salla.sa/rishmubadae;;;albader__@hotmail.com;558828058;Active;0;0
D7ME ACCOUNTS;حسابات دحمي;1010634728;تسويق إلكتروني;https://t.me/D7MEACCOUNT;;;Dhme95@outlook.com;501538153;Active;9;41
Resin lights;اضاءة بالريزن;;الحرف والصناعات اليدوية;https://salla.sa/marn;https://instagram.com/resinmarn;;Resinmarn@gmail.com;559048100;Active;0;0
Enterprise Technology Solutions;تقنية حلول المشاريع;;أخرى;https://maroof.sa;;;thtechsa@gmail.com;559544466;Active;0;0
fares sa;فارس عبدالله الزهراني ;;إلكترونيات واكسسورات;https://t.me/fareshzz;;;farssxls@gmail.com;553821443;Active;0;0
accuont;اصلاح جميع انواع الحواسيب صيانة الجوالات;;حلول إلكترونية;https://maroof.sa/;;;m.aseeer.7@gmail.com;546876908;Not Active;0;0
B H;ب اتش ;;أخرى;https://salla.sa/b.socks?expires=1615489955&identifier=1800966781&utm_source=dashboard&signature=2564114fb18ceafe705403fcf95d87ac62d1f9659f08009e1f33662e9c116fbe&_gl=1*1l6gjv0*_gcl_aw*R0NMLjE2MTUxNTI3OTIuQ2p3S0NBaUFrSktDQmhBeUVpd0FLUUJDa3RzYlF2bENSYkFvN1JaWkd1Y0o2WnpxNDN6WFktalBuLTdOWFhMS2p6UzhGTzJZZkNSZlFob0NHYU1RQXZEX0J3RQ..;;;besh.almutaiiri@gmail.com;548680264;Active;0;0
Store mim; مييم ;;أخرى;https://salla.sa/memcup?expires=1612866541&identifier=494466363&utm_source=dashboard&signature=b03e4e4ec0106777e7228f85aa9c8d10fb044fa76700278398f852b276a3a274;;;Maimoma1234321@gmeil.com;558650227;Active;0;0
Hooney Spoon;مؤسسة ملعقة عسل التجارية;2051229968;أخرى;https://zid.store/hooneyspoon/;;;hooneyspoon@gmail.com;546655205;Not Active;0;0
NorahArt;نوره فن;;أخرى;https://salla.sa/nouraart3;;;naljohani09@gmail.com;565828128;Active;0;0
mok3ab;متجر مكعب;4030397979;أخرى;https://mok3ab.com;;;mo2012dy@gmail.com;556942514;Active;0;0
mem oud;متجر ميم للعود والعطور;;أخرى;https://salla.sa/mem-oud;https://instagram.com/mem.oud_;;tameer3636@hotmail.com;557557079;Active;0;0
Mix Products;منتجات مكس;;أخرى;https://maroof.sa/191729;;;galactic4357@gmail.com;582443441;Not Active;0;0
;كن تاجر;3402102194;خدمات أكاديمية;https://salla.sa/dealerr2030?expires=1615485879&identifier=382448444&utm_source=dashboard&signature=8c9c8353aad53f2873582c15fdda45d1108dd2e4f4a60240366738201896fbda;;;dealerr2030@gmail.com;508442526;Active;0;0
Hello electronic;هيلو إلكترونيك;;إلكترونيات واكسسورات;https://salla.sa/hello_electronics/orders;;;alammarosama89@gmail.com;557731065;Active;0;0
etqan medical courses;منصة اتقان الطبي;;خدمات أكاديمية;https://etqanmedical.com/;;;info@etqanmedical.com;532729275;Active;0;0
Alg7adeer;متاجر الغدير ;;تسويق إلكتروني;https://salla.sa/alg7adeer;;;Ebrahim5006000@gmail.com;593681330;Active;0;0
Oud daralezz ;دار العز للعود والزعفران الفاخر;;تخطيط مناسبات وحفلات;https://salla.sa/daralezz?expires=1615474859&identifier=1650934791&utm_source=dashboard&signature=c90ae1db3b20b9009311ab809ad33b110c5b6f773aed6267321114ab8362ace4;;;G00m23@hotmail.com;504348159;Active;0;0
;واحد للورد الطائفي;;أخرى;https://wahedstore.com/;;;storewahed@gmail.com;505870707;Active;0;0
Mybag711;حقيبة تسوق للماركات المخفضة;2031105632;تسويق إلكتروني;https://salla.sa/maybag71;https://instagram.com/mybag711;;Fmusu17@gmail.com;502997891;Active;10;2
miskalbukhur;مسك البخور;;تسويق إلكتروني;https://miskalbukhur.com;;;miskalbukhur@gmail.com;539545000;Not Active;0;0
Ar hisabat babajiin;اتي حساب ب;;أخرى;https://t.me/Aws1418;;;osm.1800553@gmail.com;531815359;Not Active;0;0
msa shop;ماجد سعد المالكي;;تسويق إلكتروني;https://msacomp.daftra.com/;;;heart.taif@gmail.com;570367335;Active;0;0
;موسسة الثريا الأمنية;1010454864;أخرى;https://www.thuoraya.com/;;https://twitter.com/7TFqDEpWmnSAuiZ;toraya.cu.s@gmail.com;502111832;Active;0;0
mohtawaco;شركة محتوى كو  للتسويق ;1010686072;تسويق إلكتروني;http://mohtawaco.co;;;support@mohtawaco.com;531039008;Active;0;0
AlFaleh for oud;الفالح للعود;;أخرى;https://salla.sa/falehoud;;;Faoo278@gmail.com;555729772;Active;0;0
The Full City;مؤسسة المدينة الممتلئة للتجارة;1010644743;أخرى;https://www.thefullcity.com;https://instagram.com/thefullcity;https://twitter.com/TheFullCity;contact@thefullcity.com;501809115;Active;0;0
Mastery Step;شركة خطوة إتقان التجارية ;1010655513;أخرى;http://masterymsc.co;;;support@masterymsc.co;539350037;Active;0;0
SIZIO;سيزيو;;مستلزمات المرأة;https://salla.sa/siziostore?expires=1615397157&identifier=634675416&utm_source=dashboard&signature=558a177bf6889070d287915751af8b56bd238a364c51b781d7cda1aef25bebb7;;;riziostore@gmail.com;507275635;Active;0;0
Dmank;ضمانك;1010690757;تسويق إلكتروني;https://www.sy-2.com;;https://twitter.com/sy_2com;support@sy-2.com;553331700;Active;0;0
RoseMaryperfumes;روزماري للعطور;4030160034;تسويق إلكتروني;https://www.rosemaryperfumes.com/;https://instagram.com/rosemaryperfumes;;Contact@rosemaryperfumes.com;535253777;Active;2;1
aljod lksr alod;الجود لكسر العود;1010694422;تسويق إلكتروني;http://www.aljood-sa.com/;https://instagram.com/aljod_lksr_oud;https://twitter.com/aljodlksraloud;aljodllood@gmail.com;594977227;Active;10;1
No storex;تم اقفال المتجر;;تسويق إلكتروني;https://t.me/DaN;;;Dana1992@hotmail.com;592744628;Not Active;7.5;16
Almardonalmlki;المردون الملكي ;2057471610;أخرى;https://almardonalmlki.com;;;info@almardonalmlki.com;559336308;Active;0;0
Sjadat;سجادات صلاة مبطنه ;;تسويق إلكتروني;https://maroof.sa/addbusiness/AddBusinessWizard;https://instagram.com/kol_shy_2030_?igshid=17otypz9crtoy;;manalmanal1300@gmail.com;500941825;Active;0;0
AlphaX Store ;متجر الفا اكس;;إلكترونيات واكسسورات;https://www.alphax-store.com;;;alphaxstore1999@gmail.com;571974690;Active;10;2
Laferstore;لافير متجر;;مستلزمات المرأة;https://salla.sa/lafer.store1/cart;https://instagram.com/lf.store1;;Oe__0@hotmail.com;544181943;Active;0;0
elphybaby;الفي بيبي;1010479096;تسويق إلكتروني;https://elphybaby.com;;;ecom@elphybaby.com;508382726;Active;10;1
Perfume trading;تجارة العطور;4030409040;أخرى;https://zid.store/emeraldperfumes/;;;Noumaniii26@gmail.com;532310707;Active;0;0
;متجر المؤيد  ;;تسويق إلكتروني;https://salla.sa/almuayid?expires=1615467290&identifier=2123424138&utm_source=dashboard&signature=c11d606e250bfbf07d006665552c57ee5d5aefef09d02ebd24b15cc3c8aca456;https://instagram.com/oud.n5;;mjoode6666@icloud.com;504776803;Active;0;0
talabaktm;طلبك تم;4031246000;أخرى;https://www.talabaktm.com;https://instagram.com/talabaktm;https://twitter.com/talabaktm;talabaktm@gmail.com;563396069;Active;0;0
NControl;مركز التـحـكـم;1010686913;أخرى;http://n12q.com/;;;n1324c@gmail.com;581760275;Active;0;0
shifaty;شيفاتي;4030409548;أخرى;https://shifaty.com;;;info@shifaty.com;555317367;Active;0;0
Thermo phone;ثيرمو فون;;إلكترونيات واكسسورات;https://thermo-phone.com;https://instagram.com/thermophone_1;https://twitter.com/Thermophone_1;thermophone.1@gmail.com;598781744;Active;0;0
 BEES PANCAKE;بييس بان كيك ;4030594847;مطبخ و مخبوزات;https://salla.sa/www.gharasaltyib.com;;;gharas.altyib@gmail.com;560551553;Active;0;0
alghanem oud;الغانم للعود;;أخرى;https://oudalghanemq.com;;;a20301998@gmail.com;550867679;Active;0;0
Ahmad Hamad Alhozaimi;أحمد حمد الحزيمي;;أخرى;https://candleelegency.com/;;;candleelegancy@gmail.com;500959617;Active;0;0
rishasa; ريشة ستور;;تسويق إلكتروني;https://risha-sa.com;;;risha8sa@gmail.com;509597993;Active;10;6
sleeptime;سليب تايم;1010157969;أخرى;http://ks.sa//1l3u;https://instagram.com/sleep_timeksa;;sleeptimekas@gmail.com;563516554;Active;0;0
shyar perfume;شيار للعطور;1010693372;أخرى;https://shyar.net/;;;shyar.perfume@gmail.com;501804046;Active;0;0
vintage Chair;فنتج شير ;;أثاث وديكور;https://zid.store/vintage-chair;;;Hadeellsalamh@gmail.com;504101593;Active;0;0
Asrar Store;متجر أسرار;4650226378;أخرى;https://asrarstore.com;https://instagram.com/asrarstore.sa;https://twitter.com/asrarstoresa;asrarstore.sa@gmail.com;576123055;Active;0;0
besweet;كن لطيف;;أخرى;https://besweet88.com;;;awam885@gmail.com;551412346;Active;0;0
DRZ;درز براند;4030404117;تسويق إلكتروني;https://drz.sa.com/;;;support@drz.sa.com;566585070;Active;0;0
erzeez store;متجر إرزيز;;تسويق إلكتروني;https://erzeezstore.com;https://instagram.com/erzeezsa;https://twitter.com/erzeezSA;admin@erzeezstore.com;538831174;Active;0;0
Online store for Al Ber Charity Society Mastorah;متجر جمعية البر الخيرية بمستورة;4602006523;تسويق إلكتروني;https://mastorahbr.org.sa/shop;;;admin@mastorahbr.org.sa;559305240;Active;0;0
ALKHURAIS FOR OUD;الخريص للعود;1010408600;أخرى;https://alkhurais.com/;;;al-khares@hotmail.com;557717917;Active;10;1
wasan world ;عالم وسن ;1010691045;إلكترونيات واكسسورات;https://wa5an.com/index.php?route=common/home;;;alamwasan@gmal.com;582763713;Active;0;0
Setup factory;سيت اب فاكتوري;2051232295;إلكترونيات واكسسورات;Https://www.setupfactoryco.com;;;Majah92@setupfactoryco.com;592261221;Active;0;0
Crunch it ice cream;كرنش ات ايسكريم;;مطبخ و مخبوزات;https://crunchitksa.com/;;;crunchit.sa@gmail.com;563065268;Active;0;0
Purchasing broker;منصة وساطة وسيط مشتريات ;;تسويق إلكتروني;https://beta.haraj.com.sa/users/almousa231;;;almousa231@gmail.com;559077478;Not Active;8.4;5
safe trading commercial agency;وكالة التداول الامن التجارية;;تسويق إلكتروني;https://alsanad-alamen.wixsite.com/altadawul;;;dr.sanad@protonmail.com;596823602;Active;0;0
KINAZ33;كيناز لفساتين الاطفال ;;مستلزمات المرأة;https://www.kinaz31406@.com;;;kinaz31406@gmail.com;537834446;Active;0;0
;مؤسسة قطرة زلال التجارية;4030409879;أخرى;https://qzolal.com;https://instagram.com/q.zolal;https://twitter.com/Q_zolal;Q.zolal@gmail.com;500929341;Not Active;0;0
keychain valley;وادي سلسلة المفاتيح;;إلكترونيات واكسسورات;https://salla.sa/keychainvalley?expires=1615423054&identifier=1130287238&utm_source=dashboard&signature=a8f6c4c2e8589e6af5c7ef071d6b15e64f2160a87113a3c3dc02a0257a4f40df&_gl=1*g56lvt*_gcl_aw*R0NMLjE2MTQ2NTYwNjcuRUFJYUlRb2JDaE1JdzdlY3Z0YVE3d0lWNlFXaUF4M0pzUWlkRUFBWUFTQUFFZ0pKbF9EX0J3RQ..;https://instagram.com/keychain_valley;;keychain.valley@gmail.com;504463022;Active;0;0
Lamsar Rawond;لمسة رواند ;;مستلزمات المرأة;https://salla.sa/lamsatrawond;;;rawond_90@hotmail.com;557376434;Active;0;0
Liberty Apparels;ليبريتي أبيرلز;;أخرى;https://www.libertyapparelssa.com;;;Support@libertyapparelssa.com;569765750;Active;0;0
Stark Shop;ستارك شوب;;أخرى;https://salla.sa/starkshop;;;nayfbdall762@gmail.com;556358044;Active;0;0
Bokoos;بوكوس;;تسويق إلكتروني;https://www.bokoos.com;;;m2s00g4@hotmail.com;599744449;Active;0;0
Juhaina for Design and Calligraphy Services ;متجر جهينة لخدمات التصميم والخط العربي;;أخرى;https://wa.me/c/966501052667;https://instagram.com/juhkhat;;JuhainaCalligraphy@gmail.com;501052667;Active;0;0
Henna ALmadina;متجر اداوات التجميل والحناء وجميع مسلزماتها;4700112220;كوافيرة و تجميل;https://salla.sa/henna_almadina;;;ayman412juh@gmail.com;545851517;Active;0;0
base line thread;خط الاساس;;أخرى;https://blt11.com;;;boyslifeteam@gmail.com;562322356;Active;0;0
juliet lteeb ;جولييت لطيب ;;أخرى;https://julietlteeb.com/;https://instagram.com/juliet_lteeb;;juliet.lteeb@gmail.com;551517162;Active;10;1
Change their website;تم نقل العمل الى مشغل اخر;;تسويق إلكتروني;https://bbcdergffd.com/;;;1246fghhbf@gmail.com;574543158;Not Active;2;1
303;٣٠٣;;أخرى;https://salla.sa/by_303;https://instagram.com/by__303;;braand303@gmail.com;531911098;Active;0;0
Sands studio;ساندز ستديو;1010693127;أخرى;Https://sandsstudio.org;;;nouf.h@hotmail.com;500659858;Active;0;0
The world of accessories;عالم الاكسسوارات ;;إلكترونيات واكسسورات;https://salla.sa/twoa;;;mm.ss.1442m@gmail.com;538773794;Active;0;0
matgarrr;متجرييي;;الحرف والصناعات اليدوية;https://www.matgarrr.com;;;matgarrrrr@hotmail.com;555443321;Not Active;0;0
SumuuStore;سمو ستور;;أخرى;https://salla.sa/sumuu.com?expires=1615410797&identifier=1907406348&utm_source=dashboard&signature=2f89f905ab2fb16f7377d8b1c167998efb64c8fd3623c835608853fe9c0909a6;https://instagram.com/sumuustore;https://twitter.com/sumuustore;Sumuustore@gmail.com;531077749;Active;0;0
noon deal;مؤسسة صفقة نون للتجارة;4030408357;تسويق إلكتروني;https://zid.store/noondeal/;;;noondeall@gmail.com;509609555;Active;0;0
Thumbprint basmty;بصمتي للأبداع ;;أخرى;https://creativethumbprint.com/;https://instagram.com/thumbprint_bsmty;;Zahra10zaki@gmail.com;501848232;Active;9.7;3
Luka Store;متجر لوكا;;أثاث وديكور;https://salla.sa/lukastore?expires=1615934492&identifier=1262846433&utm_source=dashboard&signature=42624f6d494c3a549594c7359ed8e1de50bbb6e0047cb159ce7ed55609ff60bd;https://instagram.com/lukastore23;;Lukaaaeta22@gmail.com;566869858;Active;10;1
Orientalodor;روائح شرقية;;تسويق إلكتروني;https://bit.ly/3esmGXq;https://www.instagram.com/orientalodor/;;Orientalodor@gmail.com;505662386;Active;10;1
silva flawr dren;سيلفا للصفايات;1131311583;أخرى;https://silva2021sa.com/;;;silva2021sa@gmail.com;554699729;Active;0;0
;بيع منتجات متنوعة;;إلكترونيات واكسسورات;https://kwaidi.com/abs;;;weird199@gmail.com;550743288;Active;0;0
anjizha;تطبيق انجزها;4030382997;حلول إلكترونية;https://www.anjizha.com/;https://instagram.com/anjizha;https://twitter.com/anjizha;anjizha.com@gmail.com;545271429;Active;0;0
Bilal Matjar;متجر بلال;;إلكترونيات واكسسورات;https://salla.sa/bilalmatjar?expires=1615538420&identifier=105598248&utm_source=dashboard&signature=9df0413b1fc5799c8c94fd90c683be2adae778d8b89a44a8bdfb7a59e611e602;https://instagram.com/bilal.matjar;;bilal88890@gmail.com;507249023;Active;0;0
lamsat faa;متجر لمسة فاء ;;الحرف والصناعات اليدوية;https://salla.sa/lamsat_faa?expires=1615383845&identifier=710457438&utm_source=dashboard&signature=3d91b11ce336b1c09f56f03fb6a550dd00753990870e0beb62cb3d9a1deb1a4d;https://instagram.com/lamsat_faa;;wafakhaled900@gmail.com;500127242;Active;0;0
Bader Faisal;بيع اكترونيات;;إلكترونيات واكسسورات;https://s.salla.sa/bdran31;https://instagram.com/3m8;;Bdrywc@gmail.com;533699054;Not Active;0;0
FirstCommand;متجر الأمر الأول;1010897721;إلكترونيات واكسسورات;https://firstcmd.com/;;;firstcommand2017@gmail.com;581669666;Active;0;0
UsaBrands;براندات امريكية;;تسويق إلكتروني;https://api.whatsapp.com/send?phone=966590288080;https://instagram.com/usa_brands99;;usa1brands99@gmail.com;590288080;Active;0;0
qenz;كينز;;حلول إلكترونية;https://salla.sa/qenz;https://instagram.com/qenz;;adool1122334461@gmail.com;501898627;Active;9.7;3
WASEEM TOONSI;وسيم تونسي;;أثاث وديكور;https://waseemtoonsi.com;;;waseemtoonsi@gmail.com;541180012;Active;0;0
la FLUERE ;الورود;;مستلزمات المرأة;https://salla.sa/lafluere;https://instagram.com/la.fluere;;lamiaabuthaneen@gmail.com;552058305;Active;0;0
Lola Store;متجر لولا لبيع رسومات الأنمي كمنتجات;;أخرى;https://lolastore1.com;https://instagram.com/lola.store_;https://twitter.com/Lola_store_;lola.store856@gmail.com;537175856;Active;10;1
Account p trelh;متجر الوسام تريله;;تسويق إلكتروني;https://salla.sa/accrrtrff;;;P_s8@hotmail.com;599827777;Active;10;1
futurukum;متجر فطوركم;;أخرى;https://salla.sa/futurukum;;;ruaid1425@gmail.com;536166323;Active;0;0
hikayathulwa;حكاية حلوة;5850130881;تسويق إلكتروني;https://hikayat-hulwa.com/;;;nnof-99-sd@hotmail.com;536351555;Active;0;0
Scientific centre for scietific studies ;المركز العلمي للدراسات والبحوث العلمية;;خدمات أكاديمية;http://rageh92.simplesite.com;;;rgohe28@gmail.com;591029505;Active;0;0
Sparkles resin shop;سباركلز لاعمال الريزن;;الحرف والصناعات اليدوية;https://salla.sa/sparklesworkshop;https://instagram.com/sparkles_workshop;;Meme_Uepi@hotmail.com;581293025;Active;0;0
Primerose;بريم روز;;تسويق إلكتروني;https://salla.sa/www.primerose.com;https://instagram.com/primeroseksa;;yass1055@Yahoo.com;507858635;Active;0;0
sahelha;سهلها للتعقيب;;أخرى;https://wa.me/message/AC2LBV6PEUSPE1;;;SahelhaCare@gmail.com;541537181;Active;10;11
Prinseese;الأميرات لفساتين الاطفال;;أخرى;https://salla.sa/a_princesses_a?;https://instagram.com/a_princesses_a;;the-4-s@hotmai.com;545340180;Active;0;0
Solid Tech Est;مؤسسة التقنية الصلبة;2053034036;إلكترونيات واكسسورات;https://www.solidtech.sa;https://instagram.com/solid.tech;;solid.tech.est@gmail.com;549748218;Active;0;0
AN;آآن;;أخرى;https://salla.sa/anan506113;;;AnAn506113@gmail.com;582901474;Active;0;0
 Blue Oud;العود الأزرق الأول;;أخرى;https://s.salla.sa/home/;;;BlueOud.001@gmail.com;555594258;Active;0;0
abeaq store;متجر عبق الالكتروني;;إلكترونيات واكسسورات;https://abeaq.com/;;;abdalaziz.shafi@gmail.com;538369857;Active;0;0
wajed;واجد;;أخرى;https://wajed-sa.com;https://instagram.com/alkoon2020a;https://twitter.com/Alkoon2020a;asiareik@gmail.com;592573255;Active;0;0
New Options Store;متجر نيو أوبشنز;;إلكترونيات واكسسورات;https://salla.sa/newoptions;;;newoptions.store@gmail.com;569026023;Not Active;0;0
tree optics;تري أوبتكس;2053114372;أخرى;https://treeoptics.com/;https://instagram.com/tree.optics;;info@mizanutd.com;594115563;Active;0;0
beto marketing;بيتو ماركتنق;;تسويق إلكتروني;https://betomarketing.com;;;info@betomarketing.com;549490815;Active;0;0
Nex;نكس;;تصميم وطباعة;https://nex-sa.com/;;;support@nex-sa.com;570728648;Not Active;0;0
Shopping of elegance;أناقة التسوق;;أخرى;https://salla.sa/shopping_elegance;https://instagram.com/elegance1442;;adc69001200@gmail.com;547283435;Active;0;0
Pluma perfume ;عطورات بلوما;1010693023;أخرى;https://pluma-perfume.com/;https://instagram.com/pluma.perfume;;Pluma.perfume@gmail.com;545555181;Active;0;0
PUBG FINSH;بيع حسابات ببجي فنش;;أخرى;https://t.me/mmpp6865;;;alotaibidjdj@gmail.com;551443161;Not Active;0;0
Ra7Tak;راحتك للتوصيل;2055123991;تسويق إلكتروني;https://Www.ryada-sa.com;;;Ceo@ryada-sa.com;505557038;Not Active;0;0
Smartofferksa;العرض الذكي;4030409072;السيارات;https://salla.sa/smartoffer;;;k3alnahdi@hotmail.com;538322247;Active;0;0
Kitchenanmore;مطبخ وأكثر;4030409536;تسويق إلكتروني;https://www.kithenandmore.me;;;n.alhaidari@hotmail.com;569667499;Active;0;0
Zaffer;زعفر;1131304121;تسويق إلكتروني;https://zaffer.sa/;;;info@zaffer.sa;535270002;Active;0;0
cookielines;كوكي لاينز;;مطبخ و مخبوزات;https://salla.sa/cookielines;;;monaalqauiti@gmail.com;501754608;Not Active;0;0
Sender;برنامج ــ المرسل الذكي ــ;;حلول إلكترونية;http://wa.me/966554988249;;;WhatsappAli88@gmail.com;554988249;Active;0;0
Reaction Store;متجر رياكشن;;أخرى;https://k1n8.com;;;k1n8@hotmail.com;530845566;Active;0;0
Atyab Alemarat;أطياب الإمارات;1010687887;تسويق إلكتروني;http://www.atyabalemarat.com/;;;info@atyabalemarat.com;509441949;Active;0;0
Bab;باب;1010236729;حلول إلكترونية;http://bab.com.sa/;;;Info@bab.com.sa;505206074;Active;0;0
saffron aljud;متجر زعفران الجود ;;أخرى;https://salla.sa/saffron_aljud;;;saffron.aljud@gmail.com;545321796;Active;0;0
mo3idat;معدات لتأجير مواد ومعدات البناء;;حلول إلكترونية;https://muddat.com;;;fahadz.ksa@hotmail.com;530682225;Active;0;0
ramem;راء ميم ;;أخرى;https://t.me/MR_rm92;;;rhfa76465@gmail.com;580341291;Active;0;0
Jovanna;جوفانا;;إلكترونيات واكسسورات;https://salla.sa/jovanna;;;Mohammed.al-abdullah@outlook.com;508881069;Active;0;0
Enviable;إنفيبل;;أخرى;https://enviablesa.com/;https://instagram.com/enviable_sa;;enviable.business@gmail.com;566259531;Active;0;0
lorrying ;لورينغ;1010454969;أخرى;https://www.lorrying.com;;;khaled.alshamsi@lorrying.com;565888860;Active;0;0
souqf1;سوق في ون;5954100325;تسويق إلكتروني;https://souqf1.com;;;a3nahdi@gmail.com;506788980;Active;0;0
boxesstoree;بوكس ستورر;;تصميم وطباعة;https://zid.store/boxes-storee;https://instagram.com/boxes_storee;;boxes.storee@gmail.com;501446840;Active;0;0
BUbGY;بيع حسابات ببجي و وساطة;;حلول إلكترونية;https://t.me/joinchat/RgJxdn4J2r0ERJZi;;;Kkwkwm2@gmail.com;548160942;Not Active;9.4;28
Rouh cosmetics;عناية روح;;مستلزمات المرأة;https://salla.sa/rouhcare;https://instagram.com/rouhcosmetics;;Rhmoniarori@gmail.com;550574506;Active;0;0
alkhairflowers;زهور الخير;1131312117;أخرى;http://www.alkhairflowers.com/;;;alblaihid@hotmail.com;542277922;Active;0;0
Selling electronic games;بيع العاب الكترونيه;;تسويق إلكتروني;https://t.me/pubgeeeeeeee;;;Mshael25241@gmail.com;507666234;Active;0;0
Mukhmal Alteeb for Trading Est;مؤسسة مخمل الطيب للتجارة;2055129106;أخرى;https://mukhmalalteeb.com;;;info@mukhmalalteeb.com;534429673;Active;0;0
funny socks Store ;متجر الجوارب الظريفة ;1010449615;أخرى;https://salla.sa/funny_socks;;;iqenai@gmail.com;533106686;Active;0;0
ghazi barkat alabdli traden est;مؤسسة غازي بركات العبدلي التجارية ;2050206138;أخرى;https://www.alabdaliy.com;;;alabdali.crm@gmail.com;595338675;Active;0;0
LO SEQUOIA;لو سيكويا;;مطبخ و مخبوزات;https://salla.sa/lo_sequoia;https://instagram.com/lo_sequoia;https://twitter.com/Lo_sequoia;Lo.sequoia1@gmail.com;599726162;Active;10;6
bazaar store;متجر بازار الالكتروني;1010673254;إلكترونيات واكسسورات;http://bazaarstoresa.com/;;;saadmish2012@hotmail.com;533003800;Active;0;0
Athrion;آذريون;1011144350;أخرى;http://athrion.com;https://instagram.com/athrionksa;https://twitter.com/AthrionKSA;athrionksa@gmail.com;500303222;Active;0;0
ALAsayel for Oud;متجر الأصايل للعود;;أخرى;https://salla.sa/AL-Asayel;;;alasaylwd@gmail.com;569914999;Active;0;0
mlak craft;ملك كرافت;;تصميم وطباعة;https://salla.sa/mlak_craft?expires=1615361443&identifier=1133015079&utm_source=dashboard&signature=a15a3911c4fc04fab3556164da321c0771a2aae86f372f0765317a81f2e10e31;https://instagram.com/mlak.craft;;afnan2021@outlook.sa;501663260;Active;0;0
 abrj ejar;عقود ايجار الكترونية ;5855045843;العقارات;https://maroof.sa/179105;;;abraj3ssir@gmail.com;555984594;Active;0;0
bl3ckblue;بلاك بلو ;;مستلزمات المرأة;https://bl3ckblue.com/;;;fasalyam@gmail.com;582999778;Active;10;1
2Box store;بوكس ستور 2;;تسويق إلكتروني;https://discord.gg/PHZJ6b5;;;boxstore79@gmail.com;500000000;Active;0;0
Pubgg accounts ;متجر حسابات ببجي رخيصه;;تسويق إلكتروني;https://t.me/Yoyo00n;;;Yu.55.yy@hotmail.com;555766722;Not Active;0;0
Typist store;متجر تايبست;3550136254;أخرى;https://mobile.twitter.com/typiststor;;https://twitter.com/typiststor;typiststore1@gmail.com;534556420;Active;0;0
Nafhaaoud;نفحه عود;;أخرى;https://nafhaaoud.com/;;;Prencelove2009@hotmail.com;533305704;Active;0;0
yourstore00;متجرك غير ;;تسويق إلكتروني;https://yourstore00.com/;;;alahmari1413@hotmail.com;540846460;Active;0;0
Indigo tattoo ;إنديقو تاتو;;كوافيرة و تجميل;HTTPS://Instagram.com/in.dgo;https://instagram.com/in.dgo;;In.dgo@hotmail.com;561615458;Active;0;0
Matk Education Center;مركز متك للتعليم;1010657492;خدمات أكاديمية;https://matkedu.com;;;info@matkedu.com;532000689;Active;0;0
U4store;متجر يو فور;;أخرى;https://salla.sa/u4store;https://instagram.com/u4_store;;U4store_Support@gmail.com;533186670;Active;0;0
bbtt;مسقي لبان الذكر  وبخور ;;أخرى;https://salla.sa/shazkb;;;Zooz_shu@hotmail.com;536781449;Not Active;0;0
Saudi Exam;الاختبار السعودي;;خدمات أكاديمية;https://www.saudiexam.com;;;sunbulmohammed@gmail.com;501341847;Active;0;0
Reesha Moda;ريشة مودا;;مستلزمات المرأة;https://reeshaksa.com;;;swh691@gmail.com;531522909;Active;0;0
IDONT;انا لا;;أخرى;https://salla.sa/idont?expires=1615329678&identifier=692145119&utm_source=dashboard&signature=c25ce6f2c4019aaac280a670d97d39d82b57025dfd4527a9c8bb869e1c144f00&_gl=1*uyeswh*_gcl_aw*R0NMLjE2MTUzMjExNDYuQ2owS0NRaUExcHlDQmhDdEFSSXNBSGFZXzVkN3pCa0ZsUS1palR0ejZxaVRhN2JSS0lpVmRzdkFlSTZ0V2pCazhCZkJfdWcxNzVVMFpsSWFBaHltRUFMd193Y0I.;https://instagram.com/_idont1;https://twitter.com/_idont1;manal88099@icloud.com;557194647;Active;0;0
iTunes for mobile repair and accessories ;آيتونز لصيانة وبرمجة اجهزة واكسسوارات الجوالات ;2031103035;إلكترونيات واكسسورات;https://salla.sa/itunes-store;https://instagram.com/itunes_2019;;sh.1412@yahoo.com;562805405;Active;0;0
Digital Activate;التنشيط الرقمي;2055129980;حلول إلكترونية;https://digital-activate.com;;;digitalactivate95@gmail.com;550842577;Active;10;3
Duty Store;متجر الواجب;;أخرى;https://salla.sa/dutystore;https://instagram.com/duty.store1;;Basilthoughts@hotmail.com;553059739;Active;0;0
Millennials;ميلينيالز;;أخرى;http://mmillennialss.com/;https://instagram.com/mmillennialss;;customerservice@mmillennialss.com;543442101;Active;0;0
Salman Obaidullah Salman AlBishri AlHarbi Corpor;مؤسسة سلمان عبيدالله سلمان البشري الحربي للخدمات ا;4030401499;تسويق إلكتروني;https://www.tedalaldelivery.com;;;info@albeshrigroup.com;569027690;Active;0;0
ALKHAYAL;الخيال للأحذية الشرقية;;أخرى;https://alkhayal1.com;;;abdullah_w_b@hotmail.com;593115454;Not Active;0;0
;متجر امجاد;;مستلزمات المرأة;https://maroof.sa;;;meejjo511@gmail.com;502994342;Active;0;0
Revolution Coffee Store;متجر ثورة القهوة;1010659048;أخرى;https://revo-sa.com/;;;revo.coffe@gmail.com;502215507;Active;10;2
sarena sa;متجر سارينا;;مستلزمات المرأة;https://sarena-sa.com/;;;som123a200@gmail.com;573026931;Active;0;0
Good light store for lighting;متجر جود لايت للإنارة;4650191581;أثاث وديكور;https://goodlightest.com;https://instagram.com/good_light2030;;goodlight2030@gmail.com;553099109;Active;0;0
PT fayez;كابتن فايز;;أخرى;https://pt-fayez.com;https://instagram.com/pt.fayez;;fayezalmheed@gmail.com;551244937;Active;0;0
TSHYL for commercial services;تسهيل للخدمات التجارية ;4603101521;أخرى;https://twitter.com/qsrtshyle?s=09;;https://twitter.com/qsrtshyle?s=09;qsr4500@gmai.com;552257613;Active;0;0
Q7TSTORE;متجر كيو سفن تي ;;تسويق إلكتروني;https://salla.sa/q7tstore;;;q7tstore@gmail.com;541916505;Active;0;0
Fatrenz;فاترينز;1010544605;تسويق إلكتروني;https://fatrenz.com/;;;info@fatrenz.com;597567612;Active;0;0
Qapas Educational Platform;منصة قبس التعليمية;;خدمات أكاديمية;https://qapas.com/ar;https://instagram.com/qapas_app;https://twitter.com/QapasApp;support@qapas.com;565667911;Active;0;0
ALTANAWA Althahabi ;مؤسسة التنوع الذهبي الاكتروني ;4030364817;تسويق إلكتروني;https://alzahaby-nht.com/;https://instagram.com/alzahaby_nht?igshid=kyjz0ms1fx1r;;Edrisso0009@gmail.com;547221355;Active;2;3
Dremshop;متجر الاحلام الالكتروني;;إلكترونيات واكسسورات;https://dremshop.com/;https://instagram.com/dreamsshop20;https://twitter.com/DreamsShop20;dreamsshop20@gmail.com;505922752;Active;0;0
OSHQUALITY TRAINING CENTER;مركز الجودة والصحة المهنية للتدريب;2050127552;خدمات أكاديمية;https://mkan.me/oshquality;https://instagram.com/oshquality;;info@oshquality.com;501872327;Active;10;1
Ayad;اعياد;;تسويق إلكتروني;https://www.noon.com/saudi-ar/?gclid=Cj0KCQiA1pyCBhCtARIsAHaY_5e8btBpTGI7L1YOkkMVo2BJ5BIcutxz9gTa8YToKhkJfc9GZpdEQBsaAt69EALw_wcB;;;aljoryasiri@gmail.com;559789552;Active;0;0
jood  mood ;جود مود ;;تسويق إلكتروني;https://salla.sa/joodmood;;;wgdana1265@gmail.com;592622790;Active;0;0
alharf alabyad;الحرف الأبيض;3550038079;الحرف والصناعات اليدوية;https://salla.sa/alharf_alabyad?expires=1615297902&identifier=1781111654&utm_source=dashboard&signature=09eb9cd3db0d83279b516f64f6fcfddc23cdbcf8897f01273a2eb1d9ebaf36c2;;;ka3bi3@gmail.com;599242404;Active;0;0
ws shop ;متجر لتسوق ;;أخرى;https://t.me/joinchat/ulD9JT-8dck0ODRk;;;assd.5677u@gmail.com;560634941;Active;0;0
Bloom8989;تزهر;;مطبخ و مخبوزات;https://salla.sa/bloom_8989;;;Rehab5251988@hotmail.com;534854115;Active;0;0
;متجر ميعاد;;الحرف والصناعات اليدوية;https://salla.sa/miead;https://instagram.com/miead.1413;;A7sasy.1413@gmail.com;502650710;Active;0;0
avenestore ;متجر إيفين;;تسويق إلكتروني;https://bag.net.in/;https://instagram.com/avenestore.c;;avenestore.com@gmail.com;544449795;Active;0;0
;معلومات مالية;;خدمات أكاديمية;https://salla.sa/ksaeconomic;;https://twitter.com/KsaEconomic;ksaeconomiccare@gmail.com;505729010;Active;0;0
;قهوة عبيه;;مطبخ و مخبوزات;https://salla.sa/bin_eabayih;;;y-2009-ksa@hotmail.com;566056785;Active;0;0
SHADAN;شدن٠;;أخرى;https://salla.sa/shadan88?expires=1615310502&identifier=95672969&utm_source=dashboard&signature=54eff1f9132db41889b3dca4a9295b18806521296a9ff55217d0b65103759e89;https://instagram.com/shadan.535;https://twitter.com/SHADAN73447884;shadan8809@gmail.com;581685494;Active;0;0
Confused the secret of femininity; خلطة سـر الانـوثه;;مستلزمات المرأة;https://www.kalyan.sa/;https://instagram.com/non_sa40;;noofqoot@gmail.com;559165479;Active;0;0
Matjerrona;متجررونا;4700112957;أخرى;https://salla.sa/matjerrona;https://instagram.com/matjerrona;;matjerrona@gmail.com;534127412;Active;0;0
abaq7766;عبق طيبة;4650228827;أخرى;https://salla.sa/abaq7766;https://instagram.com/abaq7766;;algroe2007@gmail.com;507671893;Active;0;0
Oleen Store;متجر اولين;4030409891;مستلزمات المرأة;https://oleenstore.com;;;info@oleenstore.com;544962495;Active;0;0
fun5time;فن5تايم ;;إلكترونيات واكسسورات;https://zid.store/fun-time;;;mtlqra0@gmail.com;597707895;Active;0;0
Vehicle Time EST;مؤسسة وقت العربة التجارية;1010692552;السيارات;https://vehicle-time.com;;;Nmahnashi@gmail.com;542223339;Active;0;0
golden8store;متجر العروض الذهبية;;أخرى;https://golden8store.com/;;;info@golden8store.com;557714233;Active;0;0
Nail artist ;خبيرة أظافر ;;مستلزمات المرأة;https://api.whatsapp.com/send/?phone=9660507897870&text&app_absent=0;;;Sadeeem632422@gmail.com;507897870;Active;0;0
Aljawhri Vision for Air Conditioning ;شركة رؤية الجوهري للتكييف والتبريد;1010619791;تسويق إلكتروني;https://www.aljawhri.com;https://instagram.com/aljawhri.ac;;gm@aljawhri.com;530828078;Not Active;0;0
jtoud;جبة الطيب للعود;1010620959;تسويق إلكتروني;https://jtoud.com;;;jtoudksa@gmail.com;541440901;Active;0;0
Electronic work;وساطة واعلانات حسابات ببجي;;تسويق إلكتروني;https://t.me/pubg_reem;;;yoo89@outlook.com;533136769;Active;0;0
Brvardia print;بوفارديا لطباعة ;;تسويق إلكتروني;https://salla.sa/thepearl75;;;t23388630@gmail.com;533213347;Active;0;0
brosha shop;بروشا شوب ;;الحرف والصناعات اليدوية;https://salla.sa/brosha.shop;;;bro0o.a@hotmail.com;598255145;Active;0;0
Thehappy hideout;المخبأ السعيد;;أخرى;https://salla.sa/thehappy_hideout/OwOWPo;https://instagram.com/thehappy_hideout;;njood_f_2@icloud.com;502366187;Active;10;3
AWAIN;ع وين ;5851876732;تسويق إلكتروني;https://apps.apple.com/app/id1542788981;;;aawain2020@gmail.com;500351882;Active;0;0
aljwharahalfedyah;الجوهرة الفضية;;أخرى;https://salla.sa/silver-jewelery;;;aljwharah.alfedyah@gmail.com;593460045;Active;0;0
ENJOY ITT;استمتع بها;1117103230;أخرى;https://enjoyitt.com/;;;mamr111169@gmail.com;543111169;Active;0;0
 Aziz store;متجر عزيز ببجي;;تسويق إلكتروني;https://t.me/joinchat/8tnPER1YW2w2Y2Rk;;;Itte12.aziz@gmail.com;582102986;Not Active;0;0
2MORE;شركة تمور المتخصصة للتمور;1010460537;أخرى;https://www.2MORE.as;https://instagram.com/2moresa;https://twitter.com/2More_sa;Malomar@tmyaz.com;535501800;Active;0;0
labib gate;بوابة لبيب;4030380352;إلكترونيات واكسسورات;https://labibgate.com/pages/terms-and-conditions;https://instagram.com/labibgate;;labibgate@gmail.com;500746639;Active;0;0
prettystyleshop;بريتي ستايل;;مستلزمات المرأة;https://prettystyleshop.com/;;;prettystyleshop1@gmail.com;545353048;Active;0;0
Love Store;متجر لوفا;;تسويق إلكتروني;https://salla.sa/lova_store;;;A7mad.Alsubaie@hotmail.com;547955716;Active;10;1
Tallahshop;طله شوب;1010614136;أخرى;https://tallahshop.com/;https://instagram.com/tallahshop;https://twitter.com/tallahshop;info@tallahshop.com;533060336;Active;0;0
takafulalmujtamea;تكافل المجتمع;4030388741;تسويق إلكتروني;https://takafulalmujtamea.com/ar/;https://instagram.com/takafulalmujtamea;;info@takafulalmujtamea.com;581571001;Active;10;1
Dihleez Tour Operating Company;شركة دهليز لتنظيم الرحلات;1010618663;أخرى;https://www.dihleez.com;;;amr@pheelexperience.com;590200202;Active;0;0
Buharstation;بهارستيشن;4030408851;تسويق إلكتروني;https://buharstation.com;https://instagram.com/buhar.station;;buharstation@gmail.com;544339055;Active;0;0
Kawkab io;كوكب الحلول الذكية لتقنية المعلومات;1131308796;حلول إلكترونية;https://kawkab.io;;;asim@kawkab.io;551558164;Active;10;1
haraj dar alfarss;حراج دار الفارس للأغنام والمواشي والأبل;4030404279;تسويق إلكتروني;https://dar-alfarss.com/;;https://twitter.com/2ASjvzwR4YqOZEK;dar_alfariss@hotmail.com;536688699;Active;0;0
synchyhome;سينكي هوم;1010573144;إلكترونيات واكسسورات;https://synchyhome.com;https://instagram.com/synchyhome;;leafksa@gmail.com;558415323;Active;0;0
Digital Store Products;متجر المنتجات الرقميه;;حلول إلكترونية;https://desstu.com;;;des.stu22@gmail.com;580147660;Not Active;0;0
origin oud;اصل العود ;;أخرى;https://salla.sa/orginic.oud;;;mohzem.15373@gmail.com;545095595;Active;0;0
Reemoushstyle ;ريموش استايل ;;مستلزمات المرأة;https://reemoushstyle.com/;;;Reemoush1@gmail.com;506602491;Active;0;0
wall tato;تاتو جداري;;تصميم وطباعة;https://tatonf.com/;;;tatto.nf@gmail.com;532233582;Active;0;0
Fahad for oud;فهد للعود ;;أخرى;https://salla.sa/fahadalaoud;;;abo_jarah101@hotmail.com;581882211;Active;0;0
pure water sweetnessc for tradeing;مؤسسة عذوبة المياه النقية للتجارة;1010617874;تسويق إلكتروني;http://www.spwksa.com;;;spw2030@gmail.com;535292474;Active;0;0
Osama at;أسامة;;أخرى;https://wa.me/message/SJRPO6LPI3V6C1;;;osamaalthaqafi@hotmail.com;546474259;Active;0;0
manalart;منال ارت;;أخرى;https://salla.sa/manal_art?expires=1615285921&identifier=1012252772&utm_source=dashboard&signature=7c40a3750e90eaf04964ea7a538370a6e95b19e1a84b702aa659145b857ca159&_gl=1*1wrr2ig*_gcl_aw*R0NMLjE2MTUxODI5MjMuQ2p3S0NBaUFrSktDQmhBeUVpd0FLUUJDa2lJZVpKeDZBMHpzYkJPNjBYUnFhMWRjcWZaX095TjdXOXV3eGxPM09jS0h4YWc0M0k5Vzh4b0NtMFVRQXZEX0J3RQ..;;;manal.almutawa7@gmail.com;558391253;Active;0;0
Life Sciences International;علوم الحياة الدولية للتجارة;;تسويق إلكتروني;http://www.lsi.com.sa;;;riyadh@lsi.com.sa;505888332;Active;0;0
roon shop;متجر روون ;1010473218;أخرى;http://www.roonshop.com/;;;farasan.altaswiq@gmail.com;566687766;Active;0;0
Ultimate Peaks;ألتميت بيكس;;إلكترونيات واكسسورات;http://www.ultimatepeaks.com/;;;store@ultimatepeaks.com;582344881;Active;0;0
Tiso;تايزو;;أخرى;https://salla.sa/tiso;;;TisoStoreSa@gmail.com;566444110;Active;0;0
28-نوفمبر;مقهى ومحمصة 28 نوفمبر ;1131305844;أخرى;https://28nov-r.com/;;;28nov.order@gmail.com;555834408;Active;0;0
Foxstore;فوكس ستور;;تسويق إلكتروني;https://foxarshop.com/;;;nasser125d@gmail.com;501231069;Active;0;0
maknaz for training  designing websites and estors;المكنز للتدريب على تصميم المواقع والمتاجر ;;حلول إلكترونية;https://salla.sa/maknaz;;;aalamry2@gmail.com;504518588;Active;0;0
TaPharma;تقينة الدواء;1010257701;تسويق إلكتروني;https://www.tawksa.com;https://instagram.com/tawpharma;;e-marketing@tawksa.net;552101109;Active;0;0
wuhah;وحاة;;الحرف والصناعات اليدوية;http://wuhah.sa;;;wuhah.sa@gmail.com;533579227;Active;0;0
Hobby For All;هوبي للجميع;1010630145;أخرى;https://www.hobbyksa.com/;;;n.alammar@hobbyksa.com;546867445;Active;0;0
First Step0;أول خطوة ;;أخرى;https://firststep0.com/;https://instagram.com/firststep.k0;;FirstStep.k0@gmail.com;565412272;Active;10;1
Omkald;ام خالد للتسمين;1131312156;تسويق إلكتروني;https://maroof.sa/153084;;;nerahalharbi@gmail.com;582006164;Not Active;0;0
PUBG basket store for digital products ;متجر سلة ببجي للمنتجات الرقمية ;;تسويق إلكتروني;https://salla.sa/saponksa;;;mohkhal2015112k@gmail.com;571840535;Not Active;0;0
WAMDH ACADEMY;ومض العربية  للاتصلات وتقنية المعلومات;;خدمات أكاديمية;https://wamdh.net/ar;;;info@wamdh.nat;553264299;Active;0;0
jumla tech company trading;شركة جملة تقنية للتجارة;1010578395;حلول إلكترونية;https://www.jumla.sa;;;ali@jumla.sa;555146550;Active;0;0
;منحوتات;;الحرف والصناعات اليدوية;https://salla.sa/hussain.designs;;;hussaindesigns1@gmail.com;503366434;Active;0;0
Ecomsocity;موقع لخدمات التصميم الجرافيكي;;تصميم وطباعة;https://ecomsocity.com;https://instagram.com/ecomsocity;;Support@ecomsocity.com;594223733;Not Active;0;0
athman alteeb;أثمان الطيب;;أخرى;https://salla.sa/a-t;https://instagram.com/athman.alteeb;;athman.alteeb@gmail.com;501360973;Active;0;0
Shubah Platform;منصة شعبة;4030406869;حلول إلكترونية;https://shubah.com;;;Falshaheen90@gmail.com;560660694;Active;0;0
;متجر الروقيه;;مستلزمات المرأة;https://maroon.sa;https://instagram.com/xix5f;;meejjo511@gmail.com;502994342;Not Active;0;0
  Digital marketing wedad;تسويق رقمي;;تسويق إلكتروني;https://4x8.short.gy/wedad;;;wmsy93@gmail.com;501443632;Active;0;0
Luay Designer;المصمم لؤي ;;تصميم وطباعة;https://www.luayshaarani.com;https://instagram.com/lo_sh3;;Weare.losh3@gmail.com;582683395;Not Active;0;0
anaq UC; متجر الاناقه;;تسويق إلكتروني;https://t.me/uc_pubg_anaq;;;zokrot321@gmail.com;582741849;Not Active;2;1
albda3 pls; متجر الابدأع بلس;;تسويق إلكتروني;https://t.me/uc_pubg_khalij;;;zokrot321@gmail.com;582741849;Not Active;0;0
montage 89;مونتاج فيديو;;تصميم وطباعة;https://salla.sa/montage_89;https://instagram.com/norah_m_al;https://twitter.com/norah_m_al_;norahmal21212121@gmail.com;504203483;Active;0;0
RASHAH PERFUME;متجر رشة للعطور;;تسويق إلكتروني;https://rashah-pr.com/;;https://twitter.com/rashahpr;ugdfhd5@gmail.com;552445973;Active;0;0
rooxmini;متجر روز ميني  ;;أخرى;https://salla.sa/sweet.mini;;;ksa3009@gmail.com;580033442;Active;0;0
Alkebdworld;عالم الكبدة;1010673105;مطبخ و مخبوزات;https://goo.gl/maps/U9g3a6cjAPrYtHvw7;https://instagram.com/alkebdaworld;;Alkebdaworld@gmail.com;533992522;Active;0;0
UCBUY; المتميز;;أخرى;https://twitter.com/UC_BUY;;https://twitter.com/UC_BUY;yahyaalsehame@gmail.com;554282265;Active;0;0
Lip gloss eemah ;ليب غلوس ايما;;مستلزمات المرأة;https://salla.sa/lipgloss_eemah;https://instagram.com/lipgloss_eemah;;Reemaht180@gmail.co;552768407;Active;0;0
Shaima Perfumes;شيماء العطور ;4030190806;تسويق إلكتروني;https://www.shaimaa-k.com;;;i2i-2005@hotmail.com;566998001;Active;0;0
ALL of  you;أول أف يو;1010581265;أخرى;https://allofyousa.com/;https://instagram.com/allofyousa;;allofyou.sa@gmail.com;507255435;Active;0;0
Selling PUBG accounts2;بيع شدات وحسابات ببجي فقط;;تسويق إلكتروني;https://t.me/Jwh_m7;;;Euwiwowkwj@hotmail.com;551441781;Not Active;0;0
athralteeb;أثر الطيب;5810432056;أخرى;https://athralteeb.com;;;athralteeb@gmail.com;553466139;Active;0;0
golds name;جولدز نايم;1010689265;مستلزمات المرأة;https://www.goldsname.com/;;;goldsname@hotmail.com;597060082;Active;0;0
Rafad2021;محمصة رفد;;أخرى;https://rafad2021.com/;;;GMC-454-8100@hotmail.com;559737369;Active;0;0
SOUL BOUTIQUE;بوتيك الروح ;2053118168;مستلزمات المرأة;https://soulboutique90.com/;https://instagram.com/soul.boutique90;;soul.boutique90@gmail.com;504666085;Active;0;0
Hashtag Nine Cafe;هشتاق ناين كافيه;1010999489;مطبخ و مخبوزات;https://hashtagnine.com/;https://instagram.com/hashtagninecafe;;Support@hashtagnine.com;507656769;Active;0;0
Jeddah express ;جدة اكسبريس;;تسويق إلكتروني;https://jeddahexpress.com/;;;Y2k501@hotmail.com;564183406;Active;0;0
WaledUC;متجر الوليد لشحن الشدات;;تسويق إلكتروني;https://salla.sa/waled112;;;amshl8158@gmail.com;501794292;Active;10;1
bkhouse;بيكرى هاوس ;;مطبخ و مخبوزات;https://salla.sa/bk_house;;;bk.hous12@gmail.com;590360922;Active;10;1
Smart Tracks for Trading Est;مؤسسة مسارات الذكاء للتجارة;1010690090;أخرى;https://www.smarttracks-sa.com;;;info@smartline-sa.com;537770403;Active;0;0
 mazad barakkh ;مزاد بركة;;تسويق إلكتروني;https://www.barakkh.com;;;barakkh@outlook.sa;599190602;Active;0;0
storetakecare;متجر إعتناء;;خدمات أكاديمية;https://salla.sa/storetakecare;https://instagram.com/take_care190;;tcare190i@gmail.com;583205542;Active;0;0
Mangad;منقد;;أخرى;https://salla.sa/mangad?expires=1615232197&identifier=208563323&utm_source=dashboard&signature=498c89cef2426f84dd17a6bbc381ad4d61cfe68f10b07ee6ca3bb8da40a25527&_gl=1*1n8b20r*_gcl_aw*R0NMLjE2MTUyMjgyMjMuQ2owS0NRaUFzNWVDQmhDQkFSSXNBRWhrNHI1QS1vNzhoZXlpMWR2NWMwNWo3SVZmaVhsV0NoRlpqV1M1aUEzVVZPVktWUmZ2Y1dDZHdTUWFBbVNqRUFMd193Y0I.;;;zwashmi@gmail.com;530708137;Active;0;0
Helping hand Academy service;خدمات الكترونية 7;;خدمات أكاديمية;https://twitter.com/_helpinghand7?s=21;;https://twitter.com/_helpinghand7?s=21;rneem.s.alothman@gmail.com;532535399;Active;0;0
KAYAN bedtime stories App;أحمد يحيى ادريس الهوساوي;4031239129;أخرى;http://www.kayanapp.com;;;kids_bedtime.stories@hotmail.com;507654560;Active;0;0
princes store for oud and perfumes;متجر الأمراء للعود و العطور;2051230514;أخرى;https://princessoud.com;;;princes1oud2and3perfumes@gmail.com;554818016;Active;0;0
Vitalia;فيتاليا;;تصميم وطباعة;https://iwtsp.com/966552766516;;;Rwobes@gmail.com;557266516;Active;0;0
shdn;شدن للعبايات;;مستلزمات المرأة;https://www.maroof.sa.shdn/;;;reemda976@gmail.com;552468891;Active;0;0
Bod;بود;;تسويق إلكتروني;https://salla.sa/2q5s;https://instagram.com/2q5s;;pop32681@gmail.com;568226409;Not Active;10;4
;الطباعه على الشوكلت;5855345029;مطبخ و مخبوزات;https://salla.sa/jojo_chocolate;https://instagram.com/jojo_chocolate99;;jojo9740jojo@gmail.com;502253308;Active;0;0
;المزروع للزعفران;;أخرى;https://salla.sa/ze3fran_almazroua;https://www.instagram.com/ze3fran_almazroua/;;ze3fran_almazroua@hotmail.com;570858518;Active;0;0
mohaireqal;خياط عقال المهير للخياطة;4030268991;تسويق إلكتروني;https://www.mohaireqal.com;https://instagram.com/mohaireqal;https://twitter.com/mohaireqal;mohaireqal@gmail.com;564540454;Active;0;0
DCanceled;عمل ملغي ;1010674235;تسويق إلكتروني;https://salla.sa/pubgcorner;;;Xwcc11@gmail.com;581043213;Active;0;0
hug;ضمة;;تسويق إلكتروني;https://zid.store/hug-7/;https://instagram.com/lhug_7;https://twitter.com/lhug_7;hug.am7@gmail.com;594383500;Active;0;0
Abdul hameed marei   Al houshan  ;مؤسسة عبدالحميد مرعي حسن الحوشان للعطور;1010692626;مستلزمات المرأة;https://salla.sa/houshan;;;i.houshan9@gmail.com;545933539;Active;0;0
Collection Store;كولكشن ستور ;;إلكترونيات واكسسورات;https://salla.sa/collection_store?preview=true;;;dhom7288@gmail.com;593499557;Not Active;0;0
A85shop;متجر عبدالله المشرف;;أخرى;https://web.zid.sa/;https://instagram.com/a85shop;;abdullah@a85.me;508948188;Active;0;0
Little Beauties;الجميلين الصغار;;أخرى;https://salla.sa/little.beauties/;;;fatimah.a.alfulful@gmail.com;541227792;Active;0;0
Halwa madina;حلوى المدينة;;مطبخ و مخبوزات;http://salla.sa/halwa;;;halwa.madina1@gmail.com;546155811;Active;0;0
;حلويات الفخامة;;مطبخ و مخبوزات;https://maroof.sa/addbusiness/AddBusinessWizard;;;alashwag334@gmail.com;592513024;Not Active;0;0
CloudsSTORE;غيم ستور ;2251498744;إلكترونيات واكسسورات;https://fcstoreksa.com/;;;store80@outlook.sa;583454473;Active;0;0
Mubkhar Al Thuraiya;مبخرة الثريا;4030384865;أخرى;https://mubkharaalthuraiya.com;https://instagram.com/mubkhar100;https://twitter.com/MubkharT;falmrwany686@gmail.com;548154540;Active;0;0
 case featured;كايس فيت شيرد;4031249130;أخرى;https://casefeatured.com/#;https://instagram.com/case_featured91;;case.featured91@gmail.com;566117846;Active;0;0
Noon electronic services; خدمات إلأكترونية عامة;;حلول إلكترونية;https://twitter.com/niil27_?s=21;;https://twitter.com/niil27_?s=21;An.i97nnn@gmail.com;562048678;Active;0;0
Firmglobalsa;متجر فيرمل جلوبل;;تسويق إلكتروني;https://salla.sa/printerthermal;;;Firmglobalsa@gmail.com;558787902;Active;0;0
DOMOV;دوموف;1010690487;أخرى;https://salla.sa/domov?expires=1614882932&identifier=114653516&utm_source=dashboard&signature=ceddd0d58d1ad54e791a7bc9a22a19ad0c0e93be228a67121b4615df74146bec&_gl=1*boh7qi*_gcl_aw*R0NMLjE2MTQ4NzczMDIuQ2p3S0NBaUFwNEtDQmhCNkVpd0F4UnhicEVJNDBHWjIyaE9OQ29WVGJuTmsyX1hjdDlTX2pKX0k5UVMwUHQwZTJ2Q1pjY0pmRGwtZDVob0NyeTRRQXZEX0J3RQ..;https://instagram.com/domov_;https://twitter.com/DOMOV_;Est.domov@gmail.com;501440187;Active;0;0
Moonzaa;مونزا;4030271728;أخرى;https://moonzaa.com;https://instagram.com/moonzaa2;https://twitter.com/emalls_company;mzamkah@gmail.com;500666733;Active;0;0
MUSTAFA M BRNAWI;مصطفى محمد علي برناوي;;تسويق إلكتروني;https://www.maroof.sa;;;importent1@hotmail.com;556254730;Active;0;0
Matjaraltarf;الترف;;مستلزمات المرأة;https://salla.sa/matjaraltarf;https://instagram.com/matjaraltarf;https://twitter.com/matjaraltarf;Matjaraltarf@gmail.com;509508155;Active;0;0
belive Creative  studio ;مؤسسة بليف للدعاية والاعلان ;;تصميم وطباعة;https://www.behance.net/belivestudio1;;;belive.studio.sa@gmail.com;504122412;Active;0;0
ATA Trading Establishment;مؤسسة أتى للتجارة;1010694259;أخرى;https://salla.sa/ata_store;;;ATA.accs@gmail.com;544181942;Active;0;0
TAMARATY ;متجر تمراتي;;مطبخ و مخبوزات;https://tamaraty.com/;;;Tamaraty9@gmail.com;502970314;Active;0;0
Bees Forest ;غابة النحل;1010630556;تسويق إلكتروني;https://bees-forest.com/;;;Beesfo@gmaill.com;501303042;Active;0;0
Fangtuz ;فانغتوز;;أخرى;https://salla.sa/fangtuz;https://instagram.com/fangtuz;;fangtuzshop@gmail.com;500521565;Active;0;0
glowabaya;قلو عباية;;مستلزمات المرأة;http://mapp.sa/;;;CaI27703@gmail.com;550118550;Active;0;0
DHXSA;دي اتش اكس اس اي;;حلول إلكترونية;HTTPS://DHXSA.ME;;;dhafer.x@gmail.com;542519226;Active;0;0
Sketch designs;سكتش للتصاميم;1010499227;مستلزمات المرأة;https://the-sketch.net/admin/index.php?route=report/customer_online&token=xX78ig4hHhEsutnpRBS4pM1k6WHhq67r;;;Orchid-fashion@hotmail.com;509653464;Active;0;0
Unique Souveniir EST;مؤسسة ذكرى فريدة التجارية;2050143166;حلول إلكترونية;https://m3lomatti.com;https://instagram.com/m3lomatti;;m3lomatti@gmail.com;541174294;Active;0;0
S web site;منصة إس;4030390713;تسويق إلكتروني;https://sss.sa.com/;;;fekralsafwh1@gmail.com;592726666;Active;0;0
;بوابة الحلول ;1010679405;تسويق إلكتروني;https://www.adriverz.com;;;adriverz2020@gnail.com;559902008;Not Active;0;0
smart website;موقع سمارت;4032239350;أخرى;https://smart0.co/;https://instagram.com/smart0_s;;info@smart0.co;538989332;Active;0;0
ROLE and SHINE;رول اند شاين;;مستلزمات المرأة;https://salla.sa/roleandshine;;;roleandshine@gmail.com;538660655;Active;0;0
ANANDAMIDE;أنانداميد;;مطبخ و مخبوزات;https://salla.sa/anandamide;https://instagram.com/anandamide1;;anandamide111@gmail.com;554850042;Active;0;0
Umm Asayel for productive families;ام اصايل للاسر المنتجة;;مطبخ و مخبوزات;https://maroof.sa/Home/Faq;;;sghfdujg@gmail.com;530383937;Active;0;0
AS coffee;أ س للقهوه;2511120370;أخرى;https://ascofe.com/;https://instagram.com/as_cofee;;as.coffee6@gmail.com;500917105;Active;0;0
female luxury trading establishment ;مؤسسة ترف أنثى التجارية ;4030404632;أخرى;https://souq.com;;;musaadaljohani1996@gmail.com;564106002;Active;0;0
My Bshirt;بي شيرتي;;أخرى;https://mybishrt.com;;;info@mybishrt.com;504922021;Active;0;0
RASOS;راسوس;;تسويق إلكتروني;https://zid.store/rasosperfumes;;;rasosperfumes@gmail.com;564694021;Active;0;0
Takamul Alafaq Shop;متجر تكامل الآفاق;5855347496;إلكترونيات واكسسورات;https://zid.store/takamulalafaq;https://instagram.com/tak_af1;https://twitter.com/Tak_af1;takamul.af@gmail.com;591144013;Active;10;1
haifa store2021;متجر هيفا;;تصميم وطباعة;https://salla.sa/emily_store2021;;;haifaaghamdi2@gmail.com;505740001;Active;0;0
kadi and ramadi;مؤسسة كادي ورمادي ;4030159102;تسويق إلكتروني;http://www.kadiandramadi.com/?post_type=product;;;kadiandramadi@hotmail.com;504270707;Active;0;0
80SOLID;٨٠سوليد;2053114386;تسويق إلكتروني;https://80solid.com;;;mahdialshammasiest@gmail.com;558366313;Active;0;0
Edrak store;متجر ادراك;4030405807;أخرى;https://edrakstore.com/;https://instagram.com/edrakstore;https://twitter.com/edrakstore;hello@edrakstore.com;553344591;Active;0;0
Fresh Water Laundries;مغاسل الماء العذب;;أخرى;https://fwlaundry.com/;;;rush9992@gmail.com;537169992;Active;0;0
White beach  for entertainment;شركة الشاطئ الأبيض للترفيه;4700018701;أخرى;https://www.wtbeach.com/;;https://twitter.com/wtbeach1;info@wtbeach.com;505336099;Active;0;0
selling men clothes;بيع الملابس الرجالية;4030409797;تسويق إلكتروني;https://sevenm-fashion.myshopify.com/?key=b1c63987213555517f4ff1b3e13d57587b9472d018258d58e7a956ab94b800b3;;;sevenmfashion@gmail.com;554109108;Active;0;0
Reduction store 1;متجر التخفيضات١;;إلكترونيات واكسسورات;https://salla.sa/a0577884482.com;;;Aasd1133@icloud.com;577884482;Active;0;0
21century ;القرن الواحد وعشرون;;أخرى;https://21ceentury.com/;;;Mybrand.21century@gmail.com;592405913;Active;0;0
AlKofee Calligraphy;فن الخط الكوفي;;أخرى;https://salla.sa/m.i.k.com;https://instagram.com/mariamik3;https://twitter.com/M2_calligraphy;mimk2002@gmail.com;531528940;Not Active;0;0
CarClean;كار كلين;2250066672;أخرى;https://www.CarClean1.com;;;Alihmn5@gmail.com;540775321;Active;0;0
Knowledge Development Training ;شركة تنمية المعرفة للتدريب ;4030406366;خدمات أكاديمية;https://kdt-edu.com/;;;abdullah.magboul@gmail.com;505652053;Active;10;1
;خدمات تسويق الكتروني عبر المنصات الرقمية  للغير;5850130534;تسويق إلكتروني;https://www.businessimprin.com;;;businessimprin@hotmail.com;590772275;Active;0;0
Shurooq store;متجر شروق للإستيراد بالجملة والبيع عبر الإنترنت ;;تسويق إلكتروني;https://shoroq-sa.com/;;;sb1111@hotmail.com;503145092;Active;0;0
wasylh;وسيلة;4030407558;تسويق إلكتروني;https://wasylh.odoo.com/;;;wasylh.net@gmail.com;544088080;Active;0;0
Mansour3D;منصور للطباعة ثلاثية الابعاد;;تصميم وطباعة;https://salla.sa/mansour3d;;;alshatabm@gmail.com;503875793;Active;0;0
Jayek;جايك;1010687446;تسويق إلكتروني;http://jayek.info;;;bbaann41@gmail.com;559043098;Active;0;0
Munjz technology;مؤسسة منجز لتقنية نظم المعلومات;4030409112;حلول إلكترونية;https://mnjz.sa;;;Ifawazsh@gmail.com;594004115;Active;0;0
Pinki world;عالم وردي;;تسويق إلكتروني;https://salla.sa/setpink_;https://instagram.com/setpink_;https://twitter.com/setpink_;setpink_@hotmail.com;500932008;Active;0;0
Delsha;دلـشـا ستور ;4700113363;مستلزمات المرأة;https://zid.store/delsha/;;;delshacare@outlook.com;548101192;Active;0;0
;شركة الطلب السريع للتسويق الالكتروني ;4030797110;تسويق إلكتروني;https://www.fastorder.com;;;ab@fastorder.com;543008000;Active;0;0
Glamource shop;جلامورسيه شوب;;مستلزمات المرأة;https://salla.as/glamourceshop;;https://twitter.com/glamourceshop;Wejdanalsaedi_@hotmail.com;500241167;Active;0;0
DHGY STORE;متجر دي حجي;;تسويق إلكتروني;https://salla.sa/dhgy;https://instagram.com/dhgy;;dhgystore@outlook.com;542515141;Active;0;0
2030ALlujain;اللجين للتمور;;تسويق إلكتروني;https://salla.sa/lujain_dates;;;h000s111n@hotmail.com;581716553;Active;10;1
The Witcher;ذا ويتشر;;أخرى;https://t.me/TheWitch0;;;hatemdk211@gmail.com;549145114;Active;4.7;6
oudi altaeb;عودي للطيب;;أخرى;https://oud-i.com;;;ask.oudi@gmail.com;501619802;Active;10;3
Mohammed Saleh AlMunasif;محمد صالح المنسف;;تصوير;Https://www.almunasif.com/;;;munasif.iphone@gmail.com;568886111;Active;0;0
Soft Angle;الزاوية الناعمة;4030408889;إلكترونيات واكسسورات;https://softangle.store/;;;naifceo@outlook.com;590229051;Active;0;0
Shops  Integrated ecommerce platform;شوبز منصة التجارة الالكترونية المتكاملة;;حلول إلكترونية;https://shops.sa;;;info@shops.sa;552296600;Active;0;0
aviewl;افيول عبايه;;أخرى;https://salla.sa/fashion.house;;;raeem.sm@icloud.com;538119461;Active;0;0
Collection Patchouli ;مجموعة باتشولي ;;أخرى;https://salla.sa/patchouliperfum/cart;;;ip_1@outlook.sa;548712035;Active;0;0
ENGAZ SARI3 TELECOME;الانجاز السريع للاتصالات;5906110468;إلكترونيات واكسسورات;https://www.engazsari3.com;https://instagram.com/engaz_sari3;https://twitter.com/engaz_sari3;engaz.s.f.m@gmail.com;580920433;Active;10;1
crazy colors;الالوان المجنونة;;تسويق إلكتروني;https://crazycolorsksa.com/;;;crazy.socks344@gmail.com;501030558;Not Active;0;0
KaSpeR Shop;كاسبر شوب;;تسويق إلكتروني;https://salla.sa/kaspershoping;;;Paypal4266@icloud.com;501677360;Not Active;0;0
1sekka;سكة ١;1010698429;تسويق إلكتروني;https://www.sekka1.com;https://instagram.com/sekka1.sa;;tareqaldraa@gmail.com;547410552;Active;10;4
maksir;مكسر;1010667149;أخرى;https://maksirsa.com/;;;maksiir@hotmail.com;562047260;Active;0;0
Iswarati;إسوارتي;;تسويق إلكتروني;https://www.iswarati.com;https://instagram.com/iswarati_com;;tahanikamal5@gmail.com;546455457;Active;0;0
International Academy for Educational Structure;الاكاديمية الدولية للهيكل التعليمي ;;خدمات أكاديمية;http://www.maroof.sa/talentedu;;;info@hikalacademy.org;546287438;Active;0;0
Netflix;متجر نتفلكس الافضل ;;تسويق إلكتروني;https://salla.sa/netflix.abrahem.com;;https://twitter.com/h110hl;abrahem1311@gmail.com;550335468;Active;0;0
Tzaint; تزينت للعناية ;4650228562;مستلزمات المرأة;Https://tzaint.com;;;tzinat3@gmail.com;539313580;Active;0;0
Charger corner ;ركن الشواحن;;إلكترونيات واكسسورات;https://charger-corner.com/;;;e.7ewx0@gmail.com;506550104;Not Active;0;0
The first market for secured caravans;سناب السوق الاول للكرفانات المضمونه ;;تسويق إلكتروني;https://twitter.com/khaledalbaag;;https://twitter.com/khaledalbaag;khaledalbaag@gmail.com;503419415;Active;0;0
pinkbeautysa;بنك بيوتي السعودية;;أخرى;https://salla.sa/pinkbeauty;https://instagram.com/pinkbeauty_sa;;pinkbeauty.sa@gmail.com;544893937;Active;0;0
Beauty Date;بيوتي ديت;;تسويق إلكتروني;http://beautydate.live/;;;ohoodhindi@gmail.com;563651121;Active;0;0
18g;ادوات قهوه;;أخرى;https://salla.sa/tols.18.com?expires=1615156718&identifier=568583485&utm_source=dashboard&signature=3ea23ba55171ffe707aacfb1d4587e44a38e323ad68ddd5e4e22d3ec64574991;;;turki799@icloud.com;549640311;Active;0;0
Maryam Saleh AlMutairi Trading Est;مؤسسة مريم صالح المطيري للتجارة;1010692081;مستلزمات المرأة;https://salla.sa/mri_2;;;zin.160@hotmail.com;532651765;Active;0;0
Swarmss;سوارماس   ;;مستلزمات المرأة;https://salla.sa/rossetti?expires=1616527228&identifier=1767731492&utm_source=dashboard&signature=72fe8749f8a4f0f31b3910301b3ef8af71eb3a37805f74a21e56160d86916b80;;https://twitter.com/Rossetto_com;Pan.perfumee@gmail.com;500000000;Active;0;0
ibdashop;متجر ابداع الالكتروني;;إلكترونيات واكسسورات;https://www.ibdashop.com;https://instagram.com/ibdashop;https://twitter.com/ibdashop;a.naji@outlook.com;505922752;Active;0;0
Alzameaa Oud and Perfumes Store;متجر الزميع للعود والعطور;;أخرى;https://salla.sa/alzmeaa?expires=1615147222&identifier=1853541702&utm_source=dashboard&signature=1805b969ad6745af4f565c32466135b361c225e829f458e28ee5a9428328e63a;;;alzamea-2021@hotmail.com;550216188;Active;0;0
 fish fresh kse;فش فرش;1010689026;أخرى;https://fish-fresh.com/?expires=1615152976&identifier=2130388897&utm_source=dashboard&signature=d4ec9c2224ce9d22c9c8bceeb67e12ac7940aa8d6e7ee8099a1e6c8d447cea95;;;fish.fresh.ksa@gmail.com;552203600;Active;0;0
alanaqa;متجر الاناقة للازياء;4030176458;مستلزمات المرأة;https://salla.sa/alanaqa1990;https://instagram.com/alanaqa1990;;alanaqa1990@gmail.com;580372330;Active;0;0
bytaka7la;بيتك أحلى;;أخرى;https://bytaka7la.com;https://instagram.com/bytaka7la;https://twitter.com/bytaka7la;rami@bytaka7la.com;501215851;Active;0;0
Tawal Digital Marketing;توال للتسويق الالكتروني;1010691439;تسويق إلكتروني;http://tawal.net;;;info@tawal.net;508479898;Active;0;0
;متجر أوبيرون ;;أخرى;https://salla.sa/oberon;;;Abbasali20@live.com;544782734;Active;0;0
Baked MA;مخبوزات ام اي;;مطبخ و مخبوزات;https://salla.as/ma-ma-baked7505;;;Monaalzeer7@gmail.com;547979696;Active;0;0
art ruba;ارت ربى ;;الحرف والصناعات اليدوية;https://rubaart.com/;https://instagram.com/artruba1;;art-ruba@hotmail.com;532575768;Active;10;2
afiaa taiba dates store;متجر افياء طيبة للتمور;;تسويق إلكتروني;https://www.afiaataiba.com;https://instagram.com/afiaataiba;https://twitter.com/afiaataiba;afiaataiba@gmail.com;548448353;Active;0;0
DOLLARS;دولارز;;تسويق إلكتروني;https://t.me/dollarss2;;;Sultanx11065@gmail.com;559326481;Active;0;0
OTOR;عطور نفس العود;;أخرى;https://lamasat-aljood.com/;;;mozh8064@gmail.com;531113566;Active;0;0
Shuhin;متجر شوهين;;تسويق إلكتروني;https://shuhin.com;https://instagram.com/shuhin_store;;shuhinofficial@gmail.com;592110695;Not Active;0;0
BETOON KSA;بيتون السعودية;1010480648;أثاث وديكور;https://salla.sa/www.betoon.sa;;;betoonksa@gmail.com;509633644;Not Active;0;0
alrwassi;الرواسي;2050082577;تسويق إلكتروني;https://alrawassi.com.sa/ar;;;yafa-tec@outlook.com;504612070;Active;0;0
Rama store;راما ستور;;أخرى;https://salla.sa/iramastore?expires=1615143371&identifier=229942909&utm_source=dashboard&signature=183eb368d8f6513b40f5810df0a477a0388148e9cd4660e67b6edaffacc4e494&_gl=1*18kl8vw*_gcl_aw*R0NMLjE2MTUxMzk1MTEuQ2p3S0NBaUFrSktDQmhBeUVpd0FLUUJDa2xGSkxobWxXRGR3aTVsazk4b20zUGZqY0djbDNsOWRUWXB5WXRTNTN0NGh4N0ZmYk1WX1FCb0NiZU1RQXZEX0J3RQ..;;;iramastorei@gmail.com;500323988;Not Active;0;0
AtoZ;أي تو زي;;خدمات أكاديمية;https://www.atoz-tutoring.com;;;support@atoz-tutoring.com;548864995;Active;0;0
